/*
Navicat MySQL Data Transfer

Source Server         : localhost
Source Server Version : 50620
Source Host           : localhost:3306
Source Database       : sosamerica

Target Server Type    : MYSQL
Target Server Version : 50620
File Encoding         : 65001

Date: 2016-04-29 20:50:56
*/

SET FOREIGN_KEY_CHECKS=0;

-- ----------------------------
-- Table structure for activaciones
-- ----------------------------
DROP TABLE IF EXISTS `activaciones`;
CREATE TABLE `activaciones` (
  `id_sms` int(11) NOT NULL AUTO_INCREMENT,
  `remitente` varchar(100) NOT NULL,
  `mensaje` varchar(160) NOT NULL,
  `fecha_hora` varchar(30) NOT NULL,
  `estado` varchar(1) NOT NULL DEFAULT '1',
  `origen` varchar(15) NOT NULL,
  `destino` varchar(15) NOT NULL,
  `id_usuario` int(11) NOT NULL,
  `lat` varchar(12) NOT NULL,
  `lon` varchar(12) NOT NULL,
  `tipo_llamada` varchar(75) NOT NULL,
  `municipal` int(1) NOT NULL DEFAULT '0',
  PRIMARY KEY (`id_sms`),
  KEY `id_usuario` (`id_usuario`) USING BTREE,
  KEY `tipo_llamada` (`tipo_llamada`) USING BTREE,
  KEY `municipal` (`municipal`) USING BTREE
) ENGINE=MyISAM AUTO_INCREMENT=1072 DEFAULT CHARSET=latin1;

-- ----------------------------
-- Records of activaciones
-- ----------------------------
INSERT INTO `activaciones` VALUES ('828', 'Sosclick', 'GREGORIO ARGOMEDO 575 DP 41 BL A R EMPAR', '2014-11-07 14:18:50', '0', '0997349132', '222454622', '67', '-12.0750944', '-77.0342968', 'EMERGENCIA', '0');
INSERT INTO `activaciones` VALUES ('829', 'Sosclick', 'GREGORIO ARGOMEDO 575 DP 41 BL A R EMPAR', '2014-11-11 19:36:57', '0', '0997349132', '222454622', '67', '-12.0751781', '-77.0342618', 'EMERGENCIA', '0');
INSERT INTO `activaciones` VALUES ('830', 'Sosclick', 'GREGORIO ARGOMEDO 575 DP 41 BL A R EMPAR', '2014-11-11 19:37:50', '0', '0997349132', '222454622', '67', '-12.0752004', '-77.0342731', 'EMERGENCIA', '0');
INSERT INTO `activaciones` VALUES ('831', 'Sosclick', 'GREGORIO ARGOMEDO 575 DP 41 BL A R EMPAR', '2014-11-17 13:34:11', '0', '0997349132', '222454622', '67', '-12.0728927', '-77.067259', 'EMERGENCIA', '0');
INSERT INTO `activaciones` VALUES ('832', 'Sosclick', 'Avda Kennedy 5735', '2014-11-18 12:07:52', '0', '0998215180', '222454622', '1', ' ', ' ', '', '0');
INSERT INTO `activaciones` VALUES ('833', 'sosamerica', 'Avda Kennedy 5735', '2014-11-18 17:07:17', '0', '0998215180', '222454622', '1', '-33.4006312 ', '-70.5753468 ', '', '0');
INSERT INTO `activaciones` VALUES ('834', 'sosamerica', 'Avda Kennedy 5735', '2014-11-18 17:07:26', '0', '0998215180', '222454622', '1', '  ', '  ', '', '0');
INSERT INTO `activaciones` VALUES ('835', 'sosamerica', 'Avda Kennedy 5735', '2014-11-18 17:08:05', '0', '0998215180', '222454622', '1', '  ', '  ', '', '0');
INSERT INTO `activaciones` VALUES ('836', 'sosamerica', 'Avda Kennedy 5735', '2014-11-18 17:10:50', '0', '0998215180', '222454622', '1', '  ', '  ', '', '0');
INSERT INTO `activaciones` VALUES ('837', 'sosamerica', 'Avda Kennedy 5735', '2014-11-18 17:11:02', '0', '0998215180', '222454622', '1', '  ', '  ', '', '0');
INSERT INTO `activaciones` VALUES ('838', 'sosamerica', 'Avda Kennedy 5735', '2014-11-18 17:12:50', '0', '0998215180', '222454622', '1', '    ', '    ', '', '0');
INSERT INTO `activaciones` VALUES ('839', 'sosamerica', 'Avda Kennedy 5735', '2014-11-18 17:15:20', '0', '0998215180', '222454622', '1', '      ', '      ', 'ubicacion', '0');
INSERT INTO `activaciones` VALUES ('840', 'sosamerica', 'Avda Kennedy 5735', '2014-11-18 17:16:39', '0', '0998215180', '222454622', '1', '-33.4005246 ', '-70.5749456 ', 'llamame', '0');
INSERT INTO `activaciones` VALUES ('841', 'sosamerica', 'Avda Kennedy 5735', '2014-11-18 17:16:40', '0', '0998215180', '222454622', '1', '-33.4005246 ', '-70.5749456 ', 'ubicacion', '0');
INSERT INTO `activaciones` VALUES ('842', 'sosamerica', 'Avda Kennedy 5735', '2014-11-18 17:17:58', '0', '0998215180', '222454622', '1', '-33.4005246 ', '-70.5749456 ', 'ubicacion', '0');
INSERT INTO `activaciones` VALUES ('843', 'sosamerica', 'Avda Kennedy 5735', '2014-11-18 17:22:23', '0', '0998215180', '222454622', '1', '-33.4005992 ', '-70.57536  ', 'ubicacion', '0');
INSERT INTO `activaciones` VALUES ('844', 'sosamerica', 'Avda Kennedy 5735', '2014-11-18 17:24:11', '0', '0998215180', '222454622', '1', '-33.4006261 ', '-70.5753629 ', 'llamame', '0');
INSERT INTO `activaciones` VALUES ('845', 'sosamerica', 'Avda Kennedy 5735', '2014-11-18 17:24:13', '0', '0998215180', '222454622', '1', '-33.4006261 ', '-70.5753629 ', 'transporte', '0');
INSERT INTO `activaciones` VALUES ('846', 'sosamerica', 'Avda Kennedy 5735', '2014-11-18 17:27:21', '0', '0998215180', '', '1', '-33.4005873 ', '-70.5753117 ', 'transporte', '0');
INSERT INTO `activaciones` VALUES ('847', 'sosamerica', 'Avda Kennedy 5735', '2014-11-18 17:35:33', '0', '0998215180', '', '1', '-33.4005945 ', '-70.5753194 ', 'ubicacion', '0');
INSERT INTO `activaciones` VALUES ('848', 'sosamerica', 'Avda Kennedy 5735', '2014-11-18 17:38:59', '0', '0998215180', '', '1', '-33.4005666 ', '-70.575455  ', 'ubicacion', '0');
INSERT INTO `activaciones` VALUES ('849', 'sosamerica', 'Avda Kennedy 5735', '2014-11-18 17:39:53', '0', '0998215180', '', '1', '-33.4005526 ', '-70.5752497 ', 'llamame', '0');
INSERT INTO `activaciones` VALUES ('850', 'sosamerica', 'Avda Kennedy 5735', '2014-11-18 17:41:06', '0', '0998215180', '', '1', '-33.4004733 ', '-70.5752052 ', 'transporte', '0');
INSERT INTO `activaciones` VALUES ('851', 'sosamerica', 'vevey 308', '2014-11-18 23:52:58', '0', '0957097784', '222454622', '23', '-12.1054352 ', '-77.0385563 ', 'llamame', '0');
INSERT INTO `activaciones` VALUES ('852', 'sosamerica', 'vevey 308', '2014-11-18 23:53:04', '0', '0957097784', '222454622', '23', '-12.1054352 ', '-77.0385563 ', '', '0');
INSERT INTO `activaciones` VALUES ('853', 'sosamerica', 'Avda Kennedy 5735', '2014-11-19 09:56:07', '0', '0998215180', '', '1', '-33.4229058 ', '-70.5970651 ', 'transporte', '0');
INSERT INTO `activaciones` VALUES ('854', 'sosamerica', 'Avda Kennedy 5735', '2014-11-19 09:56:08', '0', '0998215180', '', '1', '-33.4229058 ', '-70.5970651 ', 'transporte', '0');
INSERT INTO `activaciones` VALUES ('855', 'sosamerica', 'Avda Kennedy 5735', '2014-11-19 09:59:43', '0', '0998215180', '', '1', '-33.4005429 ', '-70.5752321 ', 'transporte', '0');
INSERT INTO `activaciones` VALUES ('856', 'sosamerica', 'Avda Kennedy 5735', '2014-11-19 10:06:53', '0', '0998215180', '', '1', '-33.4005714 ', '-70.5754471 ', 'llamame', '0');
INSERT INTO `activaciones` VALUES ('857', 'sosamerica', 'Avda Kennedy 5735', '2014-11-19 10:15:59', '0', '0998215180', '', '1', '-33.4005284 ', '-70.575198  ', 'transporte', '0');
INSERT INTO `activaciones` VALUES ('858', 'sosamerica', 'Avda Kennedy 5735', '2014-11-19 10:18:30', '0', '0998215180', '', '1', '-33.4006147 ', '-70.5753414 ', 'transporte', '0');
INSERT INTO `activaciones` VALUES ('859', 'sosamerica', 'Avda Kennedy 5735', '2014-11-19 10:20:47', '0', '0998215180', '', '1', '-33.4006119 ', '-70.5753421 ', 'llegue', '0');
INSERT INTO `activaciones` VALUES ('860', 'sosamerica', 'Avda Kennedy 5735', '2014-11-19 10:24:51', '0', '0998215180', '', '1', '-33.4004789 ', '-70.5751296 ', 'ubicacion', '0');
INSERT INTO `activaciones` VALUES ('861', 'sosamerica', 'Avda Kennedy 5735', '2014-11-19 10:25:26', '0', '0998215180', '', '1', '-33.400585  ', '-70.5753597 ', 'transporte', '0');
INSERT INTO `activaciones` VALUES ('862', 'sosamerica', 'Avda Kennedy 5735', '2014-11-19 10:25:27', '0', '0998215180', '', '1', '-33.400585  ', '-70.5753597 ', 'llegue', '0');
INSERT INTO `activaciones` VALUES ('863', 'sosamerica', 'Avda Kennedy 5735', '2014-11-19 10:25:54', '0', '0998215180', '', '1', '-33.4005446 ', '-70.575343  ', 'llamame', '0');
INSERT INTO `activaciones` VALUES ('864', 'sosamerica', 'Avda Kennedy 5735', '2014-11-19 10:25:54', '0', '0998215180', '', '1', '-33.4005446 ', '-70.575343  ', 'llamame', '0');
INSERT INTO `activaciones` VALUES ('865', 'sosamerica', 'Avda Kennedy 5735', '2014-11-19 10:26:19', '0', '0998215180', '', '1', '-33.4006027 ', '-70.5753831 ', 'transporte', '0');
INSERT INTO `activaciones` VALUES ('866', 'sosamerica', 'Avda Kennedy 5735', '2014-11-19 10:26:40', '0', '0998215180', '', '1', '-33.4005039 ', '-70.5754778 ', 'llegue', '0');
INSERT INTO `activaciones` VALUES ('867', 'sosamerica', 'Avda Kennedy 5735', '2014-11-19 10:27:12', '1', '0998215180', '222454622', '1', '-33.4005796 ', '-70.5753268 ', '', '0');
INSERT INTO `activaciones` VALUES ('868', 'sosamerica', 'Avda Kennedy 5735', '2014-11-19 10:38:49', '1', '0998215180', '222454622', '1', '-33.4005765 ', '-70.5753565 ', '', '0');
INSERT INTO `activaciones` VALUES ('869', 'sosamerica', 'Avda Kennedy 5735', '2014-11-19 10:39:38', '1', '0998215180', '222454622', '1', '-33.4005388 ', '-70.5755763 ', '', '0');
INSERT INTO `activaciones` VALUES ('870', 'sosamerica', 'Avda Kennedy 5735', '2014-11-19 11:10:33', '0', '0998215180', '222454622', '1', '-33.4005952 ', '-70.5753476 ', '', '0');
INSERT INTO `activaciones` VALUES ('871', 'sosamerica', 'Avda Kennedy 5735', '2014-11-19 11:31:42', '0', '0998215180', '222454622', '1', '-33.4006098 ', '-70.5753855 ', 'EMERGENCIA', '0');
INSERT INTO `activaciones` VALUES ('872', 'sosamerica', 'Avda Kennedy 5735', '2014-11-19 12:10:01', '1', '0998215180', '', '1', '-33.4005962 ', '-70.5751982 ', 'ubicacion', '0');
INSERT INTO `activaciones` VALUES ('873', 'sosamerica', 'Avda Kennedy 5735', '2014-11-19 12:10:28', '1', '0998215180', '', '1', '-33.4005458 ', '-70.5752274 ', 'llegue', '0');
INSERT INTO `activaciones` VALUES ('874', 'sosamerica', 'Mariano Carranza 349', '2014-11-20 19:04:10', '0', '09997349132', '222454622', '73', '-12.0752031 ', '-77.0343064 ', 'EMERGENCIA', '0');
INSERT INTO `activaciones` VALUES ('875', 'sosamerica', 'Mariano Carranza 349', '2014-11-20 19:06:47', '0', '09997349132', '222454622', '73', '-12.0750646 ', '-77.0343237 ', 'EMERGENCIA', '0');
INSERT INTO `activaciones` VALUES ('876', 'sosamerica', 'Mariano Carranza 349', '2014-11-20 19:07:01', '1', '09997349132', '', '73', '-12.0750646 ', '-77.0343237 ', 'transporte', '0');
INSERT INTO `activaciones` VALUES ('877', 'sosamerica', 'Mariano Carranza 349', '2014-11-20 19:07:08', '1', '09997349132', '', '73', '-12.0750646 ', '-77.0343237 ', 'ubicacion', '0');
INSERT INTO `activaciones` VALUES ('878', 'sosamerica', 'Mariano Carranza 349', '2014-11-20 19:07:19', '1', '09997349132', '', '73', '-12.0750646 ', '-77.0343237 ', 'llegue', '0');
INSERT INTO `activaciones` VALUES ('879', 'sosamerica', 'Montero Rosas 1089', '2014-11-26 14:03:16', '0', '09997349132', '222454622', '75', '-12.07495110', '-77.03425461', 'EMERGENCIA', '0');
INSERT INTO `activaciones` VALUES ('880', 'sosamerica', 'Montero Rosas 1089', '2014-11-26 14:03:36', '1', '09997349132', '', '75', '-12.07495110', '-77.03425461', 'ubicacion', '0');
INSERT INTO `activaciones` VALUES ('881', 'sosamerica', 'Montero Rosas 1089', '2014-11-26 14:06:34', '0', '09997349132', '222454622', '75', '-12.07495145', '-77.03426360', 'EMERGENCIA', '0');
INSERT INTO `activaciones` VALUES ('882', 'sosamerica', 'Montero Rosas 1089', '2014-11-26 14:06:36', '0', '09997349132', '222454622', '75', '-12.07495145', '-77.03426360', 'EMERGENCIA', '0');
INSERT INTO `activaciones` VALUES ('883', 'sosamerica', 'Montero Rosas 1089', '2014-11-26 14:06:38', '0', '09997349132', '222454622', '75', '-12.07495145', '-77.03426360', 'EMERGENCIA', '0');
INSERT INTO `activaciones` VALUES ('884', 'sosamerica', 'Montero Rosas 1089', '2014-11-27 14:54:42', '1', '09997349132', '', '75', '-12.0751161 ', '-77.0343996 ', 'ubicacion', '0');
INSERT INTO `activaciones` VALUES ('885', 'sosamerica', 'Montero Rosas 1089', '2014-11-27 14:55:19', '1', '09997349132', '', '75', '-12.0751161 ', '-77.0343996 ', 'transporte', '0');
INSERT INTO `activaciones` VALUES ('886', 'sosamerica', 'Montero Rosas 1089', '2014-11-27 14:58:50', '1', '09997349132', '', '75', '-12.0751133 ', '-77.0343302 ', 'llegue', '0');
INSERT INTO `activaciones` VALUES ('887', 'sosamerica', 'Montero Rosas 1089', '2014-11-27 15:02:59', '0', '09997349132', '222454622', '75', '-12.075094 ', '-77.0343428 ', 'EMERGENCIA', '0');
INSERT INTO `activaciones` VALUES ('888', 'sosamerica', 'Montero Rosas 1089', '2014-11-27 15:03:06', '0', '09997349132', '222454622', '75', '-12.075094  ', '-77.0343428 ', 'EMERGENCIA', '0');
INSERT INTO `activaciones` VALUES ('889', 'sosamerica', 'Montero Rosas 1089', '2014-11-27 15:03:15', '0', '09997349132', '222454622', '75', '-12.0750742 ', '-77.0343323 ', 'EMERGENCIA', '0');
INSERT INTO `activaciones` VALUES ('890', 'sosamerica', 'Montero Rosas 1089', '2014-11-27 15:03:19', '0', '09997349132', '222454622', '75', '-12.0750742 ', '-77.0343323 ', 'EMERGENCIA', '0');
INSERT INTO `activaciones` VALUES ('891', 'sosamerica', 'Montero Rosas 1089', '2014-11-27 15:03:30', '0', '09997349132', '222454622', '75', '-12.0750742 ', '-77.0343323 ', 'EMERGENCIA', '0');
INSERT INTO `activaciones` VALUES ('892', 'sosamerica', 'Montero Rosas 1089', '2014-11-27 15:03:33', '0', '09997349132', '222454622', '75', '-12.0750742 ', '-77.0343323 ', 'EMERGENCIA', '0');
INSERT INTO `activaciones` VALUES ('893', 'sosamerica', 'Montero Rosas 1089', '2014-11-27 15:03:36', '0', '09997349132', '222454622', '75', '-12.0750742 ', '-77.0343323 ', 'EMERGENCIA', '0');
INSERT INTO `activaciones` VALUES ('894', 'sosamerica', 'Montero Rosas 1089', '2014-11-27 15:04:28', '0', '09997349132', '222454622', '75', '-12.0751992 ', '-77.0342871 ', 'EMERGENCIA', '0');
INSERT INTO `activaciones` VALUES ('895', 'sosamerica', 'Montero Rosas 1089', '2014-11-27 15:04:30', '0', '09997349132', '222454622', '75', '-12.0751992 ', '-77.0342871 ', 'EMERGENCIA', '0');
INSERT INTO `activaciones` VALUES ('896', 'sosamerica', 'Montero Rosas 1089', '2014-11-27 15:04:33', '0', '09997349132', '222454622', '75', '-12.0751992 ', '-77.0342871 ', 'EMERGENCIA', '0');
INSERT INTO `activaciones` VALUES ('897', 'sosamerica', 'Montero Rosas 1089', '2014-11-27 15:04:42', '1', '09997349132', '', '75', '-12.0751992 ', '-77.0342871 ', 'ubicacion', '0');
INSERT INTO `activaciones` VALUES ('898', 'sosamerica', 'Montero Rosas 1089', '2014-11-27 21:20:20', '0', '09997349132', '222454622', '75', '0.0 ', '0.0 ', 'EMERGENCIA', '0');
INSERT INTO `activaciones` VALUES ('899', 'sosamerica', 'Montero Rosas 1089', '2014-11-27 21:21:34', '0', '09997349132', '222454622', '75', '0.0  ', '0.0  ', 'EMERGENCIA', '0');
INSERT INTO `activaciones` VALUES ('900', 'sosamerica', 'Montero Rosas 1089', '2014-11-27 21:21:44', '0', '09997349132', '222454622', '75', '0.0   ', '0.0   ', 'EMERGENCIA', '0');
INSERT INTO `activaciones` VALUES ('901', 'sosamerica', 'Montero Rosas 1089', '2014-11-27 21:21:54', '0', '09997349132', '222454622', '75', '0.0    ', '0.0    ', 'EMERGENCIA', '0');
INSERT INTO `activaciones` VALUES ('902', 'sosamerica', 'Montero Rosas 1089', '2014-11-27 21:23:18', '1', '09997349132', '', '75', '0.0      ', '0.0      ', 'llamame', '0');
INSERT INTO `activaciones` VALUES ('903', 'sosamerica', 'montero rosas 1099', '2014-12-01 13:53:05', '0', '09976926796', '222454622', '76', '0.0 ', '0.0 ', 'EMERGENCIA', '0');
INSERT INTO `activaciones` VALUES ('904', 'sosamerica', 'montero rosas 1099', '2014-12-01 13:53:10', '0', '09976926796', '222454622', '76', '0.0  ', '0.0  ', 'EMERGENCIA', '0');
INSERT INTO `activaciones` VALUES ('905', 'sosamerica', 'montero rosas 1099', '2014-12-01 13:53:55', '0', '09976926796', '222454622', '76', '0.0 ', '0.0 ', 'EMERGENCIA', '0');
INSERT INTO `activaciones` VALUES ('906', 'sosamerica', 'montero rosas 1099', '2014-12-01 13:53:58', '0', '09976926796', '222454622', '76', '0.0  ', '0.0  ', 'EMERGENCIA', '0');
INSERT INTO `activaciones` VALUES ('907', 'sosamerica', 'montero rosas 1099', '2014-12-01 13:54:00', '0', '09976926796', '222454622', '76', '0.0   ', '0.0   ', 'EMERGENCIA', '0');
INSERT INTO `activaciones` VALUES ('908', 'sosamerica', 'montero rosas 1099', '2014-12-01 13:54:01', '0', '09976926796', '222454622', '76', '0.0    ', '0.0    ', 'EMERGENCIA', '0');
INSERT INTO `activaciones` VALUES ('909', 'sosamerica', 'montero rosas 1099', '2014-12-01 13:54:09', '1', '09976926796', '', '76', '0.0      ', '0.0      ', 'llegue', '0');
INSERT INTO `activaciones` VALUES ('910', 'sosamerica', 'montero rosas 1099', '2014-12-01 13:54:19', '1', '09976926796', '', '76', '0.0        ', '0.0        ', 'transporte', '0');
INSERT INTO `activaciones` VALUES ('911', 'sosamerica', 'Montero Rosas 1089', '2014-12-01 13:54:58', '0', '09997349132', '222454622', '75', '-12.075034 ', '-77.0342883 ', 'EMERGENCIA', '0');
INSERT INTO `activaciones` VALUES ('912', 'sosamerica', 'Montero Rosas 1089', '2014-12-01 13:58:23', '0', '09997349132', '222454622', '75', '-12.075034  ', '-77.0342883 ', 'EMERGENCIA', '0');
INSERT INTO `activaciones` VALUES ('913', 'sosamerica', 'montero rosas 1099', '2014-12-01 14:02:39', '0', '09976926796', '222454622', '76', '0.0 ', '0.0 ', 'EMERGENCIA', '0');
INSERT INTO `activaciones` VALUES ('914', 'sosamerica', 'montero rosas 1099', '2014-12-01 14:02:41', '0', '09976926796', '222454622', '76', '0.0  ', '0.0  ', 'EMERGENCIA', '0');
INSERT INTO `activaciones` VALUES ('915', 'sosamerica', 'montero rosas 1099', '2014-12-01 14:02:43', '0', '09976926796', '222454622', '76', '0.0   ', '0.0   ', 'EMERGENCIA', '0');
INSERT INTO `activaciones` VALUES ('916', 'sosamerica', 'montero rosas 1099', '2014-12-01 14:02:57', '0', '09976926796', '222454622', '76', '0.0 ', '0.0 ', 'EMERGENCIA', '0');
INSERT INTO `activaciones` VALUES ('917', 'sosamerica', 'montero rosas 1099', '2014-12-01 14:02:59', '0', '09976926796', '222454622', '76', '0.0  ', '0.0  ', 'EMERGENCIA', '0');
INSERT INTO `activaciones` VALUES ('918', 'sosamerica', 'montero rosas 1099', '2014-12-01 14:03:02', '0', '09976926796', '222454622', '76', '0.0   ', '0.0   ', 'EMERGENCIA', '0');
INSERT INTO `activaciones` VALUES ('919', 'sosamerica', 'montero rosas 1099', '2014-12-01 14:03:04', '0', '09976926796', '222454622', '76', '0.0    ', '0.0    ', 'EMERGENCIA', '0');
INSERT INTO `activaciones` VALUES ('920', 'sosamerica', 'montero rosas 1099', '2014-12-01 14:03:39', '0', '09976926796', '222454622', '76', '0.0     ', '0.0     ', 'EMERGENCIA', '0');
INSERT INTO `activaciones` VALUES ('921', 'sosamerica', 'montero rosas 1099', '2014-12-01 14:04:01', '0', '09976926796', '222454622', '76', '0.0 ', '0.0 ', 'EMERGENCIA', '0');
INSERT INTO `activaciones` VALUES ('922', 'sosamerica', 'montero rosas 1099', '2014-12-01 14:04:56', '1', '09976926796', '', '76', '0.0  ', '0.0  ', 'transporte', '0');
INSERT INTO `activaciones` VALUES ('923', 'sosamerica', 'montero rosas 1099', '2014-12-01 14:05:12', '1', '09976926796', '', '76', '0.0    ', '0.0    ', 'llegue', '0');
INSERT INTO `activaciones` VALUES ('924', 'sosamerica', 'montero rosas 1099', '2014-12-01 14:05:15', '1', '09976926796', '', '76', '0.0      ', '0.0      ', 'llamame', '0');
INSERT INTO `activaciones` VALUES ('925', 'sosamerica', 'montero rosas 1099', '2014-12-01 14:05:17', '1', '09976926796', '', '76', '0.0        ', '0.0        ', 'ubicacion', '0');
INSERT INTO `activaciones` VALUES ('926', 'sosamerica', 'montero rosas 1099', '2014-12-01 14:40:12', '0', '09976926796', '222454622', '76', '0.0 ', '0.0 ', 'EMERGENCIA', '0');
INSERT INTO `activaciones` VALUES ('927', 'sosamerica', 'montero rosas 1099', '2014-12-01 14:40:13', '0', '09976926796', '222454622', '76', '0.0  ', '0.0  ', 'EMERGENCIA', '0');
INSERT INTO `activaciones` VALUES ('928', 'sosamerica', 'montero rosas 1099', '2014-12-01 14:43:07', '1', '09976926796', '', '76', '0.0  ', '0.0  ', 'llegue', '0');
INSERT INTO `activaciones` VALUES ('929', 'sosamerica', 'montero rosas 1099', '2014-12-01 14:43:09', '1', '09976926796', '', '76', '0.0    ', '0.0    ', 'llamame', '0');
INSERT INTO `activaciones` VALUES ('930', 'sosamerica', 'Montero Rosas 1089', '2014-12-01 17:41:18', '0', '09997349132', '222454622', '75', '-12.07510087', '-77.03432113', 'EMERGENCIA', '0');
INSERT INTO `activaciones` VALUES ('931', 'sosamerica', 'Montero Rosas 1089', '2014-12-01 17:41:24', '0', '09997349132', '222454622', '75', '-12.07510087', '-77.03432113', 'EMERGENCIA', '0');
INSERT INTO `activaciones` VALUES ('932', 'sosamerica', 'Montero Rosas 1089', '2014-12-02 13:52:16', '0', '09997349132', '222454622', '75', '-12.07488126', '-77.05420760', 'EMERGENCIA', '0');
INSERT INTO `activaciones` VALUES ('933', 'sosamerica', 'montero rosas 1099', '2014-12-02 14:54:04', '0', '09976926796', '222454622', '76', '-12.08855086', '-77.0358526 ', 'EMERGENCIA', '0');
INSERT INTO `activaciones` VALUES ('934', 'sosamerica', 'montero rosas 1099', '2014-12-02 14:54:09', '0', '09976926796', '222454622', '76', '-12.08855086', '-77.0358526 ', 'EMERGENCIA', '0');
INSERT INTO `activaciones` VALUES ('935', 'sosamerica', 'montero rosas 1099', '2014-12-02 14:54:56', '1', '09976926796', '', '76', '-12.07510367', '-77.03421136', 'ubicacion', '0');
INSERT INTO `activaciones` VALUES ('936', 'sosamerica', 'montero rosas 1099', '2014-12-02 14:55:01', '1', '09976926796', '', '76', '-12.07510367', '-77.03421136', 'ubicacion', '0');
INSERT INTO `activaciones` VALUES ('937', 'sosamerica', 'montero rosas 1099', '2014-12-02 14:55:05', '1', '09976926796', '', '76', '-12.07510367', '-77.03421136', 'ubicacion', '0');
INSERT INTO `activaciones` VALUES ('938', 'sosamerica', 'montero rosas 1099', '2014-12-02 14:55:10', '1', '09976926796', '', '76', '-12.07510367', '-77.03421136', 'ubicacion', '0');
INSERT INTO `activaciones` VALUES ('939', 'sosamerica', 'montero rosas 1099', '2014-12-02 14:55:34', '1', '09976926796', '', '76', '-12.07510367', '-77.03421136', 'llamame', '0');
INSERT INTO `activaciones` VALUES ('940', 'sosamerica', 'montero rosas 1099', '2014-12-02 14:55:39', '1', '09976926796', '', '76', '-12.07510367', '-77.03421136', 'ubicacion', '0');
INSERT INTO `activaciones` VALUES ('941', 'sosamerica', 'montero rosas 1099', '2014-12-02 14:55:43', '1', '09976926796', '', '76', '-12.07510367', '-77.03421136', 'ubicacion', '0');
INSERT INTO `activaciones` VALUES ('942', 'sosamerica', 'montero rosas 1099', '2014-12-02 14:55:46', '1', '09976926796', '', '76', '-12.07510367', '-77.03421136', 'ubicacion', '0');
INSERT INTO `activaciones` VALUES ('943', 'sosamerica', 'vevey 308', '2014-12-02 17:43:04', '0', '0957097784', '222454622', '23', '-33.4004743 ', '-70.5752667 ', 'EMERGENCIA', '0');
INSERT INTO `activaciones` VALUES ('944', 'sosamerica', 'vevey 308', '2014-12-02 17:43:39', '1', '0957097784', '222454622', '23', '-33.4005583 ', '-70.575389  ', 'ubicacion', '0');
INSERT INTO `activaciones` VALUES ('945', 'sosamerica', 'vevey 308', '2014-12-02 17:43:52', '1', '0957097784', '222454622', '23', '-33.4028342 ', '-70.5743665 ', 'llegue', '0');
INSERT INTO `activaciones` VALUES ('946', 'sosamerica', 'Montero Rosas 1089', '2014-12-02 19:14:32', '0', '09997349132', '222454622', '75', '-12.07500849', '-77.03420145', 'EMERGENCIA', '0');
INSERT INTO `activaciones` VALUES ('947', 'sosamerica', 'Montero Rosas 1089', '2014-12-02 19:17:11', '1', '09997349132', '', '75', '-12.07502491', '-77.03429317', 'ubicacion', '0');
INSERT INTO `activaciones` VALUES ('948', 'sosamerica', 'Montero Rosas 1089', '2014-12-02 19:17:22', '1', '09997349132', '', '75', '-12.07517942', '-77.03406006', 'llamame', '0');
INSERT INTO `activaciones` VALUES ('949', 'sosamerica', 'Montero Rosas 1089', '2014-12-02 19:17:40', '1', '09997349132', '', '75', '-12.07517942', '-77.03406006', 'llegue', '0');
INSERT INTO `activaciones` VALUES ('950', 'sosamerica', 'Montero Rosas 1089', '2014-12-02 19:18:27', '1', '09997349132', '', '75', '-12.07510189', '-77.03424948', 'llamame', '0');
INSERT INTO `activaciones` VALUES ('951', 'sosamerica', 'montero rosas 1099', '2014-12-02 19:32:41', '0', '09976926796', '222454622', '76', '-12.07513166', '-77.03421124', 'EMERGENCIA', '0');
INSERT INTO `activaciones` VALUES ('952', 'sosamerica', 'montero rosas 1099', '2014-12-02 19:33:01', '1', '09976926796', '', '76', '-12.07533277', '-77.03415225', 'ubicacion', '0');
INSERT INTO `activaciones` VALUES ('953', 'sosamerica', 'montero rosas 1099', '2014-12-02 19:33:16', '0', '09976926796', '222454622', '76', '-12.07533071', '-77.03415822', 'EMERGENCIA', '0');
INSERT INTO `activaciones` VALUES ('954', 'sosamerica', 'Montero Rosas 1089', '2014-12-04 16:23:39', '0', '09997349132', '222454622', '75', '-12.0728242 ', '-77.0673105 ', 'EMERGENCIA', '0');
INSERT INTO `activaciones` VALUES ('955', 'sosamerica', 'Montero Rosas 1089', '2014-12-04 16:49:01', '1', '09997349132', '', '75', '-12.07506325', '-77.03430023', 'ubicacion', '0');
INSERT INTO `activaciones` VALUES ('956', 'sosamerica', 'Avda Kennedy 5735', '2014-12-04 16:53:30', '0', '0998215180', '222454622', '1', '-33.4005983 ', '-70.5754658 ', 'EMERGENCIA', '0');
INSERT INTO `activaciones` VALUES ('957', 'sosamerica', 'Avda Kennedy 5735', '2014-12-04 16:57:24', '1', '0998215180', '', '1', '-33.4005983 ', '-70.5754658 ', 'ubicacion', '0');
INSERT INTO `activaciones` VALUES ('958', 'sosamerica', 'Avda Kennedy 5735', '2014-12-04 16:58:08', '0', '0998215180', '222454622', '1', '-33.4005983 ', '-70.5754658 ', 'EMERGENCIA', '0');
INSERT INTO `activaciones` VALUES ('959', 'sosamerica', 'Avda Kennedy 5735', '2014-12-04 17:01:52', '0', '0998215180', '222454622', '1', '-33.4005983 ', '-70.5754658 ', 'EMERGENCIA', '0');
INSERT INTO `activaciones` VALUES ('960', 'sosamerica', 'Montero Rosas 1089', '2014-12-04 17:11:49', '0', '09997349132', '222454622', '75', '  ', '  ', 'EMERGENCIA', '0');
INSERT INTO `activaciones` VALUES ('961', 'sosamerica', 'Montero Rosas 1089', '2014-12-04 17:14:11', '0', '09997349132', '222454622', '75', '  ', '  ', 'EMERGENCIA', '0');
INSERT INTO `activaciones` VALUES ('962', 'sosamerica', 'Avda Kennedy 5735', '2014-12-04 17:28:49', '0', '0998215180', '222454622', '1', '-33.4005983 ', '-70.5754658 ', 'EMERGENCIA', '0');
INSERT INTO `activaciones` VALUES ('963', 'sosamerica', 'Montero Rosas 1089', '2014-12-04 17:30:25', '0', '09997349132', '222454622', '75', '-12.07456466', '-77.03393639', 'EMERGENCIA', '0');
INSERT INTO `activaciones` VALUES ('964', 'sosamerica', 'Montero Rosas 1089', '2014-12-04 17:31:01', '0', '09997349132', '222454622', '75', '-12.07509726', '-77.03428166', 'EMERGENCIA', '0');
INSERT INTO `activaciones` VALUES ('965', 'sosamerica', 'Montero Rosas 1089', '2014-12-04 17:36:58', '1', '09997349132', '', '75', '-12.07488727', '-77.03418474', 'ubicacion', '0');
INSERT INTO `activaciones` VALUES ('966', 'sosamerica', 'Montero Rosas 1089', '2014-12-04 17:39:10', '1', '09997349132', '', '75', '-12.07513731', '-77.03427332', 'llegue', '0');
INSERT INTO `activaciones` VALUES ('967', 'sosamerica', 'Avda Kennedy 5735', '2014-12-04 17:41:15', '1', '0998215180', '', '1', '-33.4005983 ', '-70.5754658 ', 'llegue', '0');
INSERT INTO `activaciones` VALUES ('968', 'sosamerica', 'Montero Rosas 1089', '2014-12-04 17:43:02', '1', '09997349132', '', '75', '-12.07494013', '-77.03424114', 'transporte', '0');
INSERT INTO `activaciones` VALUES ('969', 'sosamerica', 'Montero Rosas 1089', '2014-12-04 18:28:57', '1', '09997349132', '', '75', '-12.07522935', '-77.03431130', 'llamame', '0');
INSERT INTO `activaciones` VALUES ('970', 'sosamerica', 'Montero Rosas 1089', '2014-12-05 18:51:59', '0', '09997349132', '222454622', '75', '-12.07493257', '-77.03423622', 'EMERGENCIA', '0');
INSERT INTO `activaciones` VALUES ('971', 'sosamerica', 'Montero Rosas 1089', '2014-12-05 18:52:58', '1', '09997349132', '', '75', '-12.07522203', '-77.03436178', 'ubicacion', '0');
INSERT INTO `activaciones` VALUES ('972', 'sosamerica', 'Montero Rosas 1089', '2014-12-18 13:28:06', '0', '09997349132', '222454622', '75', '-12.0749879 ', '-77.034359 ', 'EMERGENCIA', '0');
INSERT INTO `activaciones` VALUES ('973', 'sosamerica', 'Montero Rosas 1089', '2014-12-22 12:39:34', '0', '09997349132', '222454622', '75', '-12.0722847 ', '-77.112912 ', 'EMERGENCIA', '0');
INSERT INTO `activaciones` VALUES ('974', 'sosamerica', 'Montero Rosas 1089', '2014-12-22 12:40:08', '1', '09997349132', '', '75', '-12.0752452 ', '-77.0342648 ', 'ubicacion', '0');
INSERT INTO `activaciones` VALUES ('975', 'sosamerica', 'Montero Rosas 1089', '2014-12-22 12:40:26', '1', '09997349132', '', '75', '-12.0751688 ', '-77.0341372 ', 'llegue', '0');
INSERT INTO `activaciones` VALUES ('976', 'sosamerica', 'Montero Rosas 1089', '2014-12-22 12:40:44', '1', '09997349132', '', '75', '-12.0751688 ', '-77.0341372 ', 'llegue', '0');
INSERT INTO `activaciones` VALUES ('977', 'sosamerica', 'Montero Rosas 1089', '2014-12-22 13:06:48', '0', '09997349132', '222454622', '75', '-12.0749972 ', '-77.034312 ', 'EMERGENCIA', '0');
INSERT INTO `activaciones` VALUES ('978', 'sosamerica', 'Montero Rosas 1089', '2014-12-22 13:08:05', '0', '09997349132', '222454622', '75', '-12.0750061 ', '-77.0343367 ', 'EMERGENCIA', '0');
INSERT INTO `activaciones` VALUES ('979', 'sosamerica', 'Montero Rosas 1089', '2014-12-22 13:08:25', '1', '09997349132', '', '75', '-12.0749913 ', '-77.0343441 ', 'ubicacion', '0');
INSERT INTO `activaciones` VALUES ('980', 'sosamerica', 'Montero Rosas 1089', '2014-12-22 13:08:53', '1', '09997349132', '', '75', '-12.0750232 ', '-77.034304  ', 'llegue', '0');
INSERT INTO `activaciones` VALUES ('981', 'sosamerica', 'Montero Rosas 1089', '2014-12-22 13:09:07', '1', '09997349132', '', '75', '-12.0750022 ', '-77.034345  ', 'transporte', '0');
INSERT INTO `activaciones` VALUES ('982', 'sosamerica', 'Montero Rosas 1089', '2014-12-22 13:09:20', '1', '09997349132', '', '75', '-12.0750006 ', '-77.0343392 ', 'llamame', '0');
INSERT INTO `activaciones` VALUES ('983', 'sosamerica', 'Montero Rosas 1089', '2014-12-22 13:26:03', '0', '09997349132', '222454622', '75', '-12.0750355 ', '-77.0341869 ', 'EMERGENCIA', '0');
INSERT INTO `activaciones` VALUES ('984', 'sosamerica', 'Montero Rosas 1089', '2014-12-22 13:27:42', '0', '09997349132', '222454622', '75', '-12.0749872 ', '-77.0342887 ', 'EMERGENCIA', '0');
INSERT INTO `activaciones` VALUES ('985', 'sosamerica', 'Montero Rosas 1089', '2014-12-22 13:32:00', '1', '09997349132', '', '75', '-12.0750355 ', '-77.0341869 ', 'llamame', '0');
INSERT INTO `activaciones` VALUES ('986', 'sosamerica', 'Montero Rosas 1089', '2014-12-22 13:32:51', '1', '09997349132', '', '75', '-12.0749875 ', '-77.0343021 ', 'transporte', '0');
INSERT INTO `activaciones` VALUES ('987', 'sosamerica', 'Montero Rosas 1089', '2014-12-22 13:33:22', '1', '09997349132', '', '75', '-12.0749785 ', '-77.0343213 ', 'llegue', '0');
INSERT INTO `activaciones` VALUES ('988', 'sosamerica', 'Montero Rosas 1089', '2014-12-23 16:21:43', '0', '09997349132', '222454622', '75', '-12.0752036 ', '-77.0342298 ', 'EMERGENCIA', '0');
INSERT INTO `activaciones` VALUES ('989', 'sosamerica', 'Montero Rosas 1089', '2014-12-23 16:23:21', '1', '09997349132', '', '75', '-12.0750044 ', '-77.0342072 ', 'ubicacion', '0');
INSERT INTO `activaciones` VALUES ('990', 'sosamerica', 'Montero Rosas 1089', '2014-12-23 16:24:41', '1', '09997349132', '', '75', '-12.0751723 ', '-77.0342413 ', 'llegue', '0');
INSERT INTO `activaciones` VALUES ('991', 'sosamerica', 'Montero Rosas 1089', '2014-12-23 16:24:56', '1', '09997349132', '', '75', '-12.0750582 ', '-77.0341783 ', 'transporte', '0');
INSERT INTO `activaciones` VALUES ('992', 'sosamerica', 'Montero Rosas 1089', '2014-12-23 16:25:33', '1', '09997349132', '', '75', '-12.0751285 ', '-77.0342012 ', 'llamame', '0');
INSERT INTO `activaciones` VALUES ('993', 'sosamerica', 'Avda Kennedy 5735', '2015-01-02 11:35:02', '0', '0998215180', '222454622', '1', '-33.4024156 ', '-70.5743838 ', 'EMERGENCIA', '0');
INSERT INTO `activaciones` VALUES ('994', 'sosamerica', 'Avda Kennedy 5735', '2015-01-02 12:33:22', '1', '0998215180', '', '1', '-33.4005051 ', '-70.5757201 ', 'ubicacion', '0');
INSERT INTO `activaciones` VALUES ('995', 'sosamerica', 'Avda Kennedy 5735', '2015-01-02 12:40:42', '1', '0998215180', '', '1', '-33.4005451 ', '-70.5756305 ', 'llamame', '0');
INSERT INTO `activaciones` VALUES ('996', 'sosamerica', 'Avda Kennedy 5735', '2015-01-02 12:43:01', '1', '0998215180', '', '1', '  ', '  ', 'llamame', '0');
INSERT INTO `activaciones` VALUES ('997', 'sosamerica', 'Avda Kennedy 5735', '2015-01-02 12:46:18', '1', '0998215180', '', '1', '  ', '  ', 'llamame', '0');
INSERT INTO `activaciones` VALUES ('998', 'sosamerica', 'Avda Kennedy 5735', '2015-01-02 12:47:04', '1', '0998215180', '', '1', '  ', '  ', 'llamame', '0');
INSERT INTO `activaciones` VALUES ('999', 'sosamerica', 'vevey 308', '2015-01-05 17:36:41', '0', '0957097784', '222454622', '23', '-33.4026047 ', '-70.5739748 ', 'EMERGENCIA', '0');
INSERT INTO `activaciones` VALUES ('1000', 'sosamerica', 'vevey 308', '2015-01-05 17:37:07', '1', '0957097784', '222454622', '23', '-33.4004683 ', '-70.5753292 ', 'llegue', '0');
INSERT INTO `activaciones` VALUES ('1001', 'sosamerica', 'vevey 308', '2015-01-05 17:44:50', '1', '0957097784', '222454622', '23', '-33.4007168 ', '-70.5769234 ', 'llegue', '0');
INSERT INTO `activaciones` VALUES ('1002', 'sosamerica', 'vevey 308', '2015-01-05 17:46:39', '1', '0957097784', '222454622', '23', '-33.4005267 ', '-70.5755194 ', 'llegue', '0');
INSERT INTO `activaciones` VALUES ('1003', 'sosamerica', 'vevey 308', '2015-01-05 17:48:36', '1', '0957097784', '222454622', '23', '-33.4007168 ', '-70.5769234 ', 'llegue', '0');
INSERT INTO `activaciones` VALUES ('1004', 'sosamerica', 'vevey 308', '2015-01-05 17:50:51', '1', '0957097784', '222454622', '23', '-33.4005065 ', '-70.5756844 ', 'llegue', '0');
INSERT INTO `activaciones` VALUES ('1005', 'sosamerica', 'vevey 308', '2015-01-05 21:39:37', '1', '0957097784', '222454622', '23', '-33.3326896 ', '-70.5089282 ', 'transporte', '0');
INSERT INTO `activaciones` VALUES ('1006', 'sosamerica', 'PJ FCO DE AGUIRRE 3759 VI DN CRISTOBAL', '2015-01-06 07:49:14', '1', '0998358439', '', '63', '-33.5429327 ', '-70.6648814 ', 'transporte', '0');
INSERT INTO `activaciones` VALUES ('1007', 'sosamerica', 'Montero Rosas 1089', '2015-01-07 14:08:10', '0', '09997349132', '222454622', '75', '-12.072873 ', '-77.0672907 ', 'EMERGENCIA', '0');
INSERT INTO `activaciones` VALUES ('1008', 'sosamerica', 'Montero Rosas 1089', '2015-01-07 14:08:54', '1', '09997349132', '', '75', '0.0  ', '0.0  ', 'ubicacion', '0');
INSERT INTO `activaciones` VALUES ('1009', 'sosamerica', 'Montero Rosas 1089', '2015-01-07 14:11:06', '1', '09997349132', '', '75', '-12.07530167', '-77.03424890', 'llegue', '0');
INSERT INTO `activaciones` VALUES ('1010', 'sosamerica', 'Montero Rosas 1089', '2015-01-07 14:13:05', '1', '09997349132', '', '75', '-12.07497793', '-77.03419331', 'llegue', '0');
INSERT INTO `activaciones` VALUES ('1011', 'sosamerica', 'vevey 308', '2015-01-09 12:04:16', '0', '0957097784', '222454622', '23', '-33.3326832 ', '-70.5089206 ', 'EMERGENCIA', '0');
INSERT INTO `activaciones` VALUES ('1012', 'sosamerica', 'vevey 308', '2015-01-15 18:26:36', '0', '0957097784', '222454622', '23', '-33.4028937 ', '-70.5760253 ', 'EMERGENCIA', '0');
INSERT INTO `activaciones` VALUES ('1013', 'sosamerica', 'Avda Kennedy 5735', '2015-01-19 17:59:30', '1', '0998215180', '', '1', '-33.4004709 ', '-70.5757592 ', 'llamame', '0');
INSERT INTO `activaciones` VALUES ('1014', 'sosamerica', 'Montero Rosas 1089', '2015-01-20 12:58:07', '1', '09997349132', '', '75', '-12.07507703', '-77.03426805', 'llegue', '0');
INSERT INTO `activaciones` VALUES ('1015', 'sosamerica', 'aqui', '2015-01-21 13:36:11', '0', '0998215180', '222454622', '77', '0.0 ', '0.0 ', 'EMERGENCIA', '0');
INSERT INTO `activaciones` VALUES ('1016', 'sosamerica', 'Montero Rosas 1089', '2015-01-21 13:58:11', '1', '09997349132', '', '75', '-12.07486089', '-77.03433389', 'llegue', '0');
INSERT INTO `activaciones` VALUES ('1017', 'sosamerica', 'Montero Rosas 1089', '2015-01-21 14:01:08', '0', '09997349132', '222454622', '75', '-12.07502510', '-77.03429344', 'EMERGENCIA', '0');
INSERT INTO `activaciones` VALUES ('1018', 'sosamerica', 'Montero Rosas 1089', '2015-01-21 14:02:45', '1', '09997349132', '', '75', '-12.07516680', '-77.03423981', 'ubicacion', '0');
INSERT INTO `activaciones` VALUES ('1019', 'sosamerica', 'Montero Rosas 1089', '2015-01-21 14:02:59', '1', '09997349132', '', '75', '-12.07490553', '-77.03422667', 'transporte', '0');
INSERT INTO `activaciones` VALUES ('1020', 'sosamerica', 'Montero Rosas 1089', '2015-01-21 14:03:13', '1', '09997349132', '', '75', '-12.07490553', '-77.03422667', 'llamame', '0');
INSERT INTO `activaciones` VALUES ('1021', 'sosamerica', 'Avda Kennedy 5735', '2015-01-22 13:52:53', '1', '0998215180', '', '1', '-33.4005697 ', '-70.5755892 ', 'llamame', '0');
INSERT INTO `activaciones` VALUES ('1022', 'sosamerica', 'Montero Rosas 1089', '2015-01-22 14:33:30', '1', '09997349132', '', '75', '-12.0752695 ', '-77.0342916 ', 'llegue', '0');
INSERT INTO `activaciones` VALUES ('1023', 'sosamerica', 'Montero Rosas 1089', '2015-01-28 13:02:01', '1', '09997349132', '222454622', '75', '-12.07527 ', '-77.034236 ', 'EMERGENCIA', '0');
INSERT INTO `activaciones` VALUES ('1024', 'sosamerica', 'Montero Rosas 1089', '2015-01-28 13:05:32', '1', '09997349132', '', '75', '-12.0752515 ', '-77.0340873 ', 'ubicacion', '0');
INSERT INTO `activaciones` VALUES ('1025', 'sosamerica', 'Montero Rosas 1089', '2015-01-28 13:06:57', '1', '09997349132', '', '75', '-12.0752822 ', '-77.0342249 ', 'llegue', '0');
INSERT INTO `activaciones` VALUES ('1026', 'sosamerica', 'Montero Rosas 1089', '2015-01-28 13:07:09', '1', '09997349132', '', '75', '-12.0750942 ', '-77.0342565 ', 'transporte', '0');
INSERT INTO `activaciones` VALUES ('1027', 'sosamerica', 'Montero Rosas 1089', '2015-01-28 13:08:15', '1', '09997349132', '', '75', '-12.0752498 ', '-77.0342398 ', 'llamame', '0');
INSERT INTO `activaciones` VALUES ('1028', 'sosamerica', 'Montero Rosas 1089', '2015-01-28 13:10:19', '1', '09997349132', '', '75', '-12.0752494 ', '-77.0342554 ', 'llamame', '0');
INSERT INTO `activaciones` VALUES ('1029', 'sosamerica', 'Montero Rosas 1089', '2015-02-02 15:00:32', '1', '09997349132', '', '75', '0.0  ', '0.0  ', 'llegue', '0');
INSERT INTO `activaciones` VALUES ('1030', 'sosamerica', 'montero rosas 1099', '2015-02-05 12:30:33', '1', '09976926796', '222454622', '76', '-12.07509470', '-77.03427469', 'EMERGENCIA', '0');
INSERT INTO `activaciones` VALUES ('1031', 'sosamerica', 'montero rosas 1099', '2015-02-05 12:30:47', '1', '09976926796', '', '76', '-12.07510705', '-77.0342876 ', 'llegue', '0');
INSERT INTO `activaciones` VALUES ('1032', 'sosamerica', 'montero rosas 1099', '2015-02-05 12:31:35', '1', '09976926796', '222454622', '76', '-12.0751118 ', '-77.03428991', 'EMERGENCIA', '0');
INSERT INTO `activaciones` VALUES ('1033', 'sosamerica', 'montero rosas 1099', '2015-02-05 12:31:43', '1', '09976926796', '', '76', '-12.07511183', '-77.03428994', 'llamame', '0');
INSERT INTO `activaciones` VALUES ('1034', 'sosamerica', 'montero rosas 1099', '2015-02-05 12:31:52', '1', '09976926796', '', '76', '-12.07511286', '-77.03429007', 'ubicacion', '0');
INSERT INTO `activaciones` VALUES ('1035', 'sosamerica', 'montero rosas 1099', '2015-02-05 12:31:58', '1', '09976926796', '', '76', '-12.07511279', '-77.03429006', 'transporte', '0');
INSERT INTO `activaciones` VALUES ('1036', 'sosamerica', 'Montero Rosas 1089', '2015-02-05 12:32:01', '1', '09997349132', '', '75', '-12.0752067 ', '-77.0343687 ', 'ubicacion', '0');
INSERT INTO `activaciones` VALUES ('1037', 'sosamerica', 'montero rosas 1099', '2015-02-05 12:33:51', '1', '09976926796', '', '76', '-12.0751234 ', '-77.03429226', 'llamame', '0');
INSERT INTO `activaciones` VALUES ('1038', 'sosamerica', 'montero rosas 1099', '2015-02-05 12:34:23', '1', '09976926796', '', '76', '-12.07512864', '-77.03429183', 'ubicacion', '0');
INSERT INTO `activaciones` VALUES ('1039', 'sosamerica', 'montero rosas 1099', '2015-02-05 12:34:33', '1', '09976926796', '', '76', '-12.07513073', '-77.03429195', 'transporte', '0');
INSERT INTO `activaciones` VALUES ('1040', 'sosamerica', 'montero rosas 1099', '2015-02-05 12:35:27', '1', '09976926796', '222454622', '76', '-12.07513125', '-77.03429251', 'EMERGENCIA', '0');
INSERT INTO `activaciones` VALUES ('1041', 'sosamerica', 'montero rosas 1099', '2015-02-05 12:37:13', '1', '09976926796', '', '76', '-12.07513823', '-77.03429258', 'llamame', '0');
INSERT INTO `activaciones` VALUES ('1042', 'sosamerica', 'Montero Rosas 1089', '2015-02-05 13:00:28', '1', '09997349132', '', '75', '-12.0752039 ', '-77.0343843 ', 'llamame', '0');
INSERT INTO `activaciones` VALUES ('1043', 'sosamerica', 'Montero Rosas 1089', '2015-02-05 13:05:10', '1', '09997349132', '', '75', '-12.0752073 ', '-77.0343985 ', 'llamame', '0');
INSERT INTO `activaciones` VALUES ('1044', 'sosamerica', 'Montero Rosas 1089', '2015-02-05 13:05:36', '1', '09997349132', '', '75', '-12.0752078 ', '-77.0343443 ', 'llamame', '0');
INSERT INTO `activaciones` VALUES ('1045', 'sosamerica', 'Montero Rosas 1089', '2015-02-05 14:48:55', '1', '09997349132', '', '75', '-12.0752053 ', '-77.034362  ', 'llamame', '0');
INSERT INTO `activaciones` VALUES ('1046', 'sosamerica', 'montero rosas 1099', '2015-02-05 14:49:47', '1', '09976926796', '222454622', '76', '-12.07525272', '-77.03428405', 'EMERGENCIA', '0');
INSERT INTO `activaciones` VALUES ('1047', 'sosamerica', 'Montero Rosas 1089', '2015-02-05 14:52:37', '1', '09997349132', '', '75', '-12.0751913 ', '-77.0344106 ', 'llamame', '0');
INSERT INTO `activaciones` VALUES ('1048', 'sosamerica', 'Montero Rosas 1089', '2015-02-05 14:55:32', '1', '09997349132', '', '75', '-12.0751924 ', '-77.0343753 ', 'llamame', '0');
INSERT INTO `activaciones` VALUES ('1049', 'sosamerica', 'Montero Rosas 1089', '2015-02-05 14:57:59', '1', '09997349132', '', '75', '-12.0751991 ', '-77.034456  ', 'llamame', '0');
INSERT INTO `activaciones` VALUES ('1050', 'sosamerica', 'Montero Rosas 1089', '2015-02-05 15:22:29', '1', '09997349132', '', '75', '-12.075217  ', '-77.0343862 ', 'llamame', '0');
INSERT INTO `activaciones` VALUES ('1051', 'sosamerica', 'Montero Rosas 1089', '2015-02-05 15:50:15', '1', '09997349132', '', '75', '-12.0752367 ', '-77.0342879 ', 'llamame', '0');
INSERT INTO `activaciones` VALUES ('1052', 'sosamerica', 'Montero Rosas 1089', '2015-02-05 17:11:48', '1', '09997349132', '', '75', '-12.0752928 ', '-77.0342986 ', 'llamame', '0');
INSERT INTO `activaciones` VALUES ('1053', 'sosamerica', 'montero rosas 1099', '2015-02-05 17:12:58', '1', '09976926796', '', '76', '-12.07447111', '-77.03428469', 'llamame', '0');
INSERT INTO `activaciones` VALUES ('1054', 'sosamerica', 'Montero Rosas 1089', '2015-02-05 17:13:56', '1', '09997349132', '', '75', '-12.075211  ', '-77.0344936 ', 'llamame', '0');
INSERT INTO `activaciones` VALUES ('1055', 'sosamerica', '', '2015-02-05 19:12:00', '1', '095555555555', '222454622', '81', '37.432361254', '-122.1014435', 'EMERGENCIA', '0');
INSERT INTO `activaciones` VALUES ('1056', 'sosamerica', 'Valderomar 645', '2015-02-06 17:22:34', '1', '997349132', '', '75', '0.0  ', '0.0  ', 'llamame', '0');
INSERT INTO `activaciones` VALUES ('1057', 'sosamerica', 'montero rosas 1099', '2015-02-06 17:39:31', '1', '09976926796', '222454622', '76', '-12.07523028', '-77.03425906', 'EMERGENCIA', '0');
INSERT INTO `activaciones` VALUES ('1058', 'sosamerica', 'montero rosas 1099', '2015-02-06 17:39:36', '1', '09976926796', '', '76', '-12.07528971', '-77.03425754', 'llamame', '0');
INSERT INTO `activaciones` VALUES ('1059', 'sosamerica', 'Valderomar 645', '2015-02-06 17:40:03', '1', '09997349132', '', '75', '-12.07308581', '-77.06765681', 'llamame', '0');
INSERT INTO `activaciones` VALUES ('1060', 'sosamerica', 'flor de amancaes', '2015-02-06 17:40:34', '1', '09955789003', '222454622', '82', '-12.0111149 ', '-77.0327182 ', 'EMERGENCIA', '0');
INSERT INTO `activaciones` VALUES ('1061', 'sosamerica', '', '2015-02-07 03:40:43', '1', '09994349805', '222454622', '84', '-14.05170694', '-75.73568496', 'EMERGENCIA', '0');
INSERT INTO `activaciones` VALUES ('1062', 'sosamerica', '', '2015-02-07 03:41:06', '1', '09994349805', '222454622', '84', '-14.0517104 ', '-75.73567815', 'EMERGENCIA', '0');
INSERT INTO `activaciones` VALUES ('1063', 'sosamerica', 'Av buenos aires atte', '2015-02-08 12:07:38', '1', '09955876698', '222454622', '85', '-12.0693126 ', '-76.9800242 ', 'EMERGENCIA', '0');
INSERT INTO `activaciones` VALUES ('1064', 'sosamerica', '', '2015-02-08 16:04:11', '1', '09966641982', '222454622', '86', '0.0 ', '0.0 ', 'EMERGENCIA', '0');
INSERT INTO `activaciones` VALUES ('1065', 'sosamerica', 'montero rosas 1099', '2015-02-13 16:15:11', '1', '09976926796', '222454622', '76', '-12.07531393', '-77.03430102', 'EMERGENCIA', '0');
INSERT INTO `activaciones` VALUES ('1066', 'sosamerica', '', '2015-02-14 10:40:40', '1', '09957834538', '222454622', '90', '-12.19950594', '-76.96335942', 'EMERGENCIA', '0');
INSERT INTO `activaciones` VALUES ('1067', 'sosamerica', '', '2015-02-14 10:40:40', '1', '09957834538', '222454622', '90', '-12.19950594', '-76.96335942', 'EMERGENCIA', '0');
INSERT INTO `activaciones` VALUES ('1068', 'sosamerica', 'ciudadela chalaca mz M la 27', '2015-02-19 11:24:40', '1', '09947228032', '222454622', '91', '-12.04948199', '-77.13190136', 'EMERGENCIA', '0');
INSERT INTO `activaciones` VALUES ('1069', 'sosamerica', 'ciudadela chalaca mz M la 27', '2015-02-19 11:25:19', '1', '09947228032', '222454622', '91', '-12.04947038', '-77.13189044', 'EMERGENCIA', '0');
INSERT INTO `activaciones` VALUES ('1070', 'sosamerica', 'cosme bueno 346-348 urb. san jose-bellavista-callao', '2015-02-21 01:40:35', '1', '09994770666', '222454622', '92', '-12.0529995 ', '-77.0982097 ', 'EMERGENCIA', '0');
INSERT INTO `activaciones` VALUES ('1071', 'sosamerica', 'cosme bueno 346-348 urb. san jose-bellavista-callao', '2015-02-21 01:40:47', '1', '09994770666', '222454622', '92', '-12.0529949 ', '-77.0982196 ', 'EMERGENCIA', '0');

-- ----------------------------
-- Table structure for admin
-- ----------------------------
DROP TABLE IF EXISTS `admin`;
CREATE TABLE `admin` (
  `id_ejecutiv` int(11) NOT NULL AUTO_INCREMENT,
  `login` varchar(50) NOT NULL,
  `pass` varchar(50) NOT NULL,
  `nom_ejecutiv` varchar(50) DEFAULT NULL,
  `logo_ejecutiv` varchar(50) DEFAULT NULL,
  `empresa_ejecutiv` varchar(50) DEFAULT NULL,
  `ciudad_ejecutiv` varchar(15) DEFAULT NULL,
  `cargo_ejecutiv` varchar(50) DEFAULT NULL,
  `dir_ejecutiv` varchar(100) DEFAULT NULL,
  `mail_ejecutiv` varchar(50) DEFAULT NULL,
  `valid_ejecutiv` char(1) DEFAULT NULL,
  `posicion_vc` varchar(100) NOT NULL,
  `estado_vc` varchar(1) NOT NULL,
  `posicion_c2c` varchar(5) NOT NULL,
  `posicion_p_c2c` varchar(20) NOT NULL,
  `max_posicion` int(11) NOT NULL,
  `empresa_cb` varchar(50) NOT NULL,
  `slm` int(11) NOT NULL DEFAULT '12',
  `ldn` int(11) NOT NULL DEFAULT '32',
  `movil` int(11) NOT NULL DEFAULT '84',
  `seguridad` varchar(30) NOT NULL,
  PRIMARY KEY (`id_ejecutiv`)
) ENGINE=MyISAM AUTO_INCREMENT=3 DEFAULT CHARSET=latin1;

-- ----------------------------
-- Records of admin
-- ----------------------------
INSERT INTO `admin` VALUES ('1', 'marcelo', '1234', 'Marcelo Lopez', 'naturalphonelogochico.png', 'Natural Phone', 'Santiago', 'Ejecutivo', 'Santiago', 'marcelolopezb@gmail.com', 'v', 'desk2', '1', '110', '1649', '10', 'CB-DESK', '12', '32', '84', '2454622');

-- ----------------------------
-- Table structure for alarmas
-- ----------------------------
DROP TABLE IF EXISTS `alarmas`;
CREATE TABLE `alarmas` (
  `id` int(11) NOT NULL AUTO_INCREMENT,
  `idusuario_ala` varchar(255) DEFAULT NULL,
  `fecha_creacion` varchar(50) DEFAULT NULL,
  `hora` varchar(2) DEFAULT NULL,
  `minuto` varchar(2) NOT NULL,
  `lun` varchar(1) NOT NULL,
  `mar` varchar(1) NOT NULL,
  `mie` varchar(1) NOT NULL,
  `jue` varchar(1) NOT NULL,
  `vie` varchar(1) NOT NULL,
  `sab` varchar(1) NOT NULL,
  `dom` varchar(1) NOT NULL,
  `mensaje` varchar(140) NOT NULL,
  `activo` varchar(1) NOT NULL,
  PRIMARY KEY (`id`),
  KEY `hora` (`hora`) USING BTREE,
  KEY `idusuario_ala` (`idusuario_ala`) USING BTREE,
  KEY `lun` (`lun`,`mar`,`mie`,`jue`,`vie`,`sab`,`dom`) USING BTREE
) ENGINE=MyISAM AUTO_INCREMENT=18 DEFAULT CHARSET=latin1;

-- ----------------------------
-- Records of alarmas
-- ----------------------------
INSERT INTO `alarmas` VALUES ('11', 'cvalenzuela2010@gmail.com', '2013-12-06 13:05:18', '13', '14', '', '', '', '', '1', '', '', 'HABLALE A BIGOTE', '1');
INSERT INTO `alarmas` VALUES ('17', 'marcelolopezb@gmail.com', '2014-07-01 18:07:16', '', '', '', '', '', '', '', '', '', '', '');
INSERT INTO `alarmas` VALUES ('16', 'cvalenzuela@negocioschile.cl', '2014-02-21 12:50:21', '12', '51', '', '', '', '', '1', '', '', 'TOMATE EL REMEDIO', '1');
INSERT INTO `alarmas` VALUES ('12', 'cvalenzuela2010@gmail.com', '2013-12-11 10:02:13', '10', '04', '', '', '1', '', '', '', '', 'HOLA TOMATE EL REMEDIO', '1');
INSERT INTO `alarmas` VALUES ('13', 'cvalenzuela@negocioschile.cl', '2013-12-11 13:32:17', '13', '35', '', '', '1', '', '', '', '', 'HOLA VE ENLACE A ESTA HORA', '1');

-- ----------------------------
-- Table structure for ciudades
-- ----------------------------
DROP TABLE IF EXISTS `ciudades`;
CREATE TABLE `ciudades` (
  `codigo` varchar(2) NOT NULL,
  `ciudad` varchar(75) NOT NULL
) ENGINE=MyISAM DEFAULT CHARSET=utf8;

-- ----------------------------
-- Records of ciudades
-- ----------------------------
INSERT INTO `ciudades` VALUES ('2', 'Santiago');
INSERT INTO `ciudades` VALUES ('09', 'Celular');
INSERT INTO `ciudades` VALUES ('35', 'Algarrobo');
INSERT INTO `ciudades` VALUES ('65', 'Ancud');
INSERT INTO `ciudades` VALUES ('55', 'Antofagasta');
INSERT INTO `ciudades` VALUES ('58', 'Arica');
INSERT INTO `ciudades` VALUES ('67', 'Balmaceda');
INSERT INTO `ciudades` VALUES ('55', 'Calama');
INSERT INTO `ciudades` VALUES ('65', 'Castro');
INSERT INTO `ciudades` VALUES ('65', 'Chaiten');
INSERT INTO `ciudades` VALUES ('67', 'Chile Chico');
INSERT INTO `ciudades` VALUES ('55', 'Chuquicamata');
INSERT INTO `ciudades` VALUES ('45', 'Collipulli');
INSERT INTO `ciudades` VALUES ('32', 'Concon');
INSERT INTO `ciudades` VALUES ('52', 'Copiapo');
INSERT INTO `ciudades` VALUES ('51', 'Coquimbo');
INSERT INTO `ciudades` VALUES ('67', 'Coyhaique');
INSERT INTO `ciudades` VALUES ('45', 'Curacautin');
INSERT INTO `ciudades` VALUES ('35', 'El Quisco');
INSERT INTO `ciudades` VALUES ('52', 'El Salvador');
INSERT INTO `ciudades` VALUES ('35', 'El Tabo');
INSERT INTO `ciudades` VALUES ('65', 'Frutillar');
INSERT INTO `ciudades` VALUES ('63', 'Futrono');
INSERT INTO `ciudades` VALUES ('57', 'Iquique');
INSERT INTO `ciudades` VALUES ('39', 'Isla de Pascua');
INSERT INTO `ciudades` VALUES ('33', 'La Ligua');
INSERT INTO `ciudades` VALUES ('51', 'La Serena');
INSERT INTO `ciudades` VALUES ('64', 'La Union');
INSERT INTO `ciudades` VALUES ('35', 'Las Cruces');
INSERT INTO `ciudades` VALUES ('45', 'Licanray');
INSERT INTO `ciudades` VALUES ('65', 'Llanquihue');
INSERT INTO `ciudades` VALUES ('45', 'Loncoche');
INSERT INTO `ciudades` VALUES ('34', 'Los Andes');
INSERT INTO `ciudades` VALUES ('63', 'Los Lagos');
INSERT INTO `ciudades` VALUES ('53', 'Los Vilos');
INSERT INTO `ciudades` VALUES ('45', 'Nueva Imperial');
INSERT INTO `ciudades` VALUES ('33', 'Olmue');
INSERT INTO `ciudades` VALUES ('64', 'Osorno');
INSERT INTO `ciudades` VALUES ('53', 'Ovalle');
INSERT INTO `ciudades` VALUES ('63', 'Panguipulli');
INSERT INTO `ciudades` VALUES ('61', 'Porvenir');
INSERT INTO `ciudades` VALUES ('45', 'Pucon');
INSERT INTO `ciudades` VALUES ('67', 'Puerto Aysen');
INSERT INTO `ciudades` VALUES ('67', 'Puerto Cisnes');
INSERT INTO `ciudades` VALUES ('65', 'Puerto Montt');
INSERT INTO `ciudades` VALUES ('61', 'Puerto Natales');
INSERT INTO `ciudades` VALUES ('64', 'Puerto Octay');
INSERT INTO `ciudades` VALUES ('65', 'Puerto Varas');
INSERT INTO `ciudades` VALUES ('61', 'Puerto Williams');
INSERT INTO `ciudades` VALUES ('61', 'Punta Arenas');
INSERT INTO `ciudades` VALUES ('64', 'Purranque');
INSERT INTO `ciudades` VALUES ('65', 'Quellon');
INSERT INTO `ciudades` VALUES ('33', 'Quillota');
INSERT INTO `ciudades` VALUES ('32', 'Quilpue');
INSERT INTO `ciudades` VALUES ('32', 'Quintero');
INSERT INTO `ciudades` VALUES ('35', 'San Antonio');
INSERT INTO `ciudades` VALUES ('34', 'San Felipe');
INSERT INTO `ciudades` VALUES ('35', 'Santo Domingo');
INSERT INTO `ciudades` VALUES ('55', 'Tocopilla');
INSERT INTO `ciudades` VALUES ('45', 'Traiguen');
INSERT INTO `ciudades` VALUES ('63', 'Valdivia');
INSERT INTO `ciudades` VALUES ('51', 'Vallenar');
INSERT INTO `ciudades` VALUES ('32', 'Valparaiso');
INSERT INTO `ciudades` VALUES ('51', 'Vicu&ntilde;a');
INSERT INTO `ciudades` VALUES ('32', 'Villa Alemana');
INSERT INTO `ciudades` VALUES ('32', 'Vi&ntilde;a del Mar');
INSERT INTO `ciudades` VALUES ('33', 'Zapallar');

-- ----------------------------
-- Table structure for comuna
-- ----------------------------
DROP TABLE IF EXISTS `comuna`;
CREATE TABLE `comuna` (
  `idcomu` varchar(3) NOT NULL,
  `comunas` varchar(28) NOT NULL
) ENGINE=MyISAM DEFAULT CHARSET=utf8;

-- ----------------------------
-- Records of comuna
-- ----------------------------
INSERT INTO `comuna` VALUES ('', 'ABELARDO PARDO LEZAMETA (LLA');
INSERT INTO `comuna` VALUES ('', 'ACARI');
INSERT INTO `comuna` VALUES ('', 'ACAS');
INSERT INTO `comuna` VALUES ('', 'ACCHA');
INSERT INTO `comuna` VALUES ('', 'ACCOMARCA');
INSERT INTO `comuna` VALUES ('', 'ACHAYA');
INSERT INTO `comuna` VALUES ('', 'ACHOMA');
INSERT INTO `comuna` VALUES ('', 'ACO');
INSERT INTO `comuna` VALUES ('', 'ACOBAMBA');
INSERT INTO `comuna` VALUES ('', 'ACOCHACA');
INSERT INTO `comuna` VALUES ('', 'ACOCRO');
INSERT INTO `comuna` VALUES ('', 'ACOLLA');
INSERT INTO `comuna` VALUES ('', 'ACOMAYO');
INSERT INTO `comuna` VALUES ('', 'ACOPAMPA');
INSERT INTO `comuna` VALUES ('', 'ACOPIA');
INSERT INTO `comuna` VALUES ('', 'ACORA');
INSERT INTO `comuna` VALUES ('', 'ACOS');
INSERT INTO `comuna` VALUES ('', 'ACOSVINCHOS');
INSERT INTO `comuna` VALUES ('', 'ACZO');
INSERT INTO `comuna` VALUES ('', 'AGALLPAMPA');
INSERT INTO `comuna` VALUES ('', 'AHUAC');
INSERT INTO `comuna` VALUES ('', 'AIJA');
INSERT INTO `comuna` VALUES ('', 'AJOYANI');
INSERT INTO `comuna` VALUES ('', 'ALCA');
INSERT INTO `comuna` VALUES ('', 'ALCAMENCA');
INSERT INTO `comuna` VALUES ('', 'ALFONSO UGARTE');
INSERT INTO `comuna` VALUES ('', 'ALFREDO VARGAS GUERRA');
INSERT INTO `comuna` VALUES ('', 'ALIS');
INSERT INTO `comuna` VALUES ('', 'ALTO DE LA ALIANZA (LA ESPER');
INSERT INTO `comuna` VALUES ('', 'ALTO INAMBARI (MASSIAPO)');
INSERT INTO `comuna` VALUES ('', 'ALTO LARAN');
INSERT INTO `comuna` VALUES ('', 'ALTO PICHIGUA');
INSERT INTO `comuna` VALUES ('', 'ALTO SELVA ALEGRE (SELVA ALE');
INSERT INTO `comuna` VALUES ('', 'ALTO TAPICHE');
INSERT INTO `comuna` VALUES ('', 'AMANTANI');
INSERT INTO `comuna` VALUES ('', 'AMARILIS(PAUCARBAMBA)');
INSERT INTO `comuna` VALUES ('', 'AMASHCA');
INSERT INTO `comuna` VALUES ('', 'AMBAR');
INSERT INTO `comuna` VALUES ('', 'AMOTAPE');
INSERT INTO `comuna` VALUES ('', 'ANANEA');
INSERT INTO `comuna` VALUES ('', 'ANAPIA');
INSERT INTO `comuna` VALUES ('', 'ANCAHUASI');
INSERT INTO `comuna` VALUES ('', 'ANCHONGA');
INSERT INTO `comuna` VALUES ('', 'ANCO');
INSERT INTO `comuna` VALUES ('', 'ANCO-HUALLO (URIPA)');
INSERT INTO `comuna` VALUES ('', 'ANCON ');
INSERT INTO `comuna` VALUES ('', 'ANDABAMBA');
INSERT INTO `comuna` VALUES ('', 'ANDAGUA');
INSERT INTO `comuna` VALUES ('', 'ANDAHUAYLAS');
INSERT INTO `comuna` VALUES ('', 'ANDAHUAYLILLAS');
INSERT INTO `comuna` VALUES ('', 'ANDAJES');
INSERT INTO `comuna` VALUES ('', 'ANDAMARCA');
INSERT INTO `comuna` VALUES ('', 'ANDARAPA');
INSERT INTO `comuna` VALUES ('', 'ANDARAY');
INSERT INTO `comuna` VALUES ('', 'ANDOAS');
INSERT INTO `comuna` VALUES ('', 'ANGASMARCA');
INSERT INTO `comuna` VALUES ('', 'ANGUIA');
INSERT INTO `comuna` VALUES ('', 'ANRA');
INSERT INTO `comuna` VALUES ('', 'ANTA');
INSERT INTO `comuna` VALUES ('', 'ANTABAMBA');
INSERT INTO `comuna` VALUES ('', 'ANTAUTA');
INSERT INTO `comuna` VALUES ('', 'ANTIOQUIA');
INSERT INTO `comuna` VALUES ('', 'ANTONIO DE ANTAPARCO');
INSERT INTO `comuna` VALUES ('', 'ANTONIO DE CUSICANCHA');
INSERT INTO `comuna` VALUES ('', 'ANTONIO RAYMONDI');
INSERT INTO `comuna` VALUES ('', 'ANTONIO RAYMONDI (RAQUIA)');
INSERT INTO `comuna` VALUES ('', 'APATA');
INSERT INTO `comuna` VALUES ('', 'APLAO');
INSERT INTO `comuna` VALUES ('', 'APONGO');
INSERT INTO `comuna` VALUES ('', 'AQUIA');
INSERT INTO `comuna` VALUES ('', 'ARAHUAY');
INSERT INTO `comuna` VALUES ('', 'ARAMANGO');
INSERT INTO `comuna` VALUES ('', 'ARANCAY');
INSERT INTO `comuna` VALUES ('', 'ARAPA');
INSERT INTO `comuna` VALUES ('', 'ARMA');
INSERT INTO `comuna` VALUES ('', 'ASCOPE');
INSERT INTO `comuna` VALUES ('', 'ASIA');
INSERT INTO `comuna` VALUES ('', 'ASILLO');
INSERT INTO `comuna` VALUES ('', 'ASQUIPATA');
INSERT INTO `comuna` VALUES ('', 'ASUNCION');
INSERT INTO `comuna` VALUES ('', 'ATAQUERO (CARHUAC)');
INSERT INTO `comuna` VALUES ('', 'ATAURA');
INSERT INTO `comuna` VALUES ('', 'ATAVILLOS ALTO');
INSERT INTO `comuna` VALUES ('', 'ATAVILLOS BAJO');
INSERT INTO `comuna` VALUES ('', 'ATE ');
INSERT INTO `comuna` VALUES ('', 'ATICO');
INSERT INTO `comuna` VALUES ('', 'ATIQUIPA');
INSERT INTO `comuna` VALUES ('', 'ATUNCOLLA');
INSERT INTO `comuna` VALUES ('', 'AUCALLAMA');
INSERT INTO `comuna` VALUES ('', 'AUCARA');
INSERT INTO `comuna` VALUES ('', 'AURAHUA');
INSERT INTO `comuna` VALUES ('', 'AYABACA');
INSERT INTO `comuna` VALUES ('', 'AYACUCHO');
INSERT INTO `comuna` VALUES ('', 'AYAHUANCO');
INSERT INTO `comuna` VALUES ('', 'AYAPATA');
INSERT INTO `comuna` VALUES ('', 'AYAUCA');
INSERT INTO `comuna` VALUES ('', 'AYAVI');
INSERT INTO `comuna` VALUES ('', 'AYAVIRI');
INSERT INTO `comuna` VALUES ('', 'AYNA');
INSERT INTO `comuna` VALUES ('', 'AYO');
INSERT INTO `comuna` VALUES ('', 'AZANGARO');
INSERT INTO `comuna` VALUES ('', 'BAGUA GRANDE');
INSERT INTO `comuna` VALUES ('', 'BALSAPUERTO');
INSERT INTO `comuna` VALUES ('', 'BALSAS');
INSERT INTO `comuna` VALUES ('', 'BAMBAMARCA');
INSERT INTO `comuna` VALUES ('', 'BAMBAS');
INSERT INTO `comuna` VALUES ('', 'BANOS');
INSERT INTO `comuna` VALUES ('', 'BARRANCA');
INSERT INTO `comuna` VALUES ('', 'BARRANCO ');
INSERT INTO `comuna` VALUES ('', 'BELEN');
INSERT INTO `comuna` VALUES ('', 'BELLA UNION');
INSERT INTO `comuna` VALUES ('', 'BELLAVISTA');
INSERT INTO `comuna` VALUES ('', 'BELLAVISTA DE LA UNION');
INSERT INTO `comuna` VALUES ('', 'BERNAL');
INSERT INTO `comuna` VALUES ('', 'BOLIVAR');
INSERT INTO `comuna` VALUES ('', 'BOLOGNESI');
INSERT INTO `comuna` VALUES ('', 'BRENA ');
INSERT INTO `comuna` VALUES ('', 'BUENA VISTA ALTA');
INSERT INTO `comuna` VALUES ('', 'BUENOS AIRES');
INSERT INTO `comuna` VALUES ('', 'BULDIBUYO');
INSERT INTO `comuna` VALUES ('', 'CABANA');
INSERT INTO `comuna` VALUES ('', 'CABANACONDE');
INSERT INTO `comuna` VALUES ('', 'CABANILLA');
INSERT INTO `comuna` VALUES ('', 'CABANILLAS (DEUSTUA)');
INSERT INTO `comuna` VALUES ('', 'CACERES DEL PERU');
INSERT INTO `comuna` VALUES ('', 'CACHACHI');
INSERT INTO `comuna` VALUES ('', 'CACHICADAN');
INSERT INTO `comuna` VALUES ('', 'CACHIMAYO');
INSERT INTO `comuna` VALUES ('', 'CACRA');
INSERT INTO `comuna` VALUES ('', 'CAHUAC');
INSERT INTO `comuna` VALUES ('', 'CAHUACHO');
INSERT INTO `comuna` VALUES ('', 'CAHUAPANA');
INSERT INTO `comuna` VALUES ('', 'CAICAY');
INSERT INTO `comuna` VALUES ('', 'CAIRANI');
INSERT INTO `comuna` VALUES ('', 'CAJA');
INSERT INTO `comuna` VALUES ('', 'CAJABAMBA');
INSERT INTO `comuna` VALUES ('', 'CAJACAY');
INSERT INTO `comuna` VALUES ('', 'CAJAMARCA');
INSERT INTO `comuna` VALUES ('', 'CAJAMARQUILLA');
INSERT INTO `comuna` VALUES ('', 'CAJARURO');
INSERT INTO `comuna` VALUES ('', 'CAJATAMBO (3200 MSNM)');
INSERT INTO `comuna` VALUES ('', 'CAJAY');
INSERT INTO `comuna` VALUES ('', 'CALAMARCA');
INSERT INTO `comuna` VALUES ('', 'CALANA');
INSERT INTO `comuna` VALUES ('', 'CALANGO');
INSERT INTO `comuna` VALUES ('', 'CALAPUJA');
INSERT INTO `comuna` VALUES ('', 'CALCA');
INSERT INTO `comuna` VALUES ('', 'CALETA DE CARQUIN');
INSERT INTO `comuna` VALUES ('', 'CALLAHUANCA');
INSERT INTO `comuna` VALUES ('', 'CALLALLI');
INSERT INTO `comuna` VALUES ('', 'CALLANMARCA');
INSERT INTO `comuna` VALUES ('', 'CALLAYUC');
INSERT INTO `comuna` VALUES ('', 'CALLERIA');
INSERT INTO `comuna` VALUES ('', 'CALQUIS');
INSERT INTO `comuna` VALUES ('', 'CAMANA');
INSERT INTO `comuna` VALUES ('', 'CAMANTI');
INSERT INTO `comuna` VALUES ('', 'CAMILACA');
INSERT INTO `comuna` VALUES ('', 'CAMINACA');
INSERT INTO `comuna` VALUES ('', 'CAMPORREDONDO');
INSERT INTO `comuna` VALUES ('', 'CAMPOVERDE');
INSERT INTO `comuna` VALUES ('', 'CANARIA');
INSERT INTO `comuna` VALUES ('', 'CANARIS');
INSERT INTO `comuna` VALUES ('', 'CANCHABAMBA');
INSERT INTO `comuna` VALUES ('', 'CANCHAQUE');
INSERT INTO `comuna` VALUES ('', 'CANCHAYLLO');
INSERT INTO `comuna` VALUES ('', 'CANDARAVE');
INSERT INTO `comuna` VALUES ('', 'CANGALLO');
INSERT INTO `comuna` VALUES ('', 'CANIS');
INSERT INTO `comuna` VALUES ('', 'CANTA');
INSERT INTO `comuna` VALUES ('', 'CAPACHICA');
INSERT INTO `comuna` VALUES ('', 'CAPACMARCA');
INSERT INTO `comuna` VALUES ('', 'CAPAYA');
INSERT INTO `comuna` VALUES ('', 'CAPAZO');
INSERT INTO `comuna` VALUES ('', 'CAPELO, EMILIO');
INSERT INTO `comuna` VALUES ('', 'CAPILLAS');
INSERT INTO `comuna` VALUES ('', 'CARABAMBA');
INSERT INTO `comuna` VALUES ('', 'CARABAYLLO ');
INSERT INTO `comuna` VALUES ('', 'CARACOTO');
INSERT INTO `comuna` VALUES ('', 'CARAMPOMA');
INSERT INTO `comuna` VALUES ('', 'CARANIA');
INSERT INTO `comuna` VALUES ('', 'CARAPO');
INSERT INTO `comuna` VALUES ('', 'CARAVELI');
INSERT INTO `comuna` VALUES ('', 'CARAYBAMBA');
INSERT INTO `comuna` VALUES ('', 'CARAZ');
INSERT INTO `comuna` VALUES ('', 'CARHUACALLANGA');
INSERT INTO `comuna` VALUES ('', 'CARHUAMAYO');
INSERT INTO `comuna` VALUES ('', 'CARHUANCA');
INSERT INTO `comuna` VALUES ('', 'CARHUAPAMPA');
INSERT INTO `comuna` VALUES ('', 'CARHUAZ');
INSERT INTO `comuna` VALUES ('', 'CARLOS F. FITZCARRALD');
INSERT INTO `comuna` VALUES ('', 'CARMEN');
INSERT INTO `comuna` VALUES ('', 'CARMEN ALTO');
INSERT INTO `comuna` VALUES ('', 'CARMEN SALCEDO');
INSERT INTO `comuna` VALUES ('', 'CARUMAS');
INSERT INTO `comuna` VALUES ('', 'CASA GRANDE');
INSERT INTO `comuna` VALUES ('', 'CASCA');
INSERT INTO `comuna` VALUES ('', 'CASCAPARA');
INSERT INTO `comuna` VALUES ('', 'CASCAS');
INSERT INTO `comuna` VALUES ('', 'CASHAPAMPA');
INSERT INTO `comuna` VALUES ('', 'CASITAS');
INSERT INTO `comuna` VALUES ('', 'CASMA');
INSERT INTO `comuna` VALUES ('', 'CASTILLA');
INSERT INTO `comuna` VALUES ('', 'CATAC');
INSERT INTO `comuna` VALUES ('', 'CATACAOS');
INSERT INTO `comuna` VALUES ('', 'CATACHE');
INSERT INTO `comuna` VALUES ('', 'CATAHUASI');
INSERT INTO `comuna` VALUES ('', 'CATILLUC');
INSERT INTO `comuna` VALUES ('', 'CAUJUL');
INSERT INTO `comuna` VALUES ('', 'CAYALTI');
INSERT INTO `comuna` VALUES ('', 'CAYARA');
INSERT INTO `comuna` VALUES ('', 'CAYARANI');
INSERT INTO `comuna` VALUES ('', 'CAYLLOMA');
INSERT INTO `comuna` VALUES ('', 'CAYMA');
INSERT INTO `comuna` VALUES ('', 'CAYNA');
INSERT INTO `comuna` VALUES ('', 'CCAPI');
INSERT INTO `comuna` VALUES ('', 'CCARHUAYO');
INSERT INTO `comuna` VALUES ('', 'CCATCA');
INSERT INTO `comuna` VALUES ('', 'CCOCHACCASA');
INSERT INTO `comuna` VALUES ('', 'CCORCA');
INSERT INTO `comuna` VALUES ('', 'CELENDIN');
INSERT INTO `comuna` VALUES ('', 'CERRO AZUL');
INSERT INTO `comuna` VALUES ('', 'CERRO COLORADO (LA LIBERTAD)');
INSERT INTO `comuna` VALUES ('', 'CHACABAMBA');
INSERT INTO `comuna` VALUES ('', 'CHACAPALPA');
INSERT INTO `comuna` VALUES ('', 'CHACAPAMPA');
INSERT INTO `comuna` VALUES ('', 'CHACAS');
INSERT INTO `comuna` VALUES ('', 'CHACAYAN');
INSERT INTO `comuna` VALUES ('', 'CHACCHO');
INSERT INTO `comuna` VALUES ('', 'CHACHAPOYAS');
INSERT INTO `comuna` VALUES ('', 'CHACHAS');
INSERT INTO `comuna` VALUES ('', 'CHACLACAYO ');
INSERT INTO `comuna` VALUES ('', 'CHACOCHE');
INSERT INTO `comuna` VALUES ('', 'CHADIN');
INSERT INTO `comuna` VALUES ('', 'CHAGLLA');
INSERT INTO `comuna` VALUES ('', 'CHALA');
INSERT INTO `comuna` VALUES ('', 'CHALACO');
INSERT INTO `comuna` VALUES ('', 'CHALAMARCA');
INSERT INTO `comuna` VALUES ('', 'CHALCOS');
INSERT INTO `comuna` VALUES ('', 'CHALHUANCA');
INSERT INTO `comuna` VALUES ('', 'CHALLABAMBA');
INSERT INTO `comuna` VALUES ('', 'CHALLHUAHUACHO');
INSERT INTO `comuna` VALUES ('', 'CHAMACA');
INSERT INTO `comuna` VALUES ('', 'CHAMBARA');
INSERT INTO `comuna` VALUES ('', 'CHANCAY');
INSERT INTO `comuna` VALUES ('', 'CHANCAYBANOS');
INSERT INTO `comuna` VALUES ('', 'CHANCHAMAYO (LA MERCED)');
INSERT INTO `comuna` VALUES ('', 'CHANGUILLO');
INSERT INTO `comuna` VALUES ('', 'CHAO');
INSERT INTO `comuna` VALUES ('', 'CHAPARRA(ACHANIZO)');
INSERT INTO `comuna` VALUES ('', 'CHAPIMARCA');
INSERT INTO `comuna` VALUES ('', 'CHARACATO');
INSERT INTO `comuna` VALUES ('', 'CHARAT');
INSERT INTO `comuna` VALUES ('', 'CHARCANA');
INSERT INTO `comuna` VALUES ('', 'CHAUPIMARCA (C. DE PASCO)');
INSERT INTO `comuna` VALUES ('', 'CHAVIN');
INSERT INTO `comuna` VALUES ('', 'CHAVIN DE HUANTAR');
INSERT INTO `comuna` VALUES ('', 'CHAVIN DE PARIARCA');
INSERT INTO `comuna` VALUES ('', 'CHAVINA');
INSERT INTO `comuna` VALUES ('', 'CHAVINILLO');
INSERT INTO `comuna` VALUES ('', 'CHECACUPE');
INSERT INTO `comuna` VALUES ('', 'CHECCA');
INSERT INTO `comuna` VALUES ('', 'CHECRAS');
INSERT INTO `comuna` VALUES ('', 'CHEPEN');
INSERT INTO `comuna` VALUES ('', 'CHETILLA');
INSERT INTO `comuna` VALUES ('', 'CHETO');
INSERT INTO `comuna` VALUES ('', 'CHIARA');
INSERT INTO `comuna` VALUES ('', 'CHICAMA');
INSERT INTO `comuna` VALUES ('', 'CHICCHE');
INSERT INTO `comuna` VALUES ('', 'CHICHAS');
INSERT INTO `comuna` VALUES ('', 'CHICLA');
INSERT INTO `comuna` VALUES ('', 'CHICLAYO');
INSERT INTO `comuna` VALUES ('', 'CHIGUATA');
INSERT INTO `comuna` VALUES ('', 'CHIGUIRIP');
INSERT INTO `comuna` VALUES ('', 'CHILCA');
INSERT INTO `comuna` VALUES ('', 'CHILCAS');
INSERT INTO `comuna` VALUES ('', 'CHILCAYMARCA');
INSERT INTO `comuna` VALUES ('', 'CHILCAYOC');
INSERT INTO `comuna` VALUES ('', 'CHILETE');
INSERT INTO `comuna` VALUES ('', 'CHILIQUIN');
INSERT INTO `comuna` VALUES ('', 'CHILLIA');
INSERT INTO `comuna` VALUES ('', 'CHIMBAN');
INSERT INTO `comuna` VALUES ('', 'CHIMBOTE');
INSERT INTO `comuna` VALUES ('', 'CHINCHA ALTA');
INSERT INTO `comuna` VALUES ('', 'CHINCHA BAJA');
INSERT INTO `comuna` VALUES ('', 'CHINCHAO(ACOMAYO)');
INSERT INTO `comuna` VALUES ('', 'CHINCHAYPUJIO');
INSERT INTO `comuna` VALUES ('', 'CHINCHERO');
INSERT INTO `comuna` VALUES ('', 'CHINCHEROS');
INSERT INTO `comuna` VALUES ('', 'CHINCHIUASI');
INSERT INTO `comuna` VALUES ('', 'CHINCHO');
INSERT INTO `comuna` VALUES ('', 'CHINGA');
INSERT INTO `comuna` VALUES ('', 'CHINGALPO');
INSERT INTO `comuna` VALUES ('', 'CHIPAO');
INSERT INTO `comuna` VALUES ('', 'CHIRIMOTO');
INSERT INTO `comuna` VALUES ('', 'CHIRINOS');
INSERT INTO `comuna` VALUES ('', 'CHISQUILLA');
INSERT INTO `comuna` VALUES ('', 'CHIVAY');
INSERT INTO `comuna` VALUES ('', 'CHOCHOPE');
INSERT INTO `comuna` VALUES ('', 'CHOCO');
INSERT INTO `comuna` VALUES ('', 'CHOCOPE');
INSERT INTO `comuna` VALUES ('', 'CHOCOS');
INSERT INTO `comuna` VALUES ('', 'CHOJATA');
INSERT INTO `comuna` VALUES ('', 'CHOLON(SAN PEDRO DE CHONTA)');
INSERT INTO `comuna` VALUES ('', 'CHONGOS ALTO');
INSERT INTO `comuna` VALUES ('', 'CHONGOS BAJO');
INSERT INTO `comuna` VALUES ('', 'CHONGOYAPE');
INSERT INTO `comuna` VALUES ('', 'CHONTABAMBA');
INSERT INTO `comuna` VALUES ('', 'CHONTALI');
INSERT INTO `comuna` VALUES ('', 'CHOROPAMPA');
INSERT INTO `comuna` VALUES ('', 'CHOROS');
INSERT INTO `comuna` VALUES ('', 'CHORRILLOS ');
INSERT INTO `comuna` VALUES ('', 'CHOTA');
INSERT INTO `comuna` VALUES ('', 'CHUCATAMANI');
INSERT INTO `comuna` VALUES ('', 'CHUCUITO');
INSERT INTO `comuna` VALUES ('', 'CHUGAY');
INSERT INTO `comuna` VALUES ('', 'CHUGUR');
INSERT INTO `comuna` VALUES ('', 'CHULUCANAS');
INSERT INTO `comuna` VALUES ('', 'CHUMPI');
INSERT INTO `comuna` VALUES ('', 'CHUMUCH');
INSERT INTO `comuna` VALUES ('', 'CHUNGUI');
INSERT INTO `comuna` VALUES ('', 'CHUPA');
INSERT INTO `comuna` VALUES ('', 'CHUPACA');
INSERT INTO `comuna` VALUES ('', 'CHUPAMARCAS');
INSERT INTO `comuna` VALUES ('', 'CHUPAN');
INSERT INTO `comuna` VALUES ('', 'CHUPURO');
INSERT INTO `comuna` VALUES ('', 'CHUQUIBAMBA');
INSERT INTO `comuna` VALUES ('', 'CHUQUIBAMBILLA');
INSERT INTO `comuna` VALUES ('', 'CHUQUIS');
INSERT INTO `comuna` VALUES ('', 'CHURUBAMBA');
INSERT INTO `comuna` VALUES ('', 'CHURUJA');
INSERT INTO `comuna` VALUES ('', 'CHUSCHI');
INSERT INTO `comuna` VALUES ('', 'CIENEGUILLA');
INSERT INTO `comuna` VALUES ('', 'CIRCA');
INSERT INTO `comuna` VALUES ('', 'CIUDAD NUEVA');
INSERT INTO `comuna` VALUES ('', 'COALAQUE');
INSERT INTO `comuna` VALUES ('', 'COASA');
INSERT INTO `comuna` VALUES ('', 'COATA');
INSERT INTO `comuna` VALUES ('', 'COAYLLO');
INSERT INTO `comuna` VALUES ('', 'COCABAMBA');
INSERT INTO `comuna` VALUES ('', 'COCACHACRA');
INSERT INTO `comuna` VALUES ('', 'COCAS');
INSERT INTO `comuna` VALUES ('', 'COCHABAMBA');
INSERT INTO `comuna` VALUES ('', 'COCHAMAL');
INSERT INTO `comuna` VALUES ('', 'COCHAMARCA');
INSERT INTO `comuna` VALUES ('', 'COCHAPETI');
INSERT INTO `comuna` VALUES ('', 'COCHARCAS');
INSERT INTO `comuna` VALUES ('', 'COCHAS');
INSERT INTO `comuna` VALUES ('', 'COCHAS (HUANCHAY)');
INSERT INTO `comuna` VALUES ('', 'COCHORCO (ARICAPAMPA)');
INSERT INTO `comuna` VALUES ('', 'CODO DEL POZUZO');
INSERT INTO `comuna` VALUES ('', 'COISHCO');
INSERT INTO `comuna` VALUES ('', 'COJATA');
INSERT INTO `comuna` VALUES ('', 'COLAN');
INSERT INTO `comuna` VALUES ('', 'COLASAY');
INSERT INTO `comuna` VALUES ('', 'COLCA');
INSERT INTO `comuna` VALUES ('', 'COLCABAMBA');
INSERT INTO `comuna` VALUES ('', 'COLCAMAR');
INSERT INTO `comuna` VALUES ('', 'COLCHA');
INSERT INTO `comuna` VALUES ('', 'COLONIA');
INSERT INTO `comuna` VALUES ('', 'COLPAS');
INSERT INTO `comuna` VALUES ('', 'COLQUEMARCA');
INSERT INTO `comuna` VALUES ('', 'COLQUEPATA');
INSERT INTO `comuna` VALUES ('', 'COLQUIOC (CHASQUITAMBO)');
INSERT INTO `comuna` VALUES ('', 'COLTA');
INSERT INTO `comuna` VALUES ('', 'COMANDANTE NOEL (PTO. CASMA)');
INSERT INTO `comuna` VALUES ('', 'COMAS');
INSERT INTO `comuna` VALUES ('', 'COMBAPATA');
INSERT INTO `comuna` VALUES ('', 'CONCEPCION');
INSERT INTO `comuna` VALUES ('', 'CONCHAMARCA');
INSERT INTO `comuna` VALUES ('', 'CONCHAN');
INSERT INTO `comuna` VALUES ('', 'CONCHUCOS');
INSERT INTO `comuna` VALUES ('', 'CONDEBAMBA (CAUDAY)');
INSERT INTO `comuna` VALUES ('', 'CONDORMARCA');
INSERT INTO `comuna` VALUES ('', 'CONDOROMA');
INSERT INTO `comuna` VALUES ('', 'CONDURIRI');
INSERT INTO `comuna` VALUES ('', 'CONGALLA');
INSERT INTO `comuna` VALUES ('', 'CONGAS');
INSERT INTO `comuna` VALUES ('', 'CONILA (COHECHAN)');
INSERT INTO `comuna` VALUES ('', 'CONIMA');
INSERT INTO `comuna` VALUES ('', 'CONTAMANA');
INSERT INTO `comuna` VALUES ('', 'CONTUMAZA');
INSERT INTO `comuna` VALUES ('', 'COPA (3410 MSNM).');
INSERT INTO `comuna` VALUES ('', 'COPALLIN');
INSERT INTO `comuna` VALUES ('', 'COPANI');
INSERT INTO `comuna` VALUES ('', 'COPORAQUE');
INSERT INTO `comuna` VALUES ('', 'CORACORA');
INSERT INTO `comuna` VALUES ('', 'CORANI');
INSERT INTO `comuna` VALUES ('', 'CORCULLA');
INSERT INTO `comuna` VALUES ('', 'CORDOVA');
INSERT INTO `comuna` VALUES ('', 'CORIS');
INSERT INTO `comuna` VALUES ('', 'CORONEL CASTANEDA');
INSERT INTO `comuna` VALUES ('', 'CORONGO');
INSERT INTO `comuna` VALUES ('', 'COROSHA');
INSERT INTO `comuna` VALUES ('', 'CORTEGANA (CHIMUCH)');
INSERT INTO `comuna` VALUES ('', 'COSPAN');
INSERT INTO `comuna` VALUES ('', 'COTABAMBAS');
INSERT INTO `comuna` VALUES ('', 'COTAHUASI');
INSERT INTO `comuna` VALUES ('', 'COTAPARACO');
INSERT INTO `comuna` VALUES ('', 'COTARUSE');
INSERT INTO `comuna` VALUES ('', 'COVIRIALI');
INSERT INTO `comuna` VALUES ('', 'COYA');
INSERT INTO `comuna` VALUES ('', 'COYLLURQUI');
INSERT INTO `comuna` VALUES ('', 'CRISTO NOS VALGA');
INSERT INTO `comuna` VALUES ('', 'CRUCERO');
INSERT INTO `comuna` VALUES ('', 'CUCHUMBAYA');
INSERT INTO `comuna` VALUES ('', 'CUENCA');
INSERT INTO `comuna` VALUES ('', 'CUISPES');
INSERT INTO `comuna` VALUES ('', 'CUJILLO');
INSERT INTO `comuna` VALUES ('', 'CULEBRAS (LA CALETA DE CULEB');
INSERT INTO `comuna` VALUES ('', 'CULLHUAS');
INSERT INTO `comuna` VALUES ('', 'CUMBA');
INSERT INTO `comuna` VALUES ('', 'CUPI');
INSERT INTO `comuna` VALUES ('', 'CUPISNIQUE (EL TRINIDAD)');
INSERT INTO `comuna` VALUES ('', 'CURA MORI');
INSERT INTO `comuna` VALUES ('', 'CURAHUASI');
INSERT INTO `comuna` VALUES ('', 'CURASCO');
INSERT INTO `comuna` VALUES ('', 'CURGOS');
INSERT INTO `comuna` VALUES ('', 'CURIBAYA');
INSERT INTO `comuna` VALUES ('', 'CURICACA (EL ROSARIO)');
INSERT INTO `comuna` VALUES ('', 'CURIMANA');
INSERT INTO `comuna` VALUES ('', 'CURPAHUASI');
INSERT INTO `comuna` VALUES ('', 'CUSCA');
INSERT INTO `comuna` VALUES ('', 'CUSCO');
INSERT INTO `comuna` VALUES ('', 'CUSIPATA');
INSERT INTO `comuna` VALUES ('', 'CUTERVO');
INSERT INTO `comuna` VALUES ('', 'CUTURAPI (SAN JUAN DE CUTURA');
INSERT INTO `comuna` VALUES ('', 'CUYOCUYO');
INSERT INTO `comuna` VALUES ('', 'DANIEL ALOMIA ROBLES');
INSERT INTO `comuna` VALUES ('', 'DANIEL HERNANDEZ');
INSERT INTO `comuna` VALUES ('', 'DEAN VALDIVIA(LA CURVA)');
INSERT INTO `comuna` VALUES ('', 'DESAGUADERO');
INSERT INTO `comuna` VALUES ('', 'ECHARATE');
INSERT INTO `comuna` VALUES ('', 'EDUARDO VILLANUEVA (LA GRAMA');
INSERT INTO `comuna` VALUES ('', 'EL AGUSTINO ');
INSERT INTO `comuna` VALUES ('', 'EL ALGARROBAL');
INSERT INTO `comuna` VALUES ('', 'EL ALTO');
INSERT INTO `comuna` VALUES ('', 'EL ARENAL');
INSERT INTO `comuna` VALUES ('', 'EL CARMEN');
INSERT INTO `comuna` VALUES ('', 'EL CARMEN DE LA FRONTERA');
INSERT INTO `comuna` VALUES ('', 'EL CENEPA (HUAMPAMI)');
INSERT INTO `comuna` VALUES ('', 'EL INGENIO');
INSERT INTO `comuna` VALUES ('', 'EL MANTARO (PUCUCHO)');
INSERT INTO `comuna` VALUES ('', 'EL MILAGRO');
INSERT INTO `comuna` VALUES ('', 'EL ORO');
INSERT INTO `comuna` VALUES ('', 'EL PARCO');
INSERT INTO `comuna` VALUES ('', 'EL PORVENIR');
INSERT INTO `comuna` VALUES ('', 'EL PRADO');
INSERT INTO `comuna` VALUES ('', 'EL TALLAN');
INSERT INTO `comuna` VALUES ('', 'EL TAMBO');
INSERT INTO `comuna` VALUES ('', 'ELEAZAR GUZMAN BARRON');
INSERT INTO `comuna` VALUES ('', 'ENCANADA');
INSERT INTO `comuna` VALUES ('', 'ESPINAR');
INSERT INTO `comuna` VALUES ('', 'ESTIQUE');
INSERT INTO `comuna` VALUES ('', 'ESTIQUE-PAMPA');
INSERT INTO `comuna` VALUES ('', 'ETEN');
INSERT INTO `comuna` VALUES ('', 'ETEN PUERTO');
INSERT INTO `comuna` VALUES ('', 'FERRENAFE');
INSERT INTO `comuna` VALUES ('', 'FIDEL OLIVAS ESCUDERO (SANAC');
INSERT INTO `comuna` VALUES ('', 'FITZCARRALD');
INSERT INTO `comuna` VALUES ('', 'FLORENCIA DE MORA');
INSERT INTO `comuna` VALUES ('', 'FLORIDA');
INSERT INTO `comuna` VALUES ('', 'FRIAS');
INSERT INTO `comuna` VALUES ('', 'GAMARRA (PALPACACHI)');
INSERT INTO `comuna` VALUES ('', 'GORGOR (3074 MSNM)');
INSERT INTO `comuna` VALUES ('', 'GOYLLARISQUIZGA');
INSERT INTO `comuna` VALUES ('', 'GRANADA');
INSERT INTO `comuna` VALUES ('', 'GREGORIO PITA (PAUCAMARCA)');
INSERT INTO `comuna` VALUES ('', 'GROCIO PRADO (SAN PEDRO)');
INSERT INTO `comuna` VALUES ('', 'GUADALUPE');
INSERT INTO `comuna` VALUES ('', 'GUADALUPITO');
INSERT INTO `comuna` VALUES ('', 'GUZMANGO');
INSERT INTO `comuna` VALUES ('', 'HAQUIRA');
INSERT INTO `comuna` VALUES ('', 'HERMILIO VALDIZAN');
INSERT INTO `comuna` VALUES ('', 'HEROINAS TOLEDO (SAN ANTONIO');
INSERT INTO `comuna` VALUES ('', 'HEUPETUHE');
INSERT INTO `comuna` VALUES ('', 'HONGOS');
INSERT INTO `comuna` VALUES ('', 'HONORIA');
INSERT INTO `comuna` VALUES ('', 'HUABAL');
INSERT INTO `comuna` VALUES ('', 'HUAC HUACS');
INSERT INTO `comuna` VALUES ('', 'HUACACHI');
INSERT INTO `comuna` VALUES ('', 'HUACANA');
INSERT INTO `comuna` VALUES ('', 'HUACAR');
INSERT INTO `comuna` VALUES ('', 'HUACASCHUQUE');
INSERT INTO `comuna` VALUES ('', 'HUACAYBAMBA');
INSERT INTO `comuna` VALUES ('', 'HUACCANA');
INSERT INTO `comuna` VALUES ('', 'HUACCHIS');
INSERT INTO `comuna` VALUES ('', 'HUACHAC');
INSERT INTO `comuna` VALUES ('', 'HUACHIS');
INSERT INTO `comuna` VALUES ('', 'HUACHO');
INSERT INTO `comuna` VALUES ('', 'HUACHOCOLPA');
INSERT INTO `comuna` VALUES ('', 'HUACHON');
INSERT INTO `comuna` VALUES ('', 'HUACHOS');
INSERT INTO `comuna` VALUES ('', 'HUACHUPAMPA');
INSERT INTO `comuna` VALUES ('', 'HUACLLAN');
INSERT INTO `comuna` VALUES ('', 'HUACRACHUCO');
INSERT INTO `comuna` VALUES ('', 'HUACRAPUQUIO');
INSERT INTO `comuna` VALUES ('', 'HUACULLANI');
INSERT INTO `comuna` VALUES ('', 'HUALGAYOC');
INSERT INTO `comuna` VALUES ('', 'HUALHUAS');
INSERT INTO `comuna` VALUES ('', 'HUALLANCA');
INSERT INTO `comuna` VALUES ('', 'HUALMAY');
INSERT INTO `comuna` VALUES ('', 'HUAMACHUCO');
INSERT INTO `comuna` VALUES ('', 'HUAMALI');
INSERT INTO `comuna` VALUES ('', 'HUAMANCACA CHICO');
INSERT INTO `comuna` VALUES ('', 'HUAMANGUILLA');
INSERT INTO `comuna` VALUES ('', 'HUAMANQUIQUIA');
INSERT INTO `comuna` VALUES ('', 'HUAMANTAMBO');
INSERT INTO `comuna` VALUES ('', 'HUAMANTANGA');
INSERT INTO `comuna` VALUES ('', 'HUAMBALPA');
INSERT INTO `comuna` VALUES ('', 'HUAMBO');
INSERT INTO `comuna` VALUES ('', 'HUAMBOS');
INSERT INTO `comuna` VALUES ('', 'HUAMPARA');
INSERT INTO `comuna` VALUES ('', 'HUANCA');
INSERT INTO `comuna` VALUES ('', 'HUANCA HUANCA');
INSERT INTO `comuna` VALUES ('', 'HUANCABAMBA');
INSERT INTO `comuna` VALUES ('', 'HUANCAN');
INSERT INTO `comuna` VALUES ('', 'HUANCANE');
INSERT INTO `comuna` VALUES ('', 'HUANCANO');
INSERT INTO `comuna` VALUES ('', 'HUANCAPI');
INSERT INTO `comuna` VALUES ('', 'HUANCAPON (3145 MSNM)');
INSERT INTO `comuna` VALUES ('', 'HUANCARAMA');
INSERT INTO `comuna` VALUES ('', 'HUANCARANI');
INSERT INTO `comuna` VALUES ('', 'HUANCARAY');
INSERT INTO `comuna` VALUES ('', 'HUANCARAYLLA');
INSERT INTO `comuna` VALUES ('', 'HUANCARQUI');
INSERT INTO `comuna` VALUES ('', 'HUANCAS');
INSERT INTO `comuna` VALUES ('', 'HUANCASPATA');
INSERT INTO `comuna` VALUES ('', 'HUANCAYA');
INSERT INTO `comuna` VALUES ('', 'HUANCAYO');
INSERT INTO `comuna` VALUES ('', 'HUANCHACO');
INSERT INTO `comuna` VALUES ('', 'HUANCHAY');
INSERT INTO `comuna` VALUES ('', 'HUANDOVAL');
INSERT INTO `comuna` VALUES ('', 'HUANEC');
INSERT INTO `comuna` VALUES ('', 'HUANGASCAR');
INSERT INTO `comuna` VALUES ('', 'HUANIPACA');
INSERT INTO `comuna` VALUES ('', 'HUANOQUITE');
INSERT INTO `comuna` VALUES ('', 'HUANTA');
INSERT INTO `comuna` VALUES ('', 'HUANTAN');
INSERT INTO `comuna` VALUES ('', 'HUANTAR');
INSERT INTO `comuna` VALUES ('', 'HUANUARA');
INSERT INTO `comuna` VALUES ('', 'HUANUCO');
INSERT INTO `comuna` VALUES ('', 'HUANUHUANU(TOCOTA)');
INSERT INTO `comuna` VALUES ('', 'HUANZA');
INSERT INTO `comuna` VALUES ('', 'HUAQUIRCA');
INSERT INTO `comuna` VALUES ('', 'HUARAL');
INSERT INTO `comuna` VALUES ('', 'HUARANCHAL');
INSERT INTO `comuna` VALUES ('', 'HUARANGO');
INSERT INTO `comuna` VALUES ('', 'HUARAZ');
INSERT INTO `comuna` VALUES ('', 'HUARI');
INSERT INTO `comuna` VALUES ('', 'HUARIACA');
INSERT INTO `comuna` VALUES ('', 'HUARIBAMBA');
INSERT INTO `comuna` VALUES ('', 'HUARICOLCA');
INSERT INTO `comuna` VALUES ('', 'HUARIPAMPA');
INSERT INTO `comuna` VALUES ('', 'HUARMACA');
INSERT INTO `comuna` VALUES ('', 'HUARMEY');
INSERT INTO `comuna` VALUES ('', 'HUARO');
INSERT INTO `comuna` VALUES ('', 'HUAROCHIRI');
INSERT INTO `comuna` VALUES ('', 'HUAROCONDO');
INSERT INTO `comuna` VALUES ('', 'HUAROS');
INSERT INTO `comuna` VALUES ('', 'HUASAHUASI');
INSERT INTO `comuna` VALUES ('', 'HUASICANCHA');
INSERT INTO `comuna` VALUES ('', 'HUASMIN');
INSERT INTO `comuna` VALUES ('', 'HUASO');
INSERT INTO `comuna` VALUES ('', 'HUASTA');
INSERT INTO `comuna` VALUES ('', 'HUATA');
INSERT INTO `comuna` VALUES ('', 'HUATASANI');
INSERT INTO `comuna` VALUES ('', 'HUAURA');
INSERT INTO `comuna` VALUES ('', 'HUAYA');
INSERT INTO `comuna` VALUES ('', 'HUAYAN');
INSERT INTO `comuna` VALUES ('', 'HUAYANA');
INSERT INTO `comuna` VALUES ('', 'HUAYCUNDO ARMA');
INSERT INTO `comuna` VALUES ('', 'HUAY-HUAY');
INSERT INTO `comuna` VALUES ('', 'HUAYLAS');
INSERT INTO `comuna` VALUES ('', 'HUAYLILLAS');
INSERT INTO `comuna` VALUES ('', 'HUAYLLABAMBA');
INSERT INTO `comuna` VALUES ('', 'HUAYLLACAYAN');
INSERT INTO `comuna` VALUES ('', 'HUAYLLAN');
INSERT INTO `comuna` VALUES ('', 'HUAYLLAPAMPA');
INSERT INTO `comuna` VALUES ('', 'HUAYLLATI');
INSERT INTO `comuna` VALUES ('', 'HUAYLLAY');
INSERT INTO `comuna` VALUES ('', 'HUAYLLAY GRANDE');
INSERT INTO `comuna` VALUES ('', 'HUAYLLO');
INSERT INTO `comuna` VALUES ('', 'HUAYNACOTAS(TAURISMA)');
INSERT INTO `comuna` VALUES ('', 'HUAYO');
INSERT INTO `comuna` VALUES ('', 'HUAYOPATA');
INSERT INTO `comuna` VALUES ('', 'HUAYRAPATA');
INSERT INTO `comuna` VALUES ('', 'HUAYTARA');
INSERT INTO `comuna` VALUES ('', 'HUAYUCACHI');
INSERT INTO `comuna` VALUES ('', 'HUERTAS');
INSERT INTO `comuna` VALUES ('', 'HUMAY');
INSERT INTO `comuna` VALUES ('', 'IBERIA');
INSERT INTO `comuna` VALUES ('', 'ICHOCAN');
INSERT INTO `comuna` VALUES ('', 'ICHUNA');
INSERT INTO `comuna` VALUES ('', 'ICHUPAMPA');
INSERT INTO `comuna` VALUES ('', 'IGNACIO ESCUDERO');
INSERT INTO `comuna` VALUES ('', 'IGUAIN');
INSERT INTO `comuna` VALUES ('', 'IHUARI');
INSERT INTO `comuna` VALUES ('', 'ILABAYA');
INSERT INTO `comuna` VALUES ('', 'ILAVE');
INSERT INTO `comuna` VALUES ('', 'ILLIMO');
INSERT INTO `comuna` VALUES ('', 'ILO');
INSERT INTO `comuna` VALUES ('', 'IMAZA (CHIRIACO)');
INSERT INTO `comuna` VALUES ('', 'IMPERIAL');
INSERT INTO `comuna` VALUES ('', 'INAHUAYA');
INSERT INTO `comuna` VALUES ('', 'INAMBARI (MAZUCO)');
INSERT INTO `comuna` VALUES ('', 'INAPARI');
INSERT INTO `comuna` VALUES ('', 'INCAHUASI');
INSERT INTO `comuna` VALUES ('', 'INCHUPALLA');
INSERT INTO `comuna` VALUES ('', 'INCLAN (SAMA GRANDE)');
INSERT INTO `comuna` VALUES ('', 'INDEPENDENCIA');
INSERT INTO `comuna` VALUES ('', 'INDEPENDENCIA (CENTENARIO)');
INSERT INTO `comuna` VALUES ('', 'INGENIO');
INSERT INTO `comuna` VALUES ('', 'INGUILPATA');
INSERT INTO `comuna` VALUES ('', 'IPARIA');
INSERT INTO `comuna` VALUES ('', 'IRAY');
INSERT INTO `comuna` VALUES ('', 'IRAZOLA');
INSERT INTO `comuna` VALUES ('', 'ISLAY');
INSERT INTO `comuna` VALUES ('', 'ITE');
INSERT INTO `comuna` VALUES ('', 'ITUATA (TAMBILLOS)');
INSERT INTO `comuna` VALUES ('', 'JACAS CHICO(SAN CRISTOBAL DE');
INSERT INTO `comuna` VALUES ('', 'JACAS GRANDE');
INSERT INTO `comuna` VALUES ('', 'JACOBO HUNTER');
INSERT INTO `comuna` VALUES ('', 'JAEN');
INSERT INTO `comuna` VALUES ('', 'JAMALCA');
INSERT INTO `comuna` VALUES ('', 'JANGAS');
INSERT INTO `comuna` VALUES ('', 'JANJAILLO');
INSERT INTO `comuna` VALUES ('', 'JAQUI');
INSERT INTO `comuna` VALUES ('', 'JAUJA');
INSERT INTO `comuna` VALUES ('', 'JAYANCA');
INSERT INTO `comuna` VALUES ('', 'JAZAN (PEDRO RUIZ GALLO)');
INSERT INTO `comuna` VALUES ('', 'JEBEROS');
INSERT INTO `comuna` VALUES ('', 'JENAROHERRERA');
INSERT INTO `comuna` VALUES ('', 'JEQUETEPEQUE');
INSERT INTO `comuna` VALUES ('', 'JESUS');
INSERT INTO `comuna` VALUES ('', 'JESUS MARIA');
INSERT INTO `comuna` VALUES ('', 'JESUS NAZARENO');
INSERT INTO `comuna` VALUES ('', 'JILILI');
INSERT INTO `comuna` VALUES ('', 'JIRCAN');
INSERT INTO `comuna` VALUES ('', 'JIVIA');
INSERT INTO `comuna` VALUES ('', 'JORGE CHAVEZ (LUCMAPAMPA)');
INSERT INTO `comuna` VALUES ('', 'JOSE CRESPO Y CASTILLO(AUCAY');
INSERT INTO `comuna` VALUES ('', 'JOSE DOMINGO CHOQUEHUANCA (E');
INSERT INTO `comuna` VALUES ('', 'JOSE GALVEZ (HUACAPAMPA)');
INSERT INTO `comuna` VALUES ('', 'JOSE LEONARDO ORTIZ');
INSERT INTO `comuna` VALUES ('', 'JOSE LUIS BUSTAMANTE Y RIVER');
INSERT INTO `comuna` VALUES ('', 'JOSE MANUEL QUIROZ (SHIRAC)');
INSERT INTO `comuna` VALUES ('', 'JOSE MARIA QUIMPER(EL CARDO)');
INSERT INTO `comuna` VALUES ('', 'JOSE SABOGAL (VENECIA)');
INSERT INTO `comuna` VALUES ('', 'JUAN ESPINOZA MEDRANO (MOLLE');
INSERT INTO `comuna` VALUES ('', 'JUANJUI');
INSERT INTO `comuna` VALUES ('', 'JULCAMARCA');
INSERT INTO `comuna` VALUES ('', 'JULCAN');
INSERT INTO `comuna` VALUES ('', 'JULI');
INSERT INTO `comuna` VALUES ('', 'JULIACA');
INSERT INTO `comuna` VALUES ('', 'JUMBILLA');
INSERT INTO `comuna` VALUES ('', 'JUNIN');
INSERT INTO `comuna` VALUES ('', 'JUSTO APU SAHUARAURA (PICHIH');
INSERT INTO `comuna` VALUES ('', 'KAQUIABAMBA');
INSERT INTO `comuna` VALUES ('', 'KELLUYO');
INSERT INTO `comuna` VALUES ('', 'KISHUARA');
INSERT INTO `comuna` VALUES ('', 'KOSNIPATA');
INSERT INTO `comuna` VALUES ('', 'KUNTURKANKI');
INSERT INTO `comuna` VALUES ('', 'LA ARENA');
INSERT INTO `comuna` VALUES ('', 'LA BREA');
INSERT INTO `comuna` VALUES ('', 'LA CAPILLA');
INSERT INTO `comuna` VALUES ('', 'LA COIPA');
INSERT INTO `comuna` VALUES ('', 'LA CRUZ Y CORRALES');
INSERT INTO `comuna` VALUES ('', 'LA CUESTA');
INSERT INTO `comuna` VALUES ('', 'LA ESPERANZA');
INSERT INTO `comuna` VALUES ('', 'LA FLORIDA');
INSERT INTO `comuna` VALUES ('', 'LA HUACA');
INSERT INTO `comuna` VALUES ('', 'LA JALCA');
INSERT INTO `comuna` VALUES ('', 'LA JOYA');
INSERT INTO `comuna` VALUES ('', 'LA LIBERTAD (CAJAMARQUILLA)');
INSERT INTO `comuna` VALUES ('', 'LA LIBERTAD DE PALLAN');
INSERT INTO `comuna` VALUES ('', 'LA MATANZA');
INSERT INTO `comuna` VALUES ('', 'LA MERCED');
INSERT INTO `comuna` VALUES ('', 'LA MOLINA');
INSERT INTO `comuna` VALUES ('', 'LA OROYA');
INSERT INTO `comuna` VALUES ('', 'LA PAMPA');
INSERT INTO `comuna` VALUES ('', 'LA PECA (BAGUA)');
INSERT INTO `comuna` VALUES ('', 'LA PRIMAVERA (GORGORILLO)');
INSERT INTO `comuna` VALUES ('', 'LA RAMADA');
INSERT INTO `comuna` VALUES ('', 'LA TINGUINA');
INSERT INTO `comuna` VALUES ('', 'LA UNION');
INSERT INTO `comuna` VALUES ('', 'LA UNION (LETICIA)');
INSERT INTO `comuna` VALUES ('', 'LA VICTORIA');
INSERT INTO `comuna` VALUES ('', 'LA VICTORIA ');
INSERT INTO `comuna` VALUES ('', 'LABERINTO (PTO. ROSARIO DE L');
INSERT INTO `comuna` VALUES ('', 'LACABAMBA');
INSERT INTO `comuna` VALUES ('', 'LACHAQUI');
INSERT INTO `comuna` VALUES ('', 'LAGUNA');
INSERT INTO `comuna` VALUES ('', 'LAGUNAS');
INSERT INTO `comuna` VALUES ('', 'LAHUAYTAMBO');
INSERT INTO `comuna` VALUES ('', 'LAJAS');
INSERT INTO `comuna` VALUES ('', 'LALAQUIZ');
INSERT INTO `comuna` VALUES ('', 'LAMAY');
INSERT INTO `comuna` VALUES ('', 'LAMBAYEQUE');
INSERT INTO `comuna` VALUES ('', 'LAMBRAMA');
INSERT INTO `comuna` VALUES ('', 'LAMPA');
INSERT INTO `comuna` VALUES ('', 'LAMPIAN');
INSERT INTO `comuna` VALUES ('', 'LAMUD');
INSERT INTO `comuna` VALUES ('', 'LANCONES');
INSERT INTO `comuna` VALUES ('', 'LANGA');
INSERT INTO `comuna` VALUES ('', 'LANGUI');
INSERT INTO `comuna` VALUES ('', 'LARAMARCA');
INSERT INTO `comuna` VALUES ('', 'LARAMATE');
INSERT INTO `comuna` VALUES ('', 'LARAOS');
INSERT INTO `comuna` VALUES ('', 'LAREDO');
INSERT INTO `comuna` VALUES ('', 'LARES');
INSERT INTO `comuna` VALUES ('', 'LARI');
INSERT INTO `comuna` VALUES ('', 'LAS LOMAS');
INSERT INTO `comuna` VALUES ('', 'LAS PIEDRAS ');
INSERT INTO `comuna` VALUES ('', 'LAS PIRIAS');
INSERT INTO `comuna` VALUES ('', 'LAYO');
INSERT INTO `comuna` VALUES ('', 'LEIMEBAMBA');
INSERT INTO `comuna` VALUES ('', 'LEONCIO PRADO');
INSERT INTO `comuna` VALUES ('', 'LEONOR ORDONEZ (HUANCANI)');
INSERT INTO `comuna` VALUES ('', 'LEVANTO');
INSERT INTO `comuna` VALUES ('', 'LIMA ');
INSERT INTO `comuna` VALUES ('', 'LIMABAMBA');
INSERT INTO `comuna` VALUES ('', 'LIMATAMBO');
INSERT INTO `comuna` VALUES ('', 'LIMBANI');
INSERT INTO `comuna` VALUES ('', 'LINCE ');
INSERT INTO `comuna` VALUES ('', 'LINCHA');
INSERT INTO `comuna` VALUES ('', 'LIRCAY');
INSERT INTO `comuna` VALUES ('', 'LIVITACA');
INSERT INTO `comuna` VALUES ('', 'LLACANORA');
INSERT INTO `comuna` VALUES ('', 'LLACLLIN');
INSERT INTO `comuna` VALUES ('', 'LLALLI');
INSERT INTO `comuna` VALUES ('', 'LLAMA');
INSERT INTO `comuna` VALUES ('', 'LLAMAS');
INSERT INTO `comuna` VALUES ('', 'LLAMELLIN');
INSERT INTO `comuna` VALUES ('', 'LLAPA');
INSERT INTO `comuna` VALUES ('', 'LLAPO');
INSERT INTO `comuna` VALUES ('', 'LLATA');
INSERT INTO `comuna` VALUES ('', 'LLAUTA');
INSERT INTO `comuna` VALUES ('', 'LLAYLLA');
INSERT INTO `comuna` VALUES ('', 'LLIPA');
INSERT INTO `comuna` VALUES ('', 'LLIPATA');
INSERT INTO `comuna` VALUES ('', 'LLOCHEGUA');
INSERT INTO `comuna` VALUES ('', 'LLOCLLAPAMPA');
INSERT INTO `comuna` VALUES ('', 'LLOQUE');
INSERT INTO `comuna` VALUES ('', 'LLUMPA');
INSERT INTO `comuna` VALUES ('', 'LLUSCO');
INSERT INTO `comuna` VALUES ('', 'LLUTA');
INSERT INTO `comuna` VALUES ('', 'LOBITOS');
INSERT INTO `comuna` VALUES ('', 'LOCROJA');
INSERT INTO `comuna` VALUES ('', 'LOCUMBA');
INSERT INTO `comuna` VALUES ('', 'LOMAS');
INSERT INTO `comuna` VALUES ('', 'LONGAR');
INSERT INTO `comuna` VALUES ('', 'LONGOTEA');
INSERT INTO `comuna` VALUES ('', 'LONGUITA');
INSERT INTO `comuna` VALUES ('', 'LONYA CHICO');
INSERT INTO `comuna` VALUES ('', 'LONYA GRANDE');
INSERT INTO `comuna` VALUES ('', 'LOS AQUIJES');
INSERT INTO `comuna` VALUES ('', 'LOS BANOS DEL INCA');
INSERT INTO `comuna` VALUES ('', 'LOS MOROCHUCOS');
INSERT INTO `comuna` VALUES ('', 'LOS OLIVOS ');
INSERT INTO `comuna` VALUES ('', 'LOS ORGANOS');
INSERT INTO `comuna` VALUES ('', 'LUCANAS');
INSERT INTO `comuna` VALUES ('', 'LUCMA');
INSERT INTO `comuna` VALUES ('', 'LUCRE');
INSERT INTO `comuna` VALUES ('', 'LUIS CARRANZA');
INSERT INTO `comuna` VALUES ('', 'LUNAHUANA');
INSERT INTO `comuna` VALUES ('', 'LURICOCHA');
INSERT INTO `comuna` VALUES ('', 'LURIGANCHO-CHOSICA');
INSERT INTO `comuna` VALUES ('', 'LURIN ');
INSERT INTO `comuna` VALUES ('', 'LUYA');
INSERT INTO `comuna` VALUES ('', 'LUYA VIEJO');
INSERT INTO `comuna` VALUES ('', 'LUYANDO');
INSERT INTO `comuna` VALUES ('', 'MACA');
INSERT INTO `comuna` VALUES ('', 'MACARI');
INSERT INTO `comuna` VALUES ('', 'MACATE');
INSERT INTO `comuna` VALUES ('', 'MACHAGUAY');
INSERT INTO `comuna` VALUES ('', 'MACHE');
INSERT INTO `comuna` VALUES ('', 'MACHUPICCHU');
INSERT INTO `comuna` VALUES ('', 'MACUSANI');
INSERT INTO `comuna` VALUES ('', 'MADEAN');
INSERT INTO `comuna` VALUES ('', 'MADRE DE DIOS');
INSERT INTO `comuna` VALUES ('', 'MADRIGAL');
INSERT INTO `comuna` VALUES ('', 'MAGDALENA');
INSERT INTO `comuna` VALUES ('', 'MAGDALENA DE CAO');
INSERT INTO `comuna` VALUES ('', 'MAGDALENA DEL MAR');
INSERT INTO `comuna` VALUES ('', 'MALA');
INSERT INTO `comuna` VALUES ('', 'MALVAS');
INSERT INTO `comuna` VALUES ('', 'MAMARA');
INSERT INTO `comuna` VALUES ('', 'MANANTAY');
INSERT INTO `comuna` VALUES ('', 'MANAS (2575 MSNM)');
INSERT INTO `comuna` VALUES ('', 'MANAZO');
INSERT INTO `comuna` VALUES ('', 'MANCORA');
INSERT INTO `comuna` VALUES ('', 'MANCOS');
INSERT INTO `comuna` VALUES ('', 'MANGAS');
INSERT INTO `comuna` VALUES ('', 'MANSERICHE');
INSERT INTO `comuna` VALUES ('', 'MANU');
INSERT INTO `comuna` VALUES ('', 'MANUEL A. MESONES MURO');
INSERT INTO `comuna` VALUES ('', 'MANZANARES (SAN MIGUEL)');
INSERT INTO `comuna` VALUES ('', 'MAQUIA');
INSERT INTO `comuna` VALUES ('', 'MARA');
INSERT INTO `comuna` VALUES ('', 'MARANGANI');
INSERT INTO `comuna` VALUES ('', 'MARANURA');
INSERT INTO `comuna` VALUES ('', 'MARAS');
INSERT INTO `comuna` VALUES ('', 'MARCA');
INSERT INTO `comuna` VALUES ('', 'MARCABAL');
INSERT INTO `comuna` VALUES ('', 'MARCABAMBA');
INSERT INTO `comuna` VALUES ('', 'MARCAPATA');
INSERT INTO `comuna` VALUES ('', 'MARCAPOMACOCHA');
INSERT INTO `comuna` VALUES ('', 'MARCARA');
INSERT INTO `comuna` VALUES ('', 'MARCAVELICA');
INSERT INTO `comuna` VALUES ('', 'MARCO');
INSERT INTO `comuna` VALUES ('', 'MARCONA (SAN JUAN)');
INSERT INTO `comuna` VALUES ('', 'MARGOS');
INSERT INTO `comuna` VALUES ('', 'MARIA');
INSERT INTO `comuna` VALUES ('', 'MARIA PARADO DE BELLIDO');
INSERT INTO `comuna` VALUES ('', 'MARIANO DAMASO BERAUN(LAS PA');
INSERT INTO `comuna` VALUES ('', 'MARIANO MELGAR');
INSERT INTO `comuna` VALUES ('', 'MARIANO NICOLAS VALCARCEL(UR');
INSERT INTO `comuna` VALUES ('', 'MARIAS');
INSERT INTO `comuna` VALUES ('', 'MARIATANA');
INSERT INTO `comuna` VALUES ('', 'MARISCAL BENAVIDES');
INSERT INTO `comuna` VALUES ('', 'MARISCAL CACERES(SAN JOSE)');
INSERT INTO `comuna` VALUES ('', 'MARISCAL CASTILLA (DURAZNOPA');
INSERT INTO `comuna` VALUES ('', 'MARISCAL CASTILLA (MUCLLO)');
INSERT INTO `comuna` VALUES ('', 'MARMOT');
INSERT INTO `comuna` VALUES ('', 'MASIN');
INSERT INTO `comuna` VALUES ('', 'MASISEA');
INSERT INTO `comuna` VALUES ('', 'MASMA');
INSERT INTO `comuna` VALUES ('', 'MASMA CHICCHE');
INSERT INTO `comuna` VALUES ('', 'MATACOTO');
INSERT INTO `comuna` VALUES ('', 'MATAHUASI');
INSERT INTO `comuna` VALUES ('', 'MATALAQUE');
INSERT INTO `comuna` VALUES ('', 'MATAPALO Y AGUAS VERDES');
INSERT INTO `comuna` VALUES ('', 'MATARA');
INSERT INTO `comuna` VALUES ('', 'MATO');
INSERT INTO `comuna` VALUES ('', 'MATUCANA');
INSERT INTO `comuna` VALUES ('', 'MAZAMARI');
INSERT INTO `comuna` VALUES ('', 'MEJIA');
INSERT INTO `comuna` VALUES ('', 'MICAELA BASTIDAS (AYRIHUANCA');
INSERT INTO `comuna` VALUES ('', 'MIGUEL CHECA');
INSERT INTO `comuna` VALUES ('', 'MIGUEL DE MAYOC');
INSERT INTO `comuna` VALUES ('', 'MIGUEL IGLESIAS (CHALAN)');
INSERT INTO `comuna` VALUES ('', 'MILPUC');
INSERT INTO `comuna` VALUES ('', 'MIRACOSTA');
INSERT INTO `comuna` VALUES ('', 'MIRAFLORES');
INSERT INTO `comuna` VALUES ('', 'MIRGAS');
INSERT INTO `comuna` VALUES ('', 'MITO');
INSERT INTO `comuna` VALUES ('', 'MOCHE');
INSERT INTO `comuna` VALUES ('', 'MOCHUMI');
INSERT INTO `comuna` VALUES ('', 'MOHO');
INSERT INTO `comuna` VALUES ('', 'MOLINO');
INSERT INTO `comuna` VALUES ('', 'MOLINOPAMPA');
INSERT INTO `comuna` VALUES ('', 'MOLINOS');
INSERT INTO `comuna` VALUES ('', 'MOLLEBAMBA');
INSERT INTO `comuna` VALUES ('', 'MOLLEBAYA');
INSERT INTO `comuna` VALUES ('', 'MOLLENDO');
INSERT INTO `comuna` VALUES ('', 'MOLLEPAMPA');
INSERT INTO `comuna` VALUES ('', 'MOLLEPATA');
INSERT INTO `comuna` VALUES ('', 'MONOBAMBA');
INSERT INTO `comuna` VALUES ('', 'MONSEFU');
INSERT INTO `comuna` VALUES ('', 'MONTERO');
INSERT INTO `comuna` VALUES ('', 'MONTEVIDEO');
INSERT INTO `comuna` VALUES ('', 'MONZON');
INSERT INTO `comuna` VALUES ('', 'MOQUEGUA');
INSERT INTO `comuna` VALUES ('', 'MORCOLLA');
INSERT INTO `comuna` VALUES ('', 'MORO');
INSERT INTO `comuna` VALUES ('', 'MOROCOCHA');
INSERT INTO `comuna` VALUES ('', 'MORONA');
INSERT INTO `comuna` VALUES ('', 'MORROPE');
INSERT INTO `comuna` VALUES ('', 'MORROPON');
INSERT INTO `comuna` VALUES ('', 'MOSOC LLACTA');
INSERT INTO `comuna` VALUES ('', 'MOTUPE');
INSERT INTO `comuna` VALUES ('', 'MOYOBAMBA');
INSERT INTO `comuna` VALUES ('', 'MUNANI');
INSERT INTO `comuna` VALUES ('', 'MUQUI');
INSERT INTO `comuna` VALUES ('', 'MUQUIYAUYO');
INSERT INTO `comuna` VALUES ('', 'MUSGA');
INSERT INTO `comuna` VALUES ('', 'NAHUIMPUQUIO');
INSERT INTO `comuna` VALUES ('', 'NAMBALLE');
INSERT INTO `comuna` VALUES ('', 'NAMORA');
INSERT INTO `comuna` VALUES ('', 'NANCHOC');
INSERT INTO `comuna` VALUES ('', 'NAUTA');
INSERT INTO `comuna` VALUES ('', 'NAVAN');
INSERT INTO `comuna` VALUES ('', 'NAZCA');
INSERT INTO `comuna` VALUES ('', 'NEPENA');
INSERT INTO `comuna` VALUES ('', 'NICASIO');
INSERT INTO `comuna` VALUES ('', 'NICOLAS DE PIEROLA(SAN GREGO');
INSERT INTO `comuna` VALUES ('', 'NIEPOS');
INSERT INTO `comuna` VALUES ('', 'NIEVA (SANTA MARIA DE NIEVA)');
INSERT INTO `comuna` VALUES ('', 'NINABAMBA');
INSERT INTO `comuna` VALUES ('', 'NINACACA');
INSERT INTO `comuna` VALUES ('', 'NUEVA ARICA');
INSERT INTO `comuna` VALUES ('', 'NUEVA REQUENA');
INSERT INTO `comuna` VALUES ('', 'NUEVE DE JULIO (SANTO DOMING');
INSERT INTO `comuna` VALUES ('', 'NUEVO CHIMBOTE (BUENOS AIRES');
INSERT INTO `comuna` VALUES ('', 'NUEVO IMPERIAL');
INSERT INTO `comuna` VALUES ('', 'NUNOA');
INSERT INTO `comuna` VALUES ('', 'OBAS');
INSERT INTO `comuna` VALUES ('', 'OCALLI');
INSERT INTO `comuna` VALUES ('', 'OCANA');
INSERT INTO `comuna` VALUES ('', 'OCOBAMBA');
INSERT INTO `comuna` VALUES ('', 'OCONA');
INSERT INTO `comuna` VALUES ('', 'OCONGATE');
INSERT INTO `comuna` VALUES ('', 'OCORURO');
INSERT INTO `comuna` VALUES ('', 'OCROS');
INSERT INTO `comuna` VALUES ('', 'OCUCAJE');
INSERT INTO `comuna` VALUES ('', 'OCUMAL (COLLONCE)');
INSERT INTO `comuna` VALUES ('', 'OCUVIRI');
INSERT INTO `comuna` VALUES ('', 'OLLACHEA');
INSERT INTO `comuna` VALUES ('', 'OLLANTAYTAMBO');
INSERT INTO `comuna` VALUES ('', 'OLLARAYA (SAN MIGUEL DE OLLA');
INSERT INTO `comuna` VALUES ('', 'OLLEROS');
INSERT INTO `comuna` VALUES ('', 'OLMOS');
INSERT INTO `comuna` VALUES ('', 'OMACHA');
INSERT INTO `comuna` VALUES ('', 'OMAS');
INSERT INTO `comuna` VALUES ('', 'OMATE');
INSERT INTO `comuna` VALUES ('', 'OMIA');
INSERT INTO `comuna` VALUES ('', 'ONDORES');
INSERT INTO `comuna` VALUES ('', 'ONGON');
INSERT INTO `comuna` VALUES ('', 'ONGOY');
INSERT INTO `comuna` VALUES ('', 'ORCOPAMPA');
INSERT INTO `comuna` VALUES ('', 'ORCOTUNA');
INSERT INTO `comuna` VALUES ('', 'OROPESA');
INSERT INTO `comuna` VALUES ('', 'ORURILLO');
INSERT INTO `comuna` VALUES ('', 'OTOCA');
INSERT INTO `comuna` VALUES ('', 'OTUZCO');
INSERT INTO `comuna` VALUES ('', 'OXAMARCA');
INSERT INTO `comuna` VALUES ('', 'OXAPAMPA');
INSERT INTO `comuna` VALUES ('', 'OYOCO');
INSERT INTO `comuna` VALUES ('', 'OYOLO');
INSERT INTO `comuna` VALUES ('', 'OYON');
INSERT INTO `comuna` VALUES ('', 'OYOTUN');
INSERT INTO `comuna` VALUES ('', 'PACA');
INSERT INTO `comuna` VALUES ('', 'PACAIPAMPA');
INSERT INTO `comuna` VALUES ('', 'PACANGA');
INSERT INTO `comuna` VALUES ('', 'PACAPAUSA');
INSERT INTO `comuna` VALUES ('', 'PACARAN');
INSERT INTO `comuna` VALUES ('', 'PACARAOS');
INSERT INTO `comuna` VALUES ('', 'PACASMAYO');
INSERT INTO `comuna` VALUES ('', 'PACAYCASA');
INSERT INTO `comuna` VALUES ('', 'PACCARITAMBO');
INSERT INTO `comuna` VALUES ('', 'PACCHA');
INSERT INTO `comuna` VALUES ('', 'PACCHO');
INSERT INTO `comuna` VALUES ('', 'PACHACAMAC ');
INSERT INTO `comuna` VALUES ('', 'PACHACONAS');
INSERT INTO `comuna` VALUES ('', 'PACHACUTEC (PAMPA DE TATE)');
INSERT INTO `comuna` VALUES ('', 'PACHAMARCA');
INSERT INTO `comuna` VALUES ('', 'PACHANGARA');
INSERT INTO `comuna` VALUES ('', 'PACHAS');
INSERT INTO `comuna` VALUES ('', 'PACHIA');
INSERT INTO `comuna` VALUES ('', 'PACLLON');
INSERT INTO `comuna` VALUES ('', 'PACOBAMBA');
INSERT INTO `comuna` VALUES ('', 'PACOCHA');
INSERT INTO `comuna` VALUES ('', 'PACORA');
INSERT INTO `comuna` VALUES ('', 'PACUCHA');
INSERT INTO `comuna` VALUES ('', 'PADRE ABAD');
INSERT INTO `comuna` VALUES ('', 'PADRE MARQUEZ');
INSERT INTO `comuna` VALUES ('', 'PAICO');
INSERT INTO `comuna` VALUES ('', 'PAIJAN');
INSERT INTO `comuna` VALUES ('', 'PAIMAS');
INSERT INTO `comuna` VALUES ('', 'PAITA');
INSERT INTO `comuna` VALUES ('', 'PALCA');
INSERT INTO `comuna` VALUES ('', 'PALCAMAYO');
INSERT INTO `comuna` VALUES ('', 'PALCAZU (LACOZACIN)');
INSERT INTO `comuna` VALUES ('', 'PALLANCHACRA');
INSERT INTO `comuna` VALUES ('', 'PALLASCA');
INSERT INTO `comuna` VALUES ('', 'PALLPATA');
INSERT INTO `comuna` VALUES ('', 'PALPA');
INSERT INTO `comuna` VALUES ('', 'PAMPA HERMOSA');
INSERT INTO `comuna` VALUES ('', 'PAMPA HERMOSA (MARIPOSA)');
INSERT INTO `comuna` VALUES ('', 'PAMPACHIRI');
INSERT INTO `comuna` VALUES ('', 'PAMPACOLCA');
INSERT INTO `comuna` VALUES ('', 'PAMPAMARCA');
INSERT INTO `comuna` VALUES ('', 'PAMPAMARCA(MUNGUI)');
INSERT INTO `comuna` VALUES ('', 'PAMPAROMAS');
INSERT INTO `comuna` VALUES ('', 'PAMPAS');
INSERT INTO `comuna` VALUES ('', 'PAMPAS CHICO');
INSERT INTO `comuna` VALUES ('', 'PAMPAS DE HOSPITAL');
INSERT INTO `comuna` VALUES ('', 'PANAO');
INSERT INTO `comuna` VALUES ('', 'PANCAN');
INSERT INTO `comuna` VALUES ('', 'PANGOA (SAN MARTIN DE PANGOA');
INSERT INTO `comuna` VALUES ('', 'PAPAYAL');
INSERT INTO `comuna` VALUES ('', 'PARACAS');
INSERT INTO `comuna` VALUES ('', 'PARAMONGA');
INSERT INTO `comuna` VALUES ('', 'PARANDAY');
INSERT INTO `comuna` VALUES ('', 'PARARCA');
INSERT INTO `comuna` VALUES ('', 'PARARIN');
INSERT INTO `comuna` VALUES ('', 'PARAS');
INSERT INTO `comuna` VALUES ('', 'PARATIA');
INSERT INTO `comuna` VALUES ('', 'PARCO');
INSERT INTO `comuna` VALUES ('', 'PARCONA');
INSERT INTO `comuna` VALUES ('', 'PARCOY');
INSERT INTO `comuna` VALUES ('', 'PARIACOTO');
INSERT INTO `comuna` VALUES ('', 'PARIAHUANCA');
INSERT INTO `comuna` VALUES ('', 'PARINARI');
INSERT INTO `comuna` VALUES ('', 'PARINAS');
INSERT INTO `comuna` VALUES ('', 'PAROBAMBA');
INSERT INTO `comuna` VALUES ('', 'PARURO');
INSERT INTO `comuna` VALUES ('', 'PASTAZA');
INSERT INTO `comuna` VALUES ('', 'PATAMBUCO');
INSERT INTO `comuna` VALUES ('', 'PATAPO');
INSERT INTO `comuna` VALUES ('', 'PATAYPAMPA');
INSERT INTO `comuna` VALUES ('', 'PATAZ');
INSERT INTO `comuna` VALUES ('', 'PATIVILCA');
INSERT INTO `comuna` VALUES ('', 'PAUCAR');
INSERT INTO `comuna` VALUES ('', 'PAUCARA');
INSERT INTO `comuna` VALUES ('', 'PAUCARBAMBA');
INSERT INTO `comuna` VALUES ('', 'PAUCARCOLLA');
INSERT INTO `comuna` VALUES ('', 'PAUCARPATA');
INSERT INTO `comuna` VALUES ('', 'PAUCARTAMBO');
INSERT INTO `comuna` VALUES ('', 'PAUCAS');
INSERT INTO `comuna` VALUES ('', 'PAUSA');
INSERT INTO `comuna` VALUES ('', 'PEBAS');
INSERT INTO `comuna` VALUES ('', 'PEDRO GALVEZ (SAN MARCOS)');
INSERT INTO `comuna` VALUES ('', 'PEDRO VILCA APAZA (AYRAMPUNI');
INSERT INTO `comuna` VALUES ('', 'PERENE');
INSERT INTO `comuna` VALUES ('', 'PHARA');
INSERT INTO `comuna` VALUES ('', 'PIAS');
INSERT INTO `comuna` VALUES ('', 'PICHACANI (LARAQUERI)');
INSERT INTO `comuna` VALUES ('', 'PICHANAQUI (BAJO PICHANAQUI)');
INSERT INTO `comuna` VALUES ('', 'PICHARI');
INSERT INTO `comuna` VALUES ('', 'PICHIGUA');
INSERT INTO `comuna` VALUES ('', 'PICHIRHUA');
INSERT INTO `comuna` VALUES ('', 'PICOTA');
INSERT INTO `comuna` VALUES ('', 'PICSI');
INSERT INTO `comuna` VALUES ('', 'PILCOMAYO');
INSERT INTO `comuna` VALUES ('', 'PILCUYO');
INSERT INTO `comuna` VALUES ('', 'PILLCO MARCA');
INSERT INTO `comuna` VALUES ('', 'PILLPINTO');
INSERT INTO `comuna` VALUES ('', 'PILPICHACA');
INSERT INTO `comuna` VALUES ('', 'PIMENTEL');
INSERT INTO `comuna` VALUES ('', 'PIMPINGOS');
INSERT INTO `comuna` VALUES ('', 'PINRA');
INSERT INTO `comuna` VALUES ('', 'PION');
INSERT INTO `comuna` VALUES ('', 'PIRA');
INSERT INTO `comuna` VALUES ('', 'PISAC');
INSERT INTO `comuna` VALUES ('', 'PISACOMA');
INSERT INTO `comuna` VALUES ('', 'PISCO');
INSERT INTO `comuna` VALUES ('', 'PISCOBAMBA');
INSERT INTO `comuna` VALUES ('', 'PISUQUIA (YOMBLON)');
INSERT INTO `comuna` VALUES ('', 'PITIPO');
INSERT INTO `comuna` VALUES ('', 'PITUMARCA');
INSERT INTO `comuna` VALUES ('', 'PIURA');
INSERT INTO `comuna` VALUES ('', 'PLATERIA');
INSERT INTO `comuna` VALUES ('', 'POCOHUANCA');
INSERT INTO `comuna` VALUES ('', 'POCOLLAY');
INSERT INTO `comuna` VALUES ('', 'POCSI');
INSERT INTO `comuna` VALUES ('', 'POLOBAYA (POLOBAYA GRANDE)');
INSERT INTO `comuna` VALUES ('', 'POMABAMBA');
INSERT INTO `comuna` VALUES ('', 'POMACANCHA');
INSERT INTO `comuna` VALUES ('', 'POMACANCHI');
INSERT INTO `comuna` VALUES ('', 'POMACOCHA');
INSERT INTO `comuna` VALUES ('', 'POMAHUACA');
INSERT INTO `comuna` VALUES ('', 'POMALCA');
INSERT INTO `comuna` VALUES ('', 'POMATA');
INSERT INTO `comuna` VALUES ('', 'PONTO');
INSERT INTO `comuna` VALUES ('', 'POROTO');
INSERT INTO `comuna` VALUES ('', 'POROY');
INSERT INTO `comuna` VALUES ('', 'POTONI');
INSERT INTO `comuna` VALUES ('', 'POZUZO');
INSERT INTO `comuna` VALUES ('', 'PROGRESO');
INSERT INTO `comuna` VALUES ('', 'PROVIANCIA BONGARA');
INSERT INTO `comuna` VALUES ('', 'PROVIDENCIA');
INSERT INTO `comuna` VALUES ('', 'PUCALA');
INSERT INTO `comuna` VALUES ('', 'PUCARA');
INSERT INTO `comuna` VALUES ('', 'PUCUSANA');
INSERT INTO `comuna` VALUES ('', 'PUCYURA');
INSERT INTO `comuna` VALUES ('', 'PUEBLO LIBRE');
INSERT INTO `comuna` VALUES ('', 'PUEBLO LIBRE ');
INSERT INTO `comuna` VALUES ('', 'PUEBLO NUEVO');
INSERT INTO `comuna` VALUES ('', 'PUENTE PIEDRA');
INSERT INTO `comuna` VALUES ('', 'PUERTO BERMUDEZ');
INSERT INTO `comuna` VALUES ('', 'PUERTO INCA');
INSERT INTO `comuna` VALUES ('', 'PUINAHUA');
INSERT INTO `comuna` VALUES ('', 'PULAN');
INSERT INTO `comuna` VALUES ('', 'PULLO');
INSERT INTO `comuna` VALUES ('', 'PUNCHAO');
INSERT INTO `comuna` VALUES ('', 'PUNO');
INSERT INTO `comuna` VALUES ('', 'PUNOS');
INSERT INTO `comuna` VALUES ('', 'PUNTA DE BOMBON');
INSERT INTO `comuna` VALUES ('', 'PUNTA HERMOSA');
INSERT INTO `comuna` VALUES ('', 'PUNTA NEGRA');
INSERT INTO `comuna` VALUES ('', 'PUQUINA');
INSERT INTO `comuna` VALUES ('', 'PUQUIO');
INSERT INTO `comuna` VALUES ('', 'PURUS');
INSERT INTO `comuna` VALUES ('', 'PUSI');
INSERT INTO `comuna` VALUES ('', 'PUTINA');
INSERT INTO `comuna` VALUES ('', 'PUYCA');
INSERT INTO `comuna` VALUES ('', 'PUYUSCA');
INSERT INTO `comuna` VALUES ('', 'QUECHUALLA(VELINGA)');
INSERT INTO `comuna` VALUES ('', 'QUEHUE');
INSERT INTO `comuna` VALUES ('', 'QUELLOUNO');
INSERT INTO `comuna` VALUES ('', 'QUEQUENA');
INSERT INTO `comuna` VALUES ('', 'QUERCO');
INSERT INTO `comuna` VALUES ('', 'QUERECOTILLO');
INSERT INTO `comuna` VALUES ('', 'QUEROBAMBA');
INSERT INTO `comuna` VALUES ('', 'QUEROCOTILLO');
INSERT INTO `comuna` VALUES ('', 'QUEROCOTO');
INSERT INTO `comuna` VALUES ('', 'QUEROPALCA');
INSERT INTO `comuna` VALUES ('', 'QUIACA');
INSERT INTO `comuna` VALUES ('', 'QUICACHA');
INSERT INTO `comuna` VALUES ('', 'QUICHES');
INSERT INTO `comuna` VALUES ('', 'QUICHUAY');
INSERT INTO `comuna` VALUES ('', 'QUILAHUANI');
INSERT INTO `comuna` VALUES ('', 'QUILCA');
INSERT INTO `comuna` VALUES ('', 'QUILCAPUNCU');
INSERT INTO `comuna` VALUES ('', 'QUILCAS');
INSERT INTO `comuna` VALUES ('', 'QUILLO');
INSERT INTO `comuna` VALUES ('', 'QUILMANA');
INSERT INTO `comuna` VALUES ('', 'QUIMBIRI');
INSERT INTO `comuna` VALUES ('', 'QUINCHES');
INSERT INTO `comuna` VALUES ('', 'QUINISTAQUILLAS');
INSERT INTO `comuna` VALUES ('', 'QUINJALCA');
INSERT INTO `comuna` VALUES ('', 'QUINOCAY');
INSERT INTO `comuna` VALUES ('', 'QUINOTA');
INSERT INTO `comuna` VALUES ('', 'QUINUA');
INSERT INTO `comuna` VALUES ('', 'QUINUABAMBA');
INSERT INTO `comuna` VALUES ('', 'QUIQUIJANA');
INSERT INTO `comuna` VALUES ('', 'QUIRUVILCA');
INSERT INTO `comuna` VALUES ('', 'QUISHUAR');
INSERT INTO `comuna` VALUES ('', 'QUISQUI(HUANCAPALLAC)');
INSERT INTO `comuna` VALUES ('', 'QUITO ARMA');
INSERT INTO `comuna` VALUES ('', 'QUIVILLA');
INSERT INTO `comuna` VALUES ('', 'RAGASH');
INSERT INTO `comuna` VALUES ('', 'RAHUAPAMPA');
INSERT INTO `comuna` VALUES ('', 'RAIMONDI');
INSERT INTO `comuna` VALUES ('', 'RAMON CASTILLA');
INSERT INTO `comuna` VALUES ('', 'RANRACANCHA');
INSERT INTO `comuna` VALUES ('', 'RANRAHIRCA');
INSERT INTO `comuna` VALUES ('', 'RAPAYAN');
INSERT INTO `comuna` VALUES ('', 'RAZURI (PUERTO DE MALABRIGO)');
INSERT INTO `comuna` VALUES ('', 'RECTA');
INSERT INTO `comuna` VALUES ('', 'RECUAY');
INSERT INTO `comuna` VALUES ('', 'REQUE');
INSERT INTO `comuna` VALUES ('', 'REQUENA');
INSERT INTO `comuna` VALUES ('', 'RICARDO PALMA');
INSERT INTO `comuna` VALUES ('', 'RICRAN');
INSERT INTO `comuna` VALUES ('', 'RIMAC ');
INSERT INTO `comuna` VALUES ('', 'RINCONADA LLICUAR');
INSERT INTO `comuna` VALUES ('', 'RIO GRANDE');
INSERT INTO `comuna` VALUES ('', 'RIO GRANDE(IQUIPI)');
INSERT INTO `comuna` VALUES ('', 'RIO NEGRO');
INSERT INTO `comuna` VALUES ('', 'RIO SANTIAGO (PUERTO GALILEA');
INSERT INTO `comuna` VALUES ('', 'RIO TAMBO (PUERTO OCOPA)');
INSERT INTO `comuna` VALUES ('', 'RIPAN');
INSERT INTO `comuna` VALUES ('', 'RONDOCAN');
INSERT INTO `comuna` VALUES ('', 'RONDOS');
INSERT INTO `comuna` VALUES ('', 'ROSARIO');
INSERT INTO `comuna` VALUES ('', 'ROSASPATA');
INSERT INTO `comuna` VALUES ('', 'RUPA-RUPA(TINGO MARIA)');
INSERT INTO `comuna` VALUES ('', 'S. MGEL DE CORPANQUI');
INSERT INTO `comuna` VALUES ('', 'SABAINO');
INSERT INTO `comuna` VALUES ('', 'SABANDIA');
INSERT INTO `comuna` VALUES ('', 'SACHACA');
INSERT INTO `comuna` VALUES ('', 'SACSAMARCA');
INSERT INTO `comuna` VALUES ('', 'SAISA');
INSERT INTO `comuna` VALUES ('', 'SALAMANCA');
INSERT INTO `comuna` VALUES ('', 'SALAS');
INSERT INTO `comuna` VALUES ('', 'SALAS (GUADALUPE)');
INSERT INTO `comuna` VALUES ('', 'SALAVERRY');
INSERT INTO `comuna` VALUES ('', 'SALCABAMBA');
INSERT INTO `comuna` VALUES ('', 'SALITRAL');
INSERT INTO `comuna` VALUES ('', 'SALLIQUE');
INSERT INTO `comuna` VALUES ('', 'SALPO');
INSERT INTO `comuna` VALUES ('', 'SAMA (LAS YARAS)');
INSERT INTO `comuna` VALUES ('', 'SAMAN');
INSERT INTO `comuna` VALUES ('', 'SAMANCO');
INSERT INTO `comuna` VALUES ('', 'SAMEGUA');
INSERT INTO `comuna` VALUES ('', 'SAMUEL PASTOR(LA PAMPA)');
INSERT INTO `comuna` VALUES ('', 'SAN AGUSTIN');
INSERT INTO `comuna` VALUES ('', 'SAN ANDRES');
INSERT INTO `comuna` VALUES ('', 'SAN ANDRES DE CUTERVO');
INSERT INTO `comuna` VALUES ('', 'SAN ANDRES DE TUPICOCHA');
INSERT INTO `comuna` VALUES ('', 'SAN ANTON');
INSERT INTO `comuna` VALUES ('', 'SAN ANTONIO');
INSERT INTO `comuna` VALUES ('', 'SAN ANTONIO (SAN ANTONIO DE ');
INSERT INTO `comuna` VALUES ('', 'SAN ANTONIO DE CACHI');
INSERT INTO `comuna` VALUES ('', 'SAN ANTONIO DE CHACLLA');
INSERT INTO `comuna` VALUES ('', 'SAN ANTONIO DE CHUCA 2/');
INSERT INTO `comuna` VALUES ('', 'SAN BARTOLO ');
INSERT INTO `comuna` VALUES ('', 'SAN BARTOLOME');
INSERT INTO `comuna` VALUES ('', 'SAN BENITO');
INSERT INTO `comuna` VALUES ('', 'SAN BERNARDINO');
INSERT INTO `comuna` VALUES ('', 'SAN BORJA');
INSERT INTO `comuna` VALUES ('', 'SAN BUENAVENTURA');
INSERT INTO `comuna` VALUES ('', 'SAN CARLOS');
INSERT INTO `comuna` VALUES ('', 'SAN CLEMENTE');
INSERT INTO `comuna` VALUES ('', 'SAN CRISTOBAL');
INSERT INTO `comuna` VALUES ('', 'SAN CRISTOBAL (OLTO)');
INSERT INTO `comuna` VALUES ('', 'SAN CRISTOBAL DE CALACOA');
INSERT INTO `comuna` VALUES ('', 'SAN CRISTOBAL DE RAJAN');
INSERT INTO `comuna` VALUES ('', 'SAN DAMIAN');
INSERT INTO `comuna` VALUES ('', 'SAN FCO.DE ASIS DE YARUSYACA');
INSERT INTO `comuna` VALUES ('', 'SAN FELIPE');
INSERT INTO `comuna` VALUES ('', 'SAN FRANCISCO DE ASIS(HUARIN');
INSERT INTO `comuna` VALUES ('', 'SAN FRANCISCO DE CAYRAN(CAYR');
INSERT INTO `comuna` VALUES ('', 'SAN FRANCISCO DE DAGUAS (DAG');
INSERT INTO `comuna` VALUES ('', 'SAN FRANCISCO DE RAVACAYCO');
INSERT INTO `comuna` VALUES ('', 'SAN FRANCISCO DE SANGAYAICO ');
INSERT INTO `comuna` VALUES ('', 'SAN FRANCISCO DEL YESO');
INSERT INTO `comuna` VALUES ('', 'SAN FRANCISCO(MOSCA)');
INSERT INTO `comuna` VALUES ('', 'SAN GABAN (LANLACUNI BAJO)');
INSERT INTO `comuna` VALUES ('', 'SAN GREGORIO');
INSERT INTO `comuna` VALUES ('', 'SAN IGNACIO');
INSERT INTO `comuna` VALUES ('', 'SAN ISIDRO ');
INSERT INTO `comuna` VALUES ('', 'SAN ISIDRO DE MAINO (MAINO)');
INSERT INTO `comuna` VALUES ('', 'SAN JACINTO');
INSERT INTO `comuna` VALUES ('', 'SAN JAVIER DE ALPABAMBA');
INSERT INTO `comuna` VALUES ('', 'SAN JERONIMO');
INSERT INTO `comuna` VALUES ('', 'SAN JERONIMO (PACLAS)');
INSERT INTO `comuna` VALUES ('', 'SAN JERONIMO DE SURCO');
INSERT INTO `comuna` VALUES ('', 'SAN JERONIMO DE TUNAN');
INSERT INTO `comuna` VALUES ('', 'SAN JOAQUIN');
INSERT INTO `comuna` VALUES ('', 'SAN JOSE');
INSERT INTO `comuna` VALUES ('', 'SAN JOSE DE LOS MOLINOS');
INSERT INTO `comuna` VALUES ('', 'SAN JOSE DE LOURDES');
INSERT INTO `comuna` VALUES ('', 'SAN JOSE DE QUERO');
INSERT INTO `comuna` VALUES ('', 'SAN JOSE DE SISA');
INSERT INTO `comuna` VALUES ('', 'SAN JOSE DE TICLLAS');
INSERT INTO `comuna` VALUES ('', 'SAN JOSE DEL ALTO');
INSERT INTO `comuna` VALUES ('', 'SAN JOSE OSHUA');
INSERT INTO `comuna` VALUES ('', 'SAN JUAN');
INSERT INTO `comuna` VALUES ('', 'SAN JUAN BAUTISTA');
INSERT INTO `comuna` VALUES ('', 'SAN JUAN DE BIGOTE');
INSERT INTO `comuna` VALUES ('', 'SAN JUAN DE CHACNA');
INSERT INTO `comuna` VALUES ('', 'SAN JUAN DE CUTERVO');
INSERT INTO `comuna` VALUES ('', 'SAN JUAN DE IRIS');
INSERT INTO `comuna` VALUES ('', 'SAN JUAN DE JARPA (JARPA)');
INSERT INTO `comuna` VALUES ('', 'SAN JUAN DE LA VIRGEN');
INSERT INTO `comuna` VALUES ('', 'SAN JUAN DE LICUPIS (LICUPIS');
INSERT INTO `comuna` VALUES ('', 'SAN JUAN DE LOPECANCHA');
INSERT INTO `comuna` VALUES ('', 'SAN JUAN DE LURIGANCHO ');
INSERT INTO `comuna` VALUES ('', 'SAN JUAN DE MIRAFLORES');
INSERT INTO `comuna` VALUES ('', 'SAN JUAN DE RONTOY');
INSERT INTO `comuna` VALUES ('', 'SAN JUAN DE SALINAS');
INSERT INTO `comuna` VALUES ('', 'SAN JUAN DE SIGUAS');
INSERT INTO `comuna` VALUES ('', 'SAN JUAN DE TANTARANCHE');
INSERT INTO `comuna` VALUES ('', 'SAN JUAN DE TARUCANI(TARUCAN');
INSERT INTO `comuna` VALUES ('', 'SAN JUAN DE YANAC');
INSERT INTO `comuna` VALUES ('', 'SAN JUAN DE YSCOS (YSCOS)');
INSERT INTO `comuna` VALUES ('', 'SAN JUAN DEL ORO');
INSERT INTO `comuna` VALUES ('', 'SAN LORENZO');
INSERT INTO `comuna` VALUES ('', 'SAN LORENZO DE PUTINZA');
INSERT INTO `comuna` VALUES ('', 'SAN LORENZO DE QUINTI');
INSERT INTO `comuna` VALUES ('', 'SAN LUIS');
INSERT INTO `comuna` VALUES ('', 'SAN LUIS (SAN LUIS GRANDE)');
INSERT INTO `comuna` VALUES ('', 'SAN LUIS DE LUCMA');
INSERT INTO `comuna` VALUES ('', 'SAN LUIS DE SHUARO');
INSERT INTO `comuna` VALUES ('', 'SAN MARCO DE ROCCHAC');
INSERT INTO `comuna` VALUES ('', 'SAN MARCOS');
INSERT INTO `comuna` VALUES ('', 'SAN MARTIN');
INSERT INTO `comuna` VALUES ('', 'SAN MARTIN DE PORRES');
INSERT INTO `comuna` VALUES ('', 'SAN MATEO');
INSERT INTO `comuna` VALUES ('', 'SAN MATEO DE OTAO');
INSERT INTO `comuna` VALUES ('', 'SAN MIGUEL');
INSERT INTO `comuna` VALUES ('', 'SAN MIGUEL (SAN MIGUEL DE PA');
INSERT INTO `comuna` VALUES ('', 'SAN MIGUEL DE ACO (ACO)');
INSERT INTO `comuna` VALUES ('', 'SAN MIGUEL DE ACOS');
INSERT INTO `comuna` VALUES ('', 'SAN MIGUEL DE CAURI(CAURI)');
INSERT INTO `comuna` VALUES ('', 'SAN MIGUEL DE CHACCRAMPA (CH');
INSERT INTO `comuna` VALUES ('', 'SAN MIGUEL DE EL FAIQUE');
INSERT INTO `comuna` VALUES ('', 'SAN NICOLAS');
INSERT INTO `comuna` VALUES ('', 'SAN NICOLAS (MENDOZA)');
INSERT INTO `comuna` VALUES ('', 'SAN PABLO');
INSERT INTO `comuna` VALUES ('', 'SAN PEDRO');
INSERT INTO `comuna` VALUES ('', 'SAN PEDRO DE CACHORA (CACHOR');
INSERT INTO `comuna` VALUES ('', 'SAN PEDRO DE CAJAS');
INSERT INTO `comuna` VALUES ('', 'SAN PEDRO DE CASTA');
INSERT INTO `comuna` VALUES ('', 'SAN PEDRO DE CHANA (CHANA)');
INSERT INTO `comuna` VALUES ('', 'SAN PEDRO DE CHAULAN(CHAULAN');
INSERT INTO `comuna` VALUES ('', 'SAN PEDRO DE CHUNAN');
INSERT INTO `comuna` VALUES ('', 'SAN PEDRO DE CORIS');
INSERT INTO `comuna` VALUES ('', 'SAN PEDRO DE HUACARPANA');
INSERT INTO `comuna` VALUES ('', 'SAN PEDRO DE HUANCAYRE');
INSERT INTO `comuna` VALUES ('', 'SAN PEDRO DE LARCAY');
INSERT INTO `comuna` VALUES ('', 'SAN PEDRO DE LLOC');
INSERT INTO `comuna` VALUES ('', 'SAN PEDRO DE PALCO');
INSERT INTO `comuna` VALUES ('', 'SAN PEDRO DE PILLAO');
INSERT INTO `comuna` VALUES ('', 'SAN PEDRODE PILAS TANTA');
INSERT INTO `comuna` VALUES ('', 'SAN RAFAEL');
INSERT INTO `comuna` VALUES ('', 'SAN RAMON');
INSERT INTO `comuna` VALUES ('', 'SAN SALVADOR');
INSERT INTO `comuna` VALUES ('', 'SAN SALVADOR DE QUIJE');
INSERT INTO `comuna` VALUES ('', 'SAN SEBASTIAN');
INSERT INTO `comuna` VALUES ('', 'SAN SILVESTRE DE COCHAN');
INSERT INTO `comuna` VALUES ('', 'SAN VICENTE DE CANETE');
INSERT INTO `comuna` VALUES ('', 'SANA');
INSERT INTO `comuna` VALUES ('', 'SANAGORAN');
INSERT INTO `comuna` VALUES ('', 'SANAYCA');
INSERT INTO `comuna` VALUES ('', 'SANCOS');
INSERT INTO `comuna` VALUES ('', 'SANDIA');
INSERT INTO `comuna` VALUES ('', 'SANGALLAYA');
INSERT INTO `comuna` VALUES ('', 'SANGARARA');
INSERT INTO `comuna` VALUES ('', 'SANO (SAN PEDRO DE SANO)');
INSERT INTO `comuna` VALUES ('', 'SANTA');
INSERT INTO `comuna` VALUES ('', 'SANTA ANA');
INSERT INTO `comuna` VALUES ('', 'SANTA ANA DE HUAYCAHUACHO');
INSERT INTO `comuna` VALUES ('', 'SANTA ANA DE TUSI');
INSERT INTO `comuna` VALUES ('', 'SANTA ANITA ');
INSERT INTO `comuna` VALUES ('', 'SANTA BARBARA DE CARHUACAYAN');
INSERT INTO `comuna` VALUES ('', 'SANTA CATALINA');
INSERT INTO `comuna` VALUES ('', 'SANTA CATALINA DE MOSSA');
INSERT INTO `comuna` VALUES ('', 'SANTA CRUZ');
INSERT INTO `comuna` VALUES ('', 'SANTA CRUZ (HUARIPAMPA)');
INSERT INTO `comuna` VALUES ('', 'SANTA CRUZ (SANTA CRUZ DE SU');
INSERT INTO `comuna` VALUES ('', 'SANTA CRUZ DE ANDAMARCA');
INSERT INTO `comuna` VALUES ('', 'SANTA CRUZ DE CHUCA');
INSERT INTO `comuna` VALUES ('', 'SANTA CRUZ DE COCACHACRA');
INSERT INTO `comuna` VALUES ('', 'SANTA CRUZ DE FLOREZ');
INSERT INTO `comuna` VALUES ('', 'SANTA CRUZ DE TOLED');
INSERT INTO `comuna` VALUES ('', 'SANTA EULALIA');
INSERT INTO `comuna` VALUES ('', 'SANTA ISABEL DE SIGUAS');
INSERT INTO `comuna` VALUES ('', 'SANTA LEONOR');
INSERT INTO `comuna` VALUES ('', 'SANTA LUCIA');
INSERT INTO `comuna` VALUES ('', 'SANTA MARIA');
INSERT INTO `comuna` VALUES ('', 'SANTA MARIA DE CHICMO');
INSERT INTO `comuna` VALUES ('', 'SANTA MARIA DEL MAR');
INSERT INTO `comuna` VALUES ('', 'SANTA MARIA DEL VALLE');
INSERT INTO `comuna` VALUES ('', 'SANTA RITA DE SIGUAS');
INSERT INTO `comuna` VALUES ('', 'SANTA ROSA');
INSERT INTO `comuna` VALUES ('', 'SANTA ROSA (MAZO CRUZ)');
INSERT INTO `comuna` VALUES ('', 'SANTA ROSA (STA. ROSA DE HUA');
INSERT INTO `comuna` VALUES ('', 'SANTA ROSA DE OCOPA (SANTA R');
INSERT INTO `comuna` VALUES ('', 'SANTA ROSA DE QUIVES');
INSERT INTO `comuna` VALUES ('', 'SANTA ROSA DE SACCO');
INSERT INTO `comuna` VALUES ('', 'SANTA TERESA');
INSERT INTO `comuna` VALUES ('', 'SANTIAGO');
INSERT INTO `comuna` VALUES ('', 'SANTIAGO DE ANCHUCAYA');
INSERT INTO `comuna` VALUES ('', 'SANTIAGO DE CAO');
INSERT INTO `comuna` VALUES ('', 'SANTIAGO DE CHALLAS (CHALLAS');
INSERT INTO `comuna` VALUES ('', 'SANTIAGO DE CHILCAS');
INSERT INTO `comuna` VALUES ('', 'SANTIAGO DE CHOCORVOS');
INSERT INTO `comuna` VALUES ('', 'SANTIAGO DE CHUCO');
INSERT INTO `comuna` VALUES ('', 'SANTIAGO DE LUCANAMARCA');
INSERT INTO `comuna` VALUES ('', 'SANTIAGO DE PAUCARAY');
INSERT INTO `comuna` VALUES ('', 'SANTIAGO DE PISCHA');
INSERT INTO `comuna` VALUES ('', 'SANTIAGO DE PUPUJA');
INSERT INTO `comuna` VALUES ('', 'SANTIAGO DE SURCO');
INSERT INTO `comuna` VALUES ('', 'SANTIAGO DE TUNA');
INSERT INTO `comuna` VALUES ('', 'SANTILLANA');
INSERT INTO `comuna` VALUES ('', 'SANTO DOMINGO');
INSERT INTO `comuna` VALUES ('', 'SANTO DOMINGO DE ACOBAMBA');
INSERT INTO `comuna` VALUES ('', 'SANTO DOMINGO DE LA CAPILLA');
INSERT INTO `comuna` VALUES ('', 'SANTO DOMINGO DE LOS OLLEROS');
INSERT INTO `comuna` VALUES ('', 'SANTO TOMAS');
INSERT INTO `comuna` VALUES ('', 'SANTO TORIBIO');
INSERT INTO `comuna` VALUES ('', 'SAPALLANGA');
INSERT INTO `comuna` VALUES ('', 'SAPILLICA');
INSERT INTO `comuna` VALUES ('', 'SAPOSOA');
INSERT INTO `comuna` VALUES ('', 'SAPUENA');
INSERT INTO `comuna` VALUES ('', 'SARA SARA');
INSERT INTO `comuna` VALUES ('', 'SARAYACU');
INSERT INTO `comuna` VALUES ('', 'SARHUA');
INSERT INTO `comuna` VALUES ('', 'SARIN');
INSERT INTO `comuna` VALUES ('', 'SARTIMBAMBA');
INSERT INTO `comuna` VALUES ('', 'SATIPO');
INSERT INTO `comuna` VALUES ('', 'SAUCEPAMPA');
INSERT INTO `comuna` VALUES ('', 'SAURAMA');
INSERT INTO `comuna` VALUES ('', 'SAUSA');
INSERT INTO `comuna` VALUES ('', 'SAYAN');
INSERT INTO `comuna` VALUES ('', 'SAYAPULLO');
INSERT INTO `comuna` VALUES ('', 'SAYLA');
INSERT INTO `comuna` VALUES ('', 'SAYLLA');
INSERT INTO `comuna` VALUES ('', 'SECCLLA');
INSERT INTO `comuna` VALUES ('', 'SECHURA');
INSERT INTO `comuna` VALUES ('', 'SEPAHUA');
INSERT INTO `comuna` VALUES ('', 'SEXI');
INSERT INTO `comuna` VALUES ('', 'SHILLA');
INSERT INTO `comuna` VALUES ('', 'SHIPASBAMBA');
INSERT INTO `comuna` VALUES ('', 'SHUNQUI');
INSERT INTO `comuna` VALUES ('', 'SHUPLUY');
INSERT INTO `comuna` VALUES ('', 'SIBAYO');
INSERT INTO `comuna` VALUES ('', 'SICAYA');
INSERT INTO `comuna` VALUES ('', 'SICCHEZ');
INSERT INTO `comuna` VALUES ('', 'SICSIBAMBA');
INSERT INTO `comuna` VALUES ('', 'SICUANI');
INSERT INTO `comuna` VALUES ('', 'SIHUAS');
INSERT INTO `comuna` VALUES ('', 'SILLAPATA');
INSERT INTO `comuna` VALUES ('', 'SIMBAL');
INSERT INTO `comuna` VALUES ('', 'SIMON BOLIVAR (SAN ANTONIO D');
INSERT INTO `comuna` VALUES ('', 'SINA');
INSERT INTO `comuna` VALUES ('', 'SINCOS');
INSERT INTO `comuna` VALUES ('', 'SINGA');
INSERT INTO `comuna` VALUES ('', 'SINSICAP');
INSERT INTO `comuna` VALUES ('', 'SITABAMBA');
INSERT INTO `comuna` VALUES ('', 'SITACOCHA (LLUCHUBAMBA)');
INSERT INTO `comuna` VALUES ('', 'SITAJARA');
INSERT INTO `comuna` VALUES ('', 'SIVIA');
INSERT INTO `comuna` VALUES ('', 'SOCABAYA');
INSERT INTO `comuna` VALUES ('', 'SOCOS');
INSERT INTO `comuna` VALUES ('', 'SOCOTA');
INSERT INTO `comuna` VALUES ('', 'SOLOCO');
INSERT INTO `comuna` VALUES ('', 'SONCHE (SAN JUAN DE SONCHE)');
INSERT INTO `comuna` VALUES ('', 'SONDOR');
INSERT INTO `comuna` VALUES ('', 'SONDORILLO');
INSERT INTO `comuna` VALUES ('', 'SOPLIN');
INSERT INTO `comuna` VALUES ('', 'SORAS');
INSERT INTO `comuna` VALUES ('', 'SORAYA');
INSERT INTO `comuna` VALUES ('', 'SOROCHUCO');
INSERT INTO `comuna` VALUES ('', 'STO TOMAS DE PLATA');
INSERT INTO `comuna` VALUES ('', 'SUBTANJALLA');
INSERT INTO `comuna` VALUES ('', 'SUCCHA');
INSERT INTO `comuna` VALUES ('', 'SUCRE');
INSERT INTO `comuna` VALUES ('', 'SUITUCANCHA');
INSERT INTO `comuna` VALUES ('', 'SULLANA');
INSERT INTO `comuna` VALUES ('', 'SUMBILCA');
INSERT INTO `comuna` VALUES ('', 'SUNAMPE');
INSERT INTO `comuna` VALUES ('', 'SUPE');
INSERT INTO `comuna` VALUES ('', 'SUPE PUERTO');
INSERT INTO `comuna` VALUES ('', 'SURQUILLO');
INSERT INTO `comuna` VALUES ('', 'SUSAPAYA');
INSERT INTO `comuna` VALUES ('', 'SUYCKUTAMBO');
INSERT INTO `comuna` VALUES ('', 'SUYO');
INSERT INTO `comuna` VALUES ('', 'TABACONAS');
INSERT INTO `comuna` VALUES ('', 'TACABAMBA');
INSERT INTO `comuna` VALUES ('', 'TACNA');
INSERT INTO `comuna` VALUES ('', 'TAHUAMANU (SAN LORENZO)');
INSERT INTO `comuna` VALUES ('', 'TAHUANIA');
INSERT INTO `comuna` VALUES ('', 'TALARA');
INSERT INTO `comuna` VALUES ('', 'TALAVERA');
INSERT INTO `comuna` VALUES ('', 'TAMARINDO');
INSERT INTO `comuna` VALUES ('', 'TAMBILLO');
INSERT INTO `comuna` VALUES ('', 'TAMBO');
INSERT INTO `comuna` VALUES ('', 'TAMBO DE MORA');
INSERT INTO `comuna` VALUES ('', 'TAMBO GRANDE');
INSERT INTO `comuna` VALUES ('', 'TAMBOBAMBA');
INSERT INTO `comuna` VALUES ('', 'TAMBOPATA (PTO. MALDONADO)');
INSERT INTO `comuna` VALUES ('', 'TAMBURCO');
INSERT INTO `comuna` VALUES ('', 'TANTAMAYO');
INSERT INTO `comuna` VALUES ('', 'TANTARA');
INSERT INTO `comuna` VALUES ('', 'TANTARICA (CATAN)');
INSERT INTO `comuna` VALUES ('', 'TAPACOCHA');
INSERT INTO `comuna` VALUES ('', 'TAPAIRIHUA');
INSERT INTO `comuna` VALUES ('', 'TAPAY');
INSERT INTO `comuna` VALUES ('', 'TAPICHE');
INSERT INTO `comuna` VALUES ('', 'TAPO');
INSERT INTO `comuna` VALUES ('', 'TAPUC');
INSERT INTO `comuna` VALUES ('', 'TARACO');
INSERT INTO `comuna` VALUES ('', 'TARAPOTO');
INSERT INTO `comuna` VALUES ('', 'TARATA');
INSERT INTO `comuna` VALUES ('', 'TARAY');
INSERT INTO `comuna` VALUES ('', 'TARICA');
INSERT INTO `comuna` VALUES ('', 'TARMA');
INSERT INTO `comuna` VALUES ('', 'TARUCACHI');
INSERT INTO `comuna` VALUES ('', 'TATE (TATE DE LA CAPILLA)');
INSERT INTO `comuna` VALUES ('', 'TAUCA');
INSERT INTO `comuna` VALUES ('', 'TAURIA');
INSERT INTO `comuna` VALUES ('', 'TAURIJA');
INSERT INTO `comuna` VALUES ('', 'TAURIPAMPA');
INSERT INTO `comuna` VALUES ('', 'TAYABAMBA');
INSERT INTO `comuna` VALUES ('', 'TENIENTE CESAR LOPEZ ROJAS');
INSERT INTO `comuna` VALUES ('', 'TIABAYA');
INSERT INTO `comuna` VALUES ('', 'TIBILLO');
INSERT INTO `comuna` VALUES ('', 'TICACO');
INSERT INTO `comuna` VALUES ('', 'TICAPAMPA');
INSERT INTO `comuna` VALUES ('', 'TICLACAYAN');
INSERT INTO `comuna` VALUES ('', 'TICLLOS');
INSERT INTO `comuna` VALUES ('', 'TICROPA');
INSERT INTO `comuna` VALUES ('', 'TIGRE');
INSERT INTO `comuna` VALUES ('', 'TILALI');
INSERT INTO `comuna` VALUES ('', 'TINCO');
INSERT INTO `comuna` VALUES ('', 'TINGO');
INSERT INTO `comuna` VALUES ('', 'TINICACHI');
INSERT INTO `comuna` VALUES ('', 'TINTA');
INSERT INTO `comuna` VALUES ('', 'TINTAY');
INSERT INTO `comuna` VALUES ('', 'TINYAHUARCO');
INSERT INTO `comuna` VALUES ('', 'TIPAN');
INSERT INTO `comuna` VALUES ('', 'TIQUILLACA');
INSERT INTO `comuna` VALUES ('', 'TIRAPATA');
INSERT INTO `comuna` VALUES ('', 'TISCO');
INSERT INTO `comuna` VALUES ('', 'TOCACHE');
INSERT INTO `comuna` VALUES ('', 'TOCMOCHE');
INSERT INTO `comuna` VALUES ('', 'TOMAS');
INSERT INTO `comuna` VALUES ('', 'TOMAY KICHWA');
INSERT INTO `comuna` VALUES ('', 'TOMEPAMPA');
INSERT INTO `comuna` VALUES ('', 'TONGOD');
INSERT INTO `comuna` VALUES ('', 'TORATA');
INSERT INTO `comuna` VALUES ('', 'TORAYA');
INSERT INTO `comuna` VALUES ('', 'TORIBIO CASANOVA (LA SACILIA');
INSERT INTO `comuna` VALUES ('', 'TORO');
INSERT INTO `comuna` VALUES ('', 'TOTORA');
INSERT INTO `comuna` VALUES ('', 'TOTOS');
INSERT INTO `comuna` VALUES ('', 'TOURNAVISTA');
INSERT INTO `comuna` VALUES ('', 'TRES DE DICIEMBRE');
INSERT INTO `comuna` VALUES ('', 'TRITA');
INSERT INTO `comuna` VALUES ('', 'TROMPETEROS');
INSERT INTO `comuna` VALUES ('', 'TRUJILLO');
INSERT INTO `comuna` VALUES ('', 'TUCUME');
INSERT INTO `comuna` VALUES ('', 'TUMAN');
INSERT INTO `comuna` VALUES ('', 'TUMAY HUARACA (UMAMARCA)');
INSERT INTO `comuna` VALUES ('', 'TUMBADEN');
INSERT INTO `comuna` VALUES ('', 'TUMBES');
INSERT INTO `comuna` VALUES ('', 'TUNAN MARCA (CONCHO)');
INSERT INTO `comuna` VALUES ('', 'TUPAC AMARU');
INSERT INTO `comuna` VALUES ('', 'TUPAC AMARU INCA (TUPAC AMAR');
INSERT INTO `comuna` VALUES ('', 'TUPE');
INSERT INTO `comuna` VALUES ('', 'TURPAY');
INSERT INTO `comuna` VALUES ('', 'TURPO');
INSERT INTO `comuna` VALUES ('', 'TUTI');
INSERT INTO `comuna` VALUES ('', 'UBINAS');
INSERT INTO `comuna` VALUES ('', 'UCHUMARCA');
INSERT INTO `comuna` VALUES ('', 'UCHUMAYO');
INSERT INTO `comuna` VALUES ('', 'UCO');
INSERT INTO `comuna` VALUES ('', 'UCUNCHA');
INSERT INTO `comuna` VALUES ('', 'ULCUMAYO');
INSERT INTO `comuna` VALUES ('', 'UMACHIRI');
INSERT INTO `comuna` VALUES ('', 'UMARI');
INSERT INTO `comuna` VALUES ('', 'UNICACHI (MARCAJA)');
INSERT INTO `comuna` VALUES ('', 'UNION AGUA BLANCA (AGUA BLAN');
INSERT INTO `comuna` VALUES ('', 'UNON');
INSERT INTO `comuna` VALUES ('', 'UPAHUCHO');
INSERT INTO `comuna` VALUES ('', 'URACA(CORIRI)');
INSERT INTO `comuna` VALUES ('', 'URANMARCA');
INSERT INTO `comuna` VALUES ('', 'URARINAS');
INSERT INTO `comuna` VALUES ('', 'URCOS');
INSERT INTO `comuna` VALUES ('', 'URPAY');
INSERT INTO `comuna` VALUES ('', 'URUBAMBA');
INSERT INTO `comuna` VALUES ('', 'USICAYOS');
INSERT INTO `comuna` VALUES ('', 'USQUIL');
INSERT INTO `comuna` VALUES ('', 'UTCO');
INSERT INTO `comuna` VALUES ('', 'UTICYACU');
INSERT INTO `comuna` VALUES ('', 'VALERA');
INSERT INTO `comuna` VALUES ('', 'VEGUETA');
INSERT INTO `comuna` VALUES ('', 'VELILLE');
INSERT INTO `comuna` VALUES ('', 'VICCO');
INSERT INTO `comuna` VALUES ('', 'VICE');
INSERT INTO `comuna` VALUES ('', 'VICHAYAL');
INSERT INTO `comuna` VALUES ('', 'VICTOR LARCO HERRERA (BUENOS');
INSERT INTO `comuna` VALUES ('', 'VILAVILA');
INSERT INTO `comuna` VALUES ('', 'VILCABAMBA');
INSERT INTO `comuna` VALUES ('', 'VILCANCHOS');
INSERT INTO `comuna` VALUES ('', 'VILCASHUAMAN');
INSERT INTO `comuna` VALUES ('', 'VILLA EL SALVADOR ');
INSERT INTO `comuna` VALUES ('', 'VILLA MARIA DEL TRIUNFO');
INSERT INTO `comuna` VALUES ('', 'VILLA RICA');
INSERT INTO `comuna` VALUES ('', 'VILQUE');
INSERT INTO `comuna` VALUES ('', 'VILQUE CHICO');
INSERT INTO `comuna` VALUES ('', 'VINAC');
INSERT INTO `comuna` VALUES ('', 'VIQUES');
INSERT INTO `comuna` VALUES ('', 'VIRACO');
INSERT INTO `comuna` VALUES ('', 'VIRU');
INSERT INTO `comuna` VALUES ('', 'VIRUNDO (SAN JUAN DE VIRUNDO');
INSERT INTO `comuna` VALUES ('', 'VISCHONGO');
INSERT INTO `comuna` VALUES ('', 'VISTA ALEGRE');
INSERT INTO `comuna` VALUES ('', 'VITIS');
INSERT INTO `comuna` VALUES ('', 'VITOC (PUCARA)');
INSERT INTO `comuna` VALUES ('', 'VITOR');
INSERT INTO `comuna` VALUES ('', 'WANCHAQ');
INSERT INTO `comuna` VALUES ('', 'YAMANGO');
INSERT INTO `comuna` VALUES ('', 'YAMBRASBAMBA');
INSERT INTO `comuna` VALUES ('', 'YAMON');
INSERT INTO `comuna` VALUES ('', 'YANAC');
INSERT INTO `comuna` VALUES ('', 'YANACA');
INSERT INTO `comuna` VALUES ('', 'YANACANCHA');
INSERT INTO `comuna` VALUES ('', 'YANAHUANCA');
INSERT INTO `comuna` VALUES ('', 'YANAHUARA');
INSERT INTO `comuna` VALUES ('', 'YANAHUAYA');
INSERT INTO `comuna` VALUES ('', 'YANAMA');
INSERT INTO `comuna` VALUES ('', 'YANAOCA');
INSERT INTO `comuna` VALUES ('', 'YANAQUIHUA');
INSERT INTO `comuna` VALUES ('', 'YANAS');
INSERT INTO `comuna` VALUES ('', 'YANATILE');
INSERT INTO `comuna` VALUES ('', 'YANAYACU');
INSERT INTO `comuna` VALUES ('', 'YANQUE');
INSERT INTO `comuna` VALUES ('', 'YAQUERANA');
INSERT INTO `comuna` VALUES ('', 'YARABAMBA');
INSERT INTO `comuna` VALUES ('', 'YARINACOCHA');
INSERT INTO `comuna` VALUES ('', 'YARUMAYO');
INSERT INTO `comuna` VALUES ('', 'YAUCA');
INSERT INTO `comuna` VALUES ('', 'YAUCA DEL ROSARIO (CURIS)');
INSERT INTO `comuna` VALUES ('', 'YAULI');
INSERT INTO `comuna` VALUES ('', 'YAURISQUE');
INSERT INTO `comuna` VALUES ('', 'YAUTAN');
INSERT INTO `comuna` VALUES ('', 'YAUYA');
INSERT INTO `comuna` VALUES ('', 'YAUYOS');
INSERT INTO `comuna` VALUES ('', 'YAUYUCAN');
INSERT INTO `comuna` VALUES ('', 'YAVARI');
INSERT INTO `comuna` VALUES ('', 'YONAN (TEMBLADERA)');
INSERT INTO `comuna` VALUES ('', 'YUCAY');
INSERT INTO `comuna` VALUES ('', 'YUNGA');
INSERT INTO `comuna` VALUES ('', 'YUNGAR');
INSERT INTO `comuna` VALUES ('', 'YUNGAY');
INSERT INTO `comuna` VALUES ('', 'YUNGUYO');
INSERT INTO `comuna` VALUES ('', 'YUPAN');
INSERT INTO `comuna` VALUES ('', 'YURA');
INSERT INTO `comuna` VALUES ('', 'YURACMARCA');
INSERT INTO `comuna` VALUES ('', 'YURIMAGUAS');
INSERT INTO `comuna` VALUES ('', 'YURUA');
INSERT INTO `comuna` VALUES ('', 'YUYAPICHIS');
INSERT INTO `comuna` VALUES ('', 'ZARUMILLA');
INSERT INTO `comuna` VALUES ('', 'ZEPITA');
INSERT INTO `comuna` VALUES ('', 'ZORRITOS');
INSERT INTO `comuna` VALUES ('', 'ZUNIGA');
INSERT INTO `comuna` VALUES ('', 'ZURITE');

-- ----------------------------
-- Table structure for core_datos
-- ----------------------------
DROP TABLE IF EXISTS `core_datos`;
CREATE TABLE `core_datos` (
  `id_Datos` int(11) unsigned NOT NULL AUTO_INCREMENT,
  `email_principal` varchar(60) NOT NULL,
  `Nombre` varchar(60) NOT NULL,
  `Rut` varchar(13) NOT NULL,
  `Direccion` varchar(60) NOT NULL,
  `Fono` varchar(15) NOT NULL,
  `Ciudad` varchar(60) NOT NULL,
  `Comuna` varchar(60) NOT NULL,
  `idTheme` tinyint(3) unsigned NOT NULL,
  `idTheme2` tinyint(3) unsigned NOT NULL,
  PRIMARY KEY (`id_Datos`)
) ENGINE=MyISAM AUTO_INCREMENT=2 DEFAULT CHARSET=latin1;

-- ----------------------------
-- Records of core_datos
-- ----------------------------
INSERT INTO `core_datos` VALUES ('1', 'marcelolopezb@gmail.com', 'America TV', '69070700-4', 'Montero Rosas 1099 ', '4194000', 'Lima', 'Santa Beatriz', '1', '1');

-- ----------------------------
-- Table structure for core_permisos
-- ----------------------------
DROP TABLE IF EXISTS `core_permisos`;
CREATE TABLE `core_permisos` (
  `idAdmpm` int(11) unsigned NOT NULL AUTO_INCREMENT,
  `id_pmcat` int(11) unsigned NOT NULL,
  `Direccionweb` varchar(50) NOT NULL,
  `Direccionbase` varchar(50) NOT NULL,
  `Nombre` varchar(50) NOT NULL,
  `mode` tinyint(2) unsigned NOT NULL,
  PRIMARY KEY (`idAdmpm`)
) ENGINE=MyISAM AUTO_INCREMENT=18 DEFAULT CHARSET=latin1;

-- ----------------------------
-- Records of core_permisos
-- ----------------------------
INSERT INTO `core_permisos` VALUES ('1', '2', 'admin_clientes.php?pagina=1', 'admin_clientes.php', 'Admin Clientes', '1');
INSERT INTO `core_permisos` VALUES ('2', '2', 'admin_clientes_activation.php?pagina=1', 'admin_clientes_activation.php', 'Estado Cliente', '1');
INSERT INTO `core_permisos` VALUES ('3', '1', 'admin_usr.php?pagina=1', 'admin_usr.php', 'Admin Usuarios', '1');
INSERT INTO `core_permisos` VALUES ('4', '1', 'admin_usr_activation.php?pagina=1', 'admin_usr_activation.php', 'Estado Usuario', '1');
INSERT INTO `core_permisos` VALUES ('5', '1', 'admin_usr_password.php?pagina=1', 'admin_usr_password.php', 'Cambio clave', '1');
INSERT INTO `core_permisos` VALUES ('6', '1', 'admin_usr_permisos.php?pagina=1', 'admin_usr_permisos.php', 'Permisos', '1');
INSERT INTO `core_permisos` VALUES ('7', '1', 'admin_usr_type.php?pagina=1', 'admin_usr_type.php', 'Tipo Usuario', '1');
INSERT INTO `core_permisos` VALUES ('8', '3', 'mnt_ubicacion_comunas.php?pagina=1', 'mnt_ubicacion_comunas.php', 'Ubicacion Comunas', '1');
INSERT INTO `core_permisos` VALUES ('9', '4', 'gestion_mensajes.php', 'gestion_mensajes.php', 'Mensajes Envio', '1');
INSERT INTO `core_permisos` VALUES ('10', '4', 'gestion_geolocalizacion.php', 'gestion_geolocalizacion.php', 'Geolocalizacion', '1');
INSERT INTO `core_permisos` VALUES ('11', '4', 'gestion_alarmas.php?pagina=1', 'gestion_alarmas.php', 'Alarmas', '1');
INSERT INTO `core_permisos` VALUES ('12', '4', 'gestion_alarmas_historico.php?pagina=1', 'gestion_alarmas_historico.php', 'Alarmas Historico', '1');
INSERT INTO `core_permisos` VALUES ('13', '4', 'gestion_clientes_alarmas.php?pagina=1', 'gestion_clientes_alarmas.php', 'Alarmas por cliente', '0');
INSERT INTO `core_permisos` VALUES ('14', '4', 'gestion_mensajes_historico.php', 'gestion_mensajes_historico.php', 'Mensajes Historico', '1');
INSERT INTO `core_permisos` VALUES ('15', '3', 'mnt_fonos.php?pagina=1', 'mnt_fonos.php', 'Contacto', '1');
INSERT INTO `core_permisos` VALUES ('16', '3', 'mnt_ubicacion_region.php?pagina=1', 'mnt_ubicacion_region.php', 'Ubicacion Region', '1');
INSERT INTO `core_permisos` VALUES ('17', '3', 'mnt_grupos.php?pagina=1', 'mnt_grupos.php', 'Grupos', '1');

-- ----------------------------
-- Table structure for core_permisos_cat
-- ----------------------------
DROP TABLE IF EXISTS `core_permisos_cat`;
CREATE TABLE `core_permisos_cat` (
  `id_pmcat` int(11) unsigned NOT NULL AUTO_INCREMENT,
  `Nombre` varchar(60) NOT NULL,
  `mode` tinyint(3) unsigned NOT NULL,
  PRIMARY KEY (`id_pmcat`,`mode`)
) ENGINE=MyISAM AUTO_INCREMENT=5 DEFAULT CHARSET=latin1;

-- ----------------------------
-- Records of core_permisos_cat
-- ----------------------------
INSERT INTO `core_permisos_cat` VALUES ('1', 'Usuarios', '1');
INSERT INTO `core_permisos_cat` VALUES ('2', 'Clientes', '1');
INSERT INTO `core_permisos_cat` VALUES ('3', 'Mantenimiento', '1');
INSERT INTO `core_permisos_cat` VALUES ('4', 'Gestion', '1');

-- ----------------------------
-- Table structure for core_theme_colors
-- ----------------------------
DROP TABLE IF EXISTS `core_theme_colors`;
CREATE TABLE `core_theme_colors` (
  `idTheme` tinyint(3) NOT NULL,
  `Nombre` varchar(120) NOT NULL,
  PRIMARY KEY (`idTheme`)
) ENGINE=MyISAM DEFAULT CHARSET=utf8;

-- ----------------------------
-- Records of core_theme_colors
-- ----------------------------
INSERT INTO `core_theme_colors` VALUES ('1', 'Por defecto');
INSERT INTO `core_theme_colors` VALUES ('2', 'Azul');

-- ----------------------------
-- Table structure for detalle_general
-- ----------------------------
DROP TABLE IF EXISTS `detalle_general`;
CREATE TABLE `detalle_general` (
  `id_Detalle` int(11) unsigned NOT NULL AUTO_INCREMENT,
  `Tipo` smallint(5) NOT NULL,
  `Nombre` varchar(120) NOT NULL,
  PRIMARY KEY (`id_Detalle`)
) ENGINE=MyISAM AUTO_INCREMENT=21 DEFAULT CHARSET=latin1;

-- ----------------------------
-- Records of detalle_general
-- ----------------------------
INSERT INTO `detalle_general` VALUES ('1', '1', 'Activo');
INSERT INTO `detalle_general` VALUES ('2', '1', 'Inactivo');
INSERT INTO `detalle_general` VALUES ('3', '2', 'Interno');
INSERT INTO `detalle_general` VALUES ('4', '2', 'Externo');
INSERT INTO `detalle_general` VALUES ('5', '3', 'Abierta');
INSERT INTO `detalle_general` VALUES ('6', '3', 'Cerrada');
INSERT INTO `detalle_general` VALUES ('7', '4', 'No Leido');
INSERT INTO `detalle_general` VALUES ('8', '4', 'Leido');
INSERT INTO `detalle_general` VALUES ('9', '5', 'Asistido');
INSERT INTO `detalle_general` VALUES ('10', '5', 'No Asistido');
INSERT INTO `detalle_general` VALUES ('11', '6', 'Padres');
INSERT INTO `detalle_general` VALUES ('12', '6', 'Hermanos');
INSERT INTO `detalle_general` VALUES ('13', '6', 'Conyugue');
INSERT INTO `detalle_general` VALUES ('14', '6', 'Hijos');
INSERT INTO `detalle_general` VALUES ('15', '6', 'Nietos');
INSERT INTO `detalle_general` VALUES ('16', '6', 'Abuelos');
INSERT INTO `detalle_general` VALUES ('17', '7', 'Normal');
INSERT INTO `detalle_general` VALUES ('18', '8', 'Informacion');
INSERT INTO `detalle_general` VALUES ('19', '8', 'Mensaje');
INSERT INTO `detalle_general` VALUES ('20', '8', 'Oferta');

-- ----------------------------
-- Table structure for ejecutivos
-- ----------------------------
DROP TABLE IF EXISTS `ejecutivos`;
CREATE TABLE `ejecutivos` (
  `id_ejecutiv` int(11) NOT NULL AUTO_INCREMENT,
  `fecha_ingreso` date NOT NULL,
  `login` varchar(50) NOT NULL,
  `pass` varchar(50) NOT NULL,
  `nom_ejecutiv` varchar(70) DEFAULT NULL,
  `departamento` varchar(75) NOT NULL,
  `region` varchar(75) NOT NULL DEFAULT '13',
  `ciudad_ejecutiv` varchar(15) DEFAULT NULL,
  `dir_ejecutiv` varchar(100) DEFAULT NULL,
  `cod_fono` varchar(2) NOT NULL,
  `fono_ejecutiv` varchar(15) DEFAULT NULL,
  `celu_ejecutiv` varchar(15) DEFAULT NULL,
  `mail_ejecutiv` varchar(50) DEFAULT NULL,
  `valid_ejecutiv` char(1) DEFAULT NULL,
  `id_admin` varchar(5) NOT NULL,
  `tipo` varchar(1) NOT NULL,
  `anfitrion` varchar(150) NOT NULL,
  `rut` varchar(15) NOT NULL,
  `sexo` varchar(1) NOT NULL,
  `fecha_nac` varchar(8) NOT NULL,
  `sms1` varchar(12) NOT NULL DEFAULT '0',
  `sms2` varchar(12) NOT NULL DEFAULT '0',
  `sms3` varchar(12) NOT NULL DEFAULT '0',
  `sms4` varchar(12) NOT NULL DEFAULT '0',
  `sms5` varchar(12) NOT NULL DEFAULT '0',
  `carr1` varchar(12) NOT NULL,
  `carr2` varchar(12) NOT NULL,
  `carr3` varchar(12) NOT NULL,
  `carr4` varchar(12) NOT NULL,
  `carr5` varchar(12) NOT NULL,
  `fono_alarma` varchar(15) NOT NULL,
  `grupo` varchar(20) NOT NULL,
  `estado_usr` tinyint(1) unsigned NOT NULL,
  `codigo_sms` varchar(10) NOT NULL,
  `gcmcode` varchar(500) NOT NULL,
  `lon` double NOT NULL,
  `lat` double NOT NULL,
  `hora_ubicacion` varchar(20) NOT NULL,
  `publicidad` varchar(2) NOT NULL,
  `imei` varchar(50) NOT NULL,
  `radio` tinyint(2) NOT NULL,
  `dispositivo` varchar(20) NOT NULL DEFAULT 'android',
  `id_fb` varchar(25) NOT NULL,
  PRIMARY KEY (`id_ejecutiv`),
  KEY `fono_ejecutiv` (`fono_ejecutiv`) USING BTREE,
  KEY `sms1` (`sms1`) USING BTREE,
  KEY `sms2` (`sms2`) USING BTREE,
  KEY `sms3` (`sms3`) USING BTREE,
  KEY `sms4` (`sms4`) USING BTREE,
  KEY `sms5` (`sms5`) USING BTREE,
  KEY `imei` (`imei`) USING BTREE
) ENGINE=MyISAM AUTO_INCREMENT=95 DEFAULT CHARSET=latin1;

-- ----------------------------
-- Records of ejecutivos
-- ----------------------------
INSERT INTO `ejecutivos` VALUES ('1', '2014-06-25', 'marcelolopezb@gmail.com', '1234', 'Marcelo Lopez', '15', '128', '1248', 'Avda Kennedy 5735', '', '0998215180', null, 'marcelolopezb@gmail.com', null, '', '', '', '81147221', '', '', '57097784', '73246752', '98215180', '95554544', '0', '', '', '', '', '', '', 'sosamerica', '1', 'f0762d21c3', 'APA91bEYBLxeWeD9ArP3ZLKUJ-SHBjyrt_1sDg0ZoLuBtf-qCbwswJuvAvJH97PPCNoTASp14yLIA37xU0oz3kz8GVRIpcu_xJcCRMU_SkIT2wnjWsVjc46ZrEoMPeddDkgdGoCrsBBdU-n7Ryw46qBKAz-miaaCFw', '-70.5755517', '-33.4006257', '22/01/2015  13:01:53', '', '356878051272119 ', '0', 'android', '');
INSERT INTO `ejecutivos` VALUES ('76', '2014-12-01', 'hgalvez@americatv.com.pe', '1234', 'hernan', '15', '128', '1248', 'montero rosas 1099', '', '09976926796', null, 'hgalvez@americatv.com.pe', null, '', '', '', '42311024', 'M', '198403', '997349132', '0', '0', '0', '0', '', '', '', '', '', '', 'sosamerica', '1', '5ebb54', 'APA91bF3kxcHqYpqDREOzrNNI9Lb4Bv6WbrT0fPyAXmAxO-apjPqLfb2BF1e3yg9RI6PcbgW5dVBX1ZPZifF9qWWr62INJwp5hPtkIJL34ayvN20d5FDLjs5_MD5oTm27TiZQ45QaCZFbGVR45gmAW3MjZaptnY1qP85jtzoLEespXkU07BSLVQ', '-77.03430102', '-12.07531393', '13/02/2015  16:02:11', '', '359288050703709  ', '0', 'android', '');
INSERT INTO `ejecutivos` VALUES ('23', '2014-07-08', 'cvalenzuela2010@gmail.com', '1234', 'VALENZUELA SILVA CARLOS EUGENIO', '', '13', 'Lo Barnechea', 'vevey 308', '', '0957097784', null, 'cvalenzuela2010@gmail.com', null, '', '', '', '82476563', '', '', '98215180', '93462365', '72489062', '98358439', '997349132', '', '', '', '', '', '222454622', 'sosamerica', '1', '76bf87', 'APA91bGagPv3l9NruAzZ9LolzuvNAvd9BKrwiEvu9R-2PNNzVNNkfP_F-DtcEpBZxB2E1wf8Iwu_JTsO5Cm0cgQSejbpjKsRgEmYkgwiC1nf07_kuRbw8X7-y-kczbJzFdAPv_HxGzS0XVrgn1K1ZTWQ3hKvHNEXfQ', '-70.5754484', '-33.4006442', '15/01/2015  18:01:36', '', '351524055726487  ', '0', 'android', '');
INSERT INTO `ejecutivos` VALUES ('63', '2014-11-11', 'joakhinn@gmail.com', '1234', 'VASQUEZ TAPIA JOAQUIN ALBERTO', '', '13', 'La Florida', 'PJ FCO DE AGUIRRE 3759 VI DN CRISTOBAL', '', '0998358439', null, 'joakhinn@gmail.com', null, '', '', '', '135567779', '', '', '98215180', '957097784', '0', '0', '0', '', '', '', '', '', '', 'sosamerica', '1', 'bbd292', 'APA91bGuEa6ohaKGPJGukrsNYlrEDxT8DOoHk7CdDOeP3QoGT_mr_hJ_9JJ0Y6i7D-JSMRNA-jDvp4tRU-J6XF3cymxZq0O4Cd2lCNGshX0RMFKIApod7XHDJWPJxZRE7KHxSwBm54Xo9PttbUR-K0aD4l_ECeR6iQ', '-70.5769727', '-33.4007298', '06/01/2015  07:01:14', 'Si', '863101011703412  ', '1', 'android', '');
INSERT INTO `ejecutivos` VALUES ('75', '2014-11-26', 'jcueto@americatv.com.pe', '1234', 'Julio Cueto', '15', '128', '1248', 'Valderomar 645', '', '09997349132', null, 'jcueto@americatv.com.pe', null, '', '', '', '25770583', 'M', '19750206', '976926796', '98215180', '57097784', '997898291', '0', '', '', '', '', '', '', 'sosamerica', '1', '246c8e', 'APA91bHlk3nNfArthWTynqGafa86n1AMlRPTOApPNPoz7-o4vq4O5PRFVgmdwDGiXwBerurBjrHGLCCgHKnH2z2ErA9m9ooLcbX2mP2l9YUVAuUUXQA1nuQKGMCmnrEyOFSdP8vxoaN0LGRESDGa6HoZaImAuJXPaZ1dn9yETxR70LodqT8FdAY', '0', '0', '06/02/2015  17:02:03', '', '353922051773149  ', '0', 'android', '');
INSERT INTO `ejecutivos` VALUES ('77', '2014-12-22', 'prueba@prueba.com', '1234', 'prueba', '8', '73', '725', 'aqui', '', '0998215180', null, 'prueba@prueba.com', null, '', '', '', '10497306k', 'M', '193803', '0', '0', '0', '0', '0', '', '', '', '', '', '', 'sosamerica', '1', '185869', '', '0', '0', '21/01/2015  13:01:11', 'Si', '994912925617549  ', '1', 'android', '');
INSERT INTO `ejecutivos` VALUES ('80', '2015-01-13', 'marcelolopez@naturalphone.cl', '1234', 'Ivan Marcelo Betancourt', '7', '67', '676', 'aqui 2580', '', '0998215180', null, 'marcelolopez@naturalphone.cl', null, '', '', '', '', '', '', '98765432', '0', '0', '0', '0', '', '', '', '', '', '', 'sosamerica', '1', '', 'APA91bFVq9mJI46br-TDpHa7FgbmJJZDWr4xxaBTRh_t5UizrqF1_eIliwOB-qDQUTVygOWgjk8CY8Ip90AuOqUg5yICXdTSalQWvkG6-sQesa788YjPnPNXUO5os04l0-0-oG2q9opQNSGFebMDkiPytHysKOnDwQ', '-70.575775', '-33.4004945', '', '', '352273016004373', '0', 'android', '563055673831370');
INSERT INTO `ejecutivos` VALUES ('93', '2015-02-24', 'tito6420@hotmail.com', '1234', 'Luis bernardino tito parrilla', '4', '35', '357', 'bartolome herrera a/14 J L B y R', '', '09958808801', null, 'tito6420@hotmail.com', null, '', '', '', '29716774', 'M', '196405', '0', '0', '0', '0', '0', '', '', '', '', '', '', 'sosamerica', '1', '9a52be', 'APA91bFAu2IP5H4mTQlSeIizDmgX2rND6UoYnNR-qwYW5o9d7jWt46lZyPBPLWGYfW4Ksi4cgI6Ivkza1SZ9djeokw4aBaicLnF1m6WvoaL365hLoVDEBTm050CVJfHJZT8_6fF2IVOqJY3X4HyzhlGLQyemTHMek3FRivF2QKGEbgDbdnbU9nI', '-71.8161462502751', '-16.4262563922611', '', 'Si', '352858066467056  ', '1', 'android', '');
INSERT INTO `ejecutivos` VALUES ('81', '2015-02-05', 'testingforfun.atoz@gmail.com', '1234', 'Joe Smith', '', '13', 'cerritos, ca', null, '', '095555555555', null, 'testingforfun.atoz@gmail.com', null, '', '', '', '', '', '', '0', '0', '0', '0', '0', '', '', '', '', '', '', 'sosamerica', '1', '', 'APA91bGVlQSFC8iLMQ_iaiWipJz18a6tdvFnk_wmz_TmdA_D2f5ZtZRyCyPL8xchhAR2XabL7Ct7aOOJj2K2QMhjFMjh06cJbbbHJGetxo9-8Iq6ro2KAapIwNNOuTBZMr8BcwyOb788_Nnn0oiRiVHKgqREGLiPa-AfSB4p52ZbmA2DhcwXL4M', '-122.101443512365', '37.4323612544686', '05/02/2015  19:02:00', 'Si', '351746052198895', '0', 'android', '1397168180588984');
INSERT INTO `ejecutivos` VALUES ('82', '2015-02-06', 'el_imparable_bala@hotmail.com', '1234', 'cristhian castro guevara', '15', '128', '1248', 'flor de amancaes', '', '09955789003', null, 'el_imparable_bala@hotmail.com', null, '', '', '', '48147020', 'M', '198805', '0', '0', '0', '0', '0', '', '', '', '', '', '', 'sosamerica', '1', '5ed800', '', '-77.0327182', '-12.0111149', '06/02/2015  17:02:34', 'Si', '861194010158466  ', '1', 'android', '');
INSERT INTO `ejecutivos` VALUES ('83', '2015-02-06', 'amorso_10_94@hotmail.com', '1234', 'neder', '15', '128', '1266', 'prolongacin bolivar', '', '09984511352', null, 'amorso_10_94@hotmail.com', null, '', '', '', '70556440', 'M', '19940706', '0', '0', '0', '0', '0', '', '', '', '', '', '', 'sosamerica', '1', '85070d', 'APA91bHDCk7Sgedc1wGXbA_YCXcsUAMeSvxcNYaCKxJohUBlmSvaecRPBHz5ytAyqr48lv45jt_gsKoYYvmSeYBFPyYhXPJIJHUPtHM7ro0hhRviCpScr-urF0rLXh8mKhMvPNirjUhEYheD72qVqcxv00q4ZMw49VRNxu5R5dVFR0V0I3s7SHs', '0', '0', '', 'Si', '354980055645597  ', '1', 'android', '');
INSERT INTO `ejecutivos` VALUES ('84', '2015-02-07', 'carlos.ipae@hotmail.com', '1234', 'Jose Carlos Ramos Lopez', '', '13', 'ica Per ', null, '', '09994349805', null, 'carlos.ipae@hotmail.com', null, '', '', '', '', '', '', '0', '0', '0', '0', '0', '', '', '', '', '', '', 'sosamerica', '1', '', 'APA91bG3Dvlq8rzjMllSXphiRYH0Ygzam0SF5VNoX7kL7QFkFHLiUEU-cc8scq8ax3UyZ3iUo_BbnmqXrX10gAY9cqSaVuH5LG3_RtDj6YKkEXUNN36OkrYTsy1gkgTSeYtKmzdN7ShedI1zv48g0vasFgG59faq1C5-11qRPtsPM_neTvjrWio', '-75.73567815', '-14.0517104', '07/02/2015  03:02:06', 'Si', '359297052535076', '0', 'android', '10204720306401535');
INSERT INTO `ejecutivos` VALUES ('85', '2015-02-08', 'Elsolitario_yover21@hotmail.com', '1234', 'Julio', '15', '128', '1250', 'Av buenos aires atte', '', '09955876698', null, 'Elsolitario_yover21@hotmail.com', null, '', '', '', '472733974', 'M', '199107', '0', '0', '0', '0', '0', '', '', '', '', '', '', 'sosamerica', '1', '423990', 'APA91bEanocUtNzS7hdba0u-4jCdTGrDUjswS-zZ1lNTtRFaHiGwdzYGXcTFotR7fBfm2q6vu74R41j6hir7TgBWx4P1JGJBn1PEGFSL9q3x8Ke6TXtWdVIIiKLts7W4LYOHihDQtbCyWAXKnPMfOcumnY3_ffZTmw', '-76.9800242', '-12.0693126', '08/02/2015  12:02:38', 'Si', '998877455544556  ', '1', 'android', '');
INSERT INTO `ejecutivos` VALUES ('86', '2015-02-08', ' confiansasa_12tlv@hotmail.com', '1234', 'Daniel Canales Salas', '', '13', 'Lima, Per', null, '', '09966641982', null, ' confiansasa_12tlv@hotmail.com', null, '', '', '', '', '', '', '0', '0', '0', '0', '0', '', '', '', '', '', '', 'sosamerica', '1', '', 'APA91bEsH7sLgJTHvfYhdK7clXOyQ7zweQmX1z_pNB0_B6xjJzR6tQU11gSv23StvpGLRwnxmB8eknff1G5FQuAoIYL1nPpr-L-g5_3rhyOJ2dMT2U6ugFCMbUTyVK0idWbJqpU6_Bx2mREK8fEvv9pwAn_aGje6S9yRyJjX9fq4DpSM1eo9WH8', '0', '0', '08/02/2015  16:02:11', 'Si', '356164060391335', '0', 'android', '1543188505954806');
INSERT INTO `ejecutivos` VALUES ('87', '2015-02-09', 'yesy_mancora@hotmail.com', '1234', 'Yesenia', '7', '67', '676', 'mz2 lote15', '', '09950628931', null, 'yesy_mancora@hotmail.com', null, '', '', '', '25854705', 'F', '19790504', '0', '0', '0', '0', '0', '', '', '', '', '', '', 'sosamerica', '1', 'bc8eaf', 'APA91bGV3whrLNUGV8g5J8UyNyiT1mGtBqHXCZZkEuJ0-bsCYSdoRWTnHxbXKYFDp7t7-KDUKGCQV9__Vy9vHcyUo-lGzLTBoJVb_H-61klz-rZI8OPhVTJvElXaTBvmiVznUrQj97i2pz-6nIWZMujWMcZM8ahPlV8OENE5bV0uydtb5gr-9w4', '-77.10384634', '-12.06245957', '', 'Si', '359307053968273  ', '1', 'android', '');
INSERT INTO `ejecutivos` VALUES ('88', '2015-02-10', 'taype-gianela@hotmail.com', '1234', 'Dianela Achahui', '', '13', 'peru', null, '', '09985414835', null, 'taype-gianela@hotmail.com', null, '', '', '', '', '', '', '0', '0', '0', '0', '0', '', '', '', '', '', '', 'sosamerica', '1', '', '', '-71.533393', '-16.4038999', '', 'Si', '356852048828408', '0', 'android', '441470952674574');
INSERT INTO `ejecutivos` VALUES ('89', '2015-02-13', 'myscene_12_95@hotmail.com', '1234', 'Brenda', '15', '128', '1253', 'Av. huanacaure 989', '', '09984197962', null, 'myscene_12_95@hotmail.com', null, '', '', '', '72860509', 'F', '1994', '0', '0', '0', '0', '0', '', '', '', '', '', '', 'sosamerica', '1', '7ab96a', '', '0', '0', '', 'Si', '352214053533403  ', '1', 'android', '');
INSERT INTO `ejecutivos` VALUES ('90', '2015-02-14', 'jose_cancer93@hotmail.com', '1234', 'Jose Luis Huacaicachac', '', '13', 'peru', null, '', '09957834538', null, 'jose_cancer93@hotmail.com', null, '', '', '', '', '', '', '0', '0', '0', '0', '0', '', '', '', '', '', '', 'sosamerica', '1', '', 'APA91bEdNprc2OZwUS1VP8i5ayMY8aYVEGWi5TpHn0rjyU8lmdjCI0kqSVVJjIRdxvNv36CE59chwUam-rOM75fLh66HREN7loQw9kdKuETrwpNGFWI-cjl81LPlVI2oyiTNmt0XCyJ5DDUnXOPQP_1A4gtp1fc81BWQEB5JNeghY_5G5g1E8tU', '-76.96335942', '-12.19950594', '14/02/2015  10:02:40', 'Si', '359291055768248', '0', 'android', '801835616557858');
INSERT INTO `ejecutivos` VALUES ('91', '2015-02-19', 'Raul_Uchuya@Hotmail.com', '1234', 'nataly', '7', '67', '676', 'ciudadela chalaca mz M la 27', '', '09947228032', null, 'Raul_Uchuya@Hotmail.com', null, '', '', '', '43588315', 'F', '19860606', '0', '0', '0', '0', '0', '', '', '', '', '', '', 'sosamerica', '1', '1f139f', 'APA91bG93dYTbbqV-3zPp0GwUJhWO8n0KDsiFZ1MCIp4yD2kxZ5VAwJhRHtrMdfxuY7ak5E7o9Mv8HUp4I2NUxBssUAyijTNd6kW2KOas8KbHVif62R536kxuBKW4nlpFU6qAhJe1Pb67szI-LuvYM0kMisB5fqmqB6drcqPpz3Ezis4rL-_qKs', '-77.13191556', '-12.04950828', '19/02/2015  11:02:19', 'Si', '353256065371453  ', '1', 'android', '');
INSERT INTO `ejecutivos` VALUES ('92', '2015-02-21', 'juanka@hotmail.com', '1234', 'juan carlos paredes castaneda', '13', '114', '1137', 'cosme bueno 346-348 urb. san jose-bellavista-callao', '', '09994770666', null, 'juanka@hotmail.com', null, '', '', '', '25791707', 'M', '1975', '0', '0', '0', '0', '0', '', '', '', '', '', '', 'sosamerica', '1', '34761d', 'APA91bFxZ9NCX8D4fLCMUQPjuRLiVoE-bKZoQSHlcjLvbDKpAGrBXTHEsuhdnYVlyYxQUx1WiQoBXuuoANd327EIGwsk53KQ4rF3lDMeiJHOxpoeYJq8MQQk61N6dTsJdZRNta03kPBiMnbkNuQaWys81_ELAX3hcQ', '-77.0982423', '-12.052972', '21/02/2015  01:02:47', 'Si', '356662059951944  ', '1', 'android', '');
INSERT INTO `ejecutivos` VALUES ('94', '2015-02-26', 'aruges.anaid@hotmail.com', '1234', 'Anaid Segura', '', '13', 'lima, Per ', null, '', '09998242636', null, 'aruges.anaid@hotmail.com', null, '', '', '', '', '', '', '0', '0', '0', '0', '0', '', '', '', '', '', '', 'sosamerica', '1', '', 'APA91bFz9cZokhy5tagelg2YO7u5YQxZes2rizDmoxe0fWoUEgOcvbKMp9e3JHo5P2XLccg9m7xDYREAfhcbedEwlGcDYsq1Mj5nE_aLFSsqOETFdHuWdznUVJPkphMJyJCPJpEeOkcAEGOX86ekzdT2IunILskM9SBJ4mPXh04-Qy__OloAmUA', '0', '0', '', 'Si', '353225060184534', '0', 'android', '10206254925515929');

-- ----------------------------
-- Table structure for eventos
-- ----------------------------
DROP TABLE IF EXISTS `eventos`;
CREATE TABLE `eventos` (
  `id_evento` int(11) NOT NULL AUTO_INCREMENT,
  `desc_evento` varchar(100) NOT NULL,
  PRIMARY KEY (`id_evento`)
) ENGINE=MyISAM AUTO_INCREMENT=14 DEFAULT CHARSET=utf8;

-- ----------------------------
-- Records of eventos
-- ----------------------------
INSERT INTO `eventos` VALUES ('1', 'Arbol Caido');
INSERT INTO `eventos` VALUES ('2', 'Problemas en la calzada');
INSERT INTO `eventos` VALUES ('3', 'Semaforo Apagado');
INSERT INTO `eventos` VALUES ('4', 'Alumbrado Publico');
INSERT INTO `eventos` VALUES ('5', 'Peligro en via Publica');
INSERT INTO `eventos` VALUES ('6', 'Basura en la Calle');
INSERT INTO `eventos` VALUES ('7', 'Escombros en la Calle');
INSERT INTO `eventos` VALUES ('8', 'Cables caidos');
INSERT INTO `eventos` VALUES ('9', 'Grifos en mal estado');
INSERT INTO `eventos` VALUES ('10', 'Cortes de Servicios Basicos');
INSERT INTO `eventos` VALUES ('11', 'Incendio');
INSERT INTO `eventos` VALUES ('12', 'Ambulancia');
INSERT INTO `eventos` VALUES ('13', 'Otros');

-- ----------------------------
-- Table structure for log
-- ----------------------------
DROP TABLE IF EXISTS `log`;
CREATE TABLE `log` (
  `id` int(11) NOT NULL AUTO_INCREMENT,
  `fecha` varchar(25) NOT NULL,
  `contenido` varchar(200) NOT NULL,
  `codigo` varchar(500) NOT NULL,
  PRIMARY KEY (`id`)
) ENGINE=MyISAM AUTO_INCREMENT=7 DEFAULT CHARSET=utf8;

-- ----------------------------
-- Records of log
-- ----------------------------
INSERT INTO `log` VALUES ('6', '1', 'sosclick   marcelolopez@naturalphone.cl', 'APA91bEPOqyjasG3-AYQYAAi9bx3aU9U5ZkLsseEYXAb89p2v0P_cxvqh5hySWc-WE3JRaRMom6lWNYQ67MdNtvcRugUBTKD4ss7QIIDtrSWRsBBd7tg37vqE1mNewhofTFQLECWtlgA');

-- ----------------------------
-- Table structure for mensajes
-- ----------------------------
DROP TABLE IF EXISTS `mensajes`;
CREATE TABLE `mensajes` (
  `id` int(11) NOT NULL AUTO_INCREMENT,
  `mensaje` varchar(300) NOT NULL,
  `grupo` varchar(50) NOT NULL,
  `fecha_hora` varchar(25) NOT NULL,
  `estado` varchar(1) NOT NULL,
  `link` varchar(400) NOT NULL,
  `id_alerta` int(11) NOT NULL DEFAULT '0',
  `categoria` int(11) NOT NULL,
  `subcategoria` int(11) NOT NULL,
  PRIMARY KEY (`id`)
) ENGINE=MyISAM AUTO_INCREMENT=376 DEFAULT CHARSET=utf8;

-- ----------------------------
-- Records of mensajes
-- ----------------------------
INSERT INTO `mensajes` VALUES ('1', '', 'marcelolopezb@gmail.com', '18/11/2014  12:11:52', '0', 'http://sosamerica.sosclick.cl', '832', '0', '0');
INSERT INTO `mensajes` VALUES ('2', '', 'marcelolopezb@gmail.com', '18/11/2014  17:11:17', '0', 'http://sosamerica.sosclick.cl', '833', '0', '0');
INSERT INTO `mensajes` VALUES ('3', '', 'marcelolopezb@gmail.com', '18/11/2014  17:11:26', '0', 'http://sosamerica.sosclick.cl', '834', '0', '0');
INSERT INTO `mensajes` VALUES ('4', '', 'marcelolopezb@gmail.com', '18/11/2014  17:11:05', '0', 'http://sosamerica.sosclick.cl', '835', '0', '0');
INSERT INTO `mensajes` VALUES ('5', '', 'marcelolopezb@gmail.com', '18/11/2014  17:11:50', '0', 'http://sosamerica.sosclick.cl', '836', '0', '0');
INSERT INTO `mensajes` VALUES ('6', '', 'marcelolopezb@gmail.com', '18/11/2014  17:11:02', '0', 'http://sosamerica.sosclick.cl', '837', '0', '0');
INSERT INTO `mensajes` VALUES ('7', '', 'cvalenzuela2010@gmail.com', '18/11/2014  17:11:02', '0', 'http://sosamerica.sosclick.cl', '837', '0', '0');
INSERT INTO `mensajes` VALUES ('8', '', 'marcelolopezb@gmail.com', '18/11/2014  17:11:50', '0', 'http://sosamerica.sosclick.cl', '838', '0', '0');
INSERT INTO `mensajes` VALUES ('9', '', 'cvalenzuela2010@gmail.com', '18/11/2014  17:11:50', '0', 'http://sosamerica.sosclick.cl', '838', '0', '0');
INSERT INTO `mensajes` VALUES ('10', '', 'marcelolopezb@gmail.com', '18/11/2014  17:11:50', '0', 'http://sosamerica.sosclick.cl', '838', '0', '0');
INSERT INTO `mensajes` VALUES ('11', '**.Marcelo Lopez, Envia su ubicacion. imei:356878051272119  ', 'marcelolopezb@gmail.com', '18/11/2014  17:11:20', '0', 'http://sosamerica.sosclick.cl', '839', '0', '0');
INSERT INTO `mensajes` VALUES ('12', '**.Marcelo Lopez, Envia su ubicacion. imei:356878051272119  ', 'cvalenzuela2010@gmail.com', '18/11/2014  17:11:20', '0', 'http://sosamerica.sosclick.cl', '839', '0', '0');
INSERT INTO `mensajes` VALUES ('13', '**.Marcelo Lopez, Envia su ubicacion. imei:356878051272119  ', 'marcelolopezb@gmail.com', '18/11/2014  17:11:20', '0', 'http://sosamerica.sosclick.cl', '839', '0', '0');
INSERT INTO `mensajes` VALUES ('14', '**.Marcelo Lopez, Necesita lo contacten. imei:356878051272119  ', 'marcelolopezb@gmail.com', '18/11/2014  17:11:39', '0', 'http://sosamerica.sosclick.cl', '840', '0', '0');
INSERT INTO `mensajes` VALUES ('15', '**.Marcelo Lopez, Necesita lo contacten. imei:356878051272119  ', 'cvalenzuela2010@gmail.com', '18/11/2014  17:11:39', '0', 'http://sosamerica.sosclick.cl', '840', '0', '0');
INSERT INTO `mensajes` VALUES ('16', '**.Marcelo Lopez, Envia su ubicacion. imei:356878051272119  ', 'marcelolopezb@gmail.com', '18/11/2014  17:11:40', '0', 'http://sosamerica.sosclick.cl', '841', '0', '0');
INSERT INTO `mensajes` VALUES ('17', '**.Marcelo Lopez, Necesita lo contacten. imei:356878051272119  ', 'marcelolopezb@gmail.com', '18/11/2014  17:11:39', '0', 'http://sosamerica.sosclick.cl', '840', '0', '0');
INSERT INTO `mensajes` VALUES ('18', '**.Marcelo Lopez, Envia su ubicacion. imei:356878051272119  ', 'cvalenzuela2010@gmail.com', '18/11/2014  17:11:40', '0', 'http://sosamerica.sosclick.cl', '841', '0', '0');
INSERT INTO `mensajes` VALUES ('19', '**.Marcelo Lopez, Envia su ubicacion. imei:356878051272119  ', 'marcelolopezb@gmail.com', '18/11/2014  17:11:40', '0', 'http://sosamerica.sosclick.cl', '841', '0', '0');
INSERT INTO `mensajes` VALUES ('20', '**.Marcelo Lopez, Envia su ubicacion. imei:356878051272119  ', 'marcelolopezb@gmail.com', '18/11/2014  17:11:58', '0', 'http://sosamerica.sosclick.cl', '842', '0', '0');
INSERT INTO `mensajes` VALUES ('21', '**.Marcelo Lopez, Envia su ubicacion. imei:356878051272119  ', 'cvalenzuela2010@gmail.com', '18/11/2014  17:11:58', '0', 'http://sosamerica.sosclick.cl', '842', '0', '0');
INSERT INTO `mensajes` VALUES ('22', '**.Marcelo Lopez, Envia su ubicacion. imei:356878051272119  ', 'marcelolopezb@gmail.com', '18/11/2014  17:11:58', '0', 'http://sosamerica.sosclick.cl', '842', '0', '0');
INSERT INTO `mensajes` VALUES ('23', '**.Marcelo Lopez, Envia su ubicacion. imei:356878051272119  ', 'marcelolopezb@gmail.com', '18/11/2014  17:11:23', '0', 'http://sosamerica.sosclick.cl', '843', '0', '0');
INSERT INTO `mensajes` VALUES ('24', '**.Marcelo Lopez, Envia su ubicacion. imei:356878051272119  ', 'cvalenzuela2010@gmail.com', '18/11/2014  17:11:23', '0', 'http://sosamerica.sosclick.cl', '843', '0', '0');
INSERT INTO `mensajes` VALUES ('25', '**.Marcelo Lopez, Envia su ubicacion. imei:356878051272119  ', 'marcelolopezb@gmail.com', '18/11/2014  17:11:23', '0', 'http://sosamerica.sosclick.cl', '843', '0', '0');
INSERT INTO `mensajes` VALUES ('26', '**.Marcelo Lopez, Necesita lo contacten. imei:356878051272119  ', 'marcelolopezb@gmail.com', '18/11/2014  17:11:11', '0', 'http://sosamerica.sosclick.cl', '844', '0', '0');
INSERT INTO `mensajes` VALUES ('27', '**.Marcelo Lopez, Necesita lo contacten. imei:356878051272119  ', 'cvalenzuela2010@gmail.com', '18/11/2014  17:11:11', '0', 'http://sosamerica.sosclick.cl', '844', '0', '0');
INSERT INTO `mensajes` VALUES ('28', '**.Marcelo Lopez, Requiere Transporte. imei:356878051272119  ', 'marcelolopezb@gmail.com', '18/11/2014  17:11:13', '0', 'http://sosamerica.sosclick.cl', '845', '0', '0');
INSERT INTO `mensajes` VALUES ('29', '**.Marcelo Lopez, Necesita lo contacten. imei:356878051272119  ', 'marcelolopezb@gmail.com', '18/11/2014  17:11:11', '0', 'http://sosamerica.sosclick.cl', '844', '0', '0');
INSERT INTO `mensajes` VALUES ('30', '**.Marcelo Lopez, Requiere Transporte. imei:356878051272119  ', 'cvalenzuela2010@gmail.com', '18/11/2014  17:11:13', '0', 'http://sosamerica.sosclick.cl', '845', '0', '0');
INSERT INTO `mensajes` VALUES ('31', '**.Marcelo Lopez, Requiere Transporte. imei:356878051272119  ', 'marcelolopezb@gmail.com', '18/11/2014  17:11:13', '0', 'http://sosamerica.sosclick.cl', '845', '0', '0');
INSERT INTO `mensajes` VALUES ('32', '**.Marcelo Lopez, Requiere Transporte. imei:356878051272119  ', 'cvalenzuela2010@gmail.com', '18/11/2014  17:11:21', '0', 'http://sosamerica.sosclick.cl', '846', '0', '0');
INSERT INTO `mensajes` VALUES ('33', '**.Marcelo Lopez, Requiere Transporte. imei:356878051272119  ', 'marcelolopezb@gmail.com', '18/11/2014  17:11:21', '0', 'http://sosamerica.sosclick.cl', '846', '0', '0');
INSERT INTO `mensajes` VALUES ('34', '**.Marcelo Lopez, Envia su ubicacion. imei:356878051272119  ', 'cvalenzuela2010@gmail.com', '18/11/2014  17:11:33', '0', 'http://sosamerica.sosclick.cl', '847', '0', '0');
INSERT INTO `mensajes` VALUES ('35', '**.Marcelo Lopez, Envia su ubicacion. imei:356878051272119  ', 'marcelolopezb@gmail.com', '18/11/2014  17:11:33', '0', 'http://sosamerica.sosclick.cl', '847', '0', '0');
INSERT INTO `mensajes` VALUES ('36', '**.Marcelo Lopez, Envia su ubicacion. imei:356878051272119  ', 'cvalenzuela2010@gmail.com', '18/11/2014  17:11:59', '0', 'http://sosamerica.sosclick.cl', '848', '0', '0');
INSERT INTO `mensajes` VALUES ('37', '**.Marcelo Lopez, Envia su ubicacion. imei:356878051272119  ', 'marcelolopezb@gmail.com', '18/11/2014  17:11:59', '0', 'http://sosamerica.sosclick.cl', '848', '0', '0');
INSERT INTO `mensajes` VALUES ('38', '**.Marcelo Lopez, Necesita lo contacten. imei:356878051272119  ', 'cvalenzuela2010@gmail.com', '18/11/2014  17:11:53', '0', 'http://sosamerica.sosclick.cl', '849', '0', '0');
INSERT INTO `mensajes` VALUES ('39', '**.Marcelo Lopez, Necesita lo contacten. imei:356878051272119  ', 'marcelolopezb@gmail.com', '18/11/2014  17:11:53', '0', 'http://sosamerica.sosclick.cl', '849', '0', '0');
INSERT INTO `mensajes` VALUES ('40', '**.Marcelo Lopez, Requiere Transporte. imei:356878051272119  ', 'cvalenzuela2010@gmail.com', '18/11/2014  17:11:06', '0', 'http://sosamerica.sosclick.cl', '850', '0', '0');
INSERT INTO `mensajes` VALUES ('41', '**.Marcelo Lopez, Requiere Transporte. imei:356878051272119  ', 'marcelolopezb@gmail.com', '18/11/2014  17:11:06', '0', 'http://sosamerica.sosclick.cl', '850', '0', '0');
INSERT INTO `mensajes` VALUES ('42', '**.VALENZUELA SILVA CARLOS EUGENIO, Necesita lo contacten. imei:351524055726487  ', 'marcelolopezb@gmail.com', '18/11/2014  23:11:58', '0', 'http://sosamerica.sosclick.cl', '851', '0', '0');
INSERT INTO `mensajes` VALUES ('43', '**.VALENZUELA SILVA CARLOS EUGENIO, Necesita lo contacten. imei:351524055726487  ', 'joakhinn@gmail.com', '18/11/2014  23:11:58', '0', 'http://sosamerica.sosclick.cl', '851', '0', '0');
INSERT INTO `mensajes` VALUES ('44', 'VALENZUELA SILVA CARLOS EUGENIO, Ha generado una alerta de Seguridad, comunicate con el al +5190957097784', 'marcelolopezb@gmail.com', '18/11/2014  23:11:04', '0', 'http://sosamerica.sosclick.cl', '852', '0', '0');
INSERT INTO `mensajes` VALUES ('45', 'VALENZUELA SILVA CARLOS EUGENIO, Ha generado una alerta de Seguridad, comunicate con el al +5190957097784', 'joakhinn@gmail.com', '18/11/2014  23:11:04', '0', 'http://sosamerica.sosclick.cl', '852', '0', '0');
INSERT INTO `mensajes` VALUES ('46', '**.Marcelo Lopez, Requiere Transporte. imei:356878051272119  ', 'marcelolopezb@gmail.com', '19/11/2014  09:11:07', '0', 'http://sosamerica.sosclick.cl', '853', '0', '0');
INSERT INTO `mensajes` VALUES ('47', '**.Marcelo Lopez, Requiere Transporte. imei:356878051272119  ', 'marcelolopezb@gmail.com', '19/11/2014  09:11:08', '0', 'http://sosamerica.sosclick.cl', '854', '0', '0');
INSERT INTO `mensajes` VALUES ('48', '**.Marcelo Lopez, Requiere Transporte. imei:356878051272119  ', 'marcelolopezb@gmail.com', '19/11/2014  09:11:43', '0', 'http://sosamerica.sosclick.cl', '855', '0', '0');
INSERT INTO `mensajes` VALUES ('49', '**.Marcelo Lopez, Necesita lo contacten. imei:356878051272119  ', 'marcelolopezb@gmail.com', '19/11/2014  10:11:53', '0', 'http://sosamerica.sosclick.cl', '856', '0', '0');
INSERT INTO `mensajes` VALUES ('50', '**.Marcelo Lopez, Requiere Transporte. imei:356878051272119  ', 'marcelolopezb@gmail.com', '19/11/2014  10:11:59', '0', 'http://sosamerica.sosclick.cl', '857', '0', '0');
INSERT INTO `mensajes` VALUES ('51', '**.Marcelo Lopez, Requiere Transporte. imei:356878051272119  ', 'marcelolopezb@gmail.com', '19/11/2014  10:11:30', '0', 'http://sosamerica.sosclick.cl', '858', '0', '0');
INSERT INTO `mensajes` VALUES ('52', '**.Marcelo Lopez, Llego a destino. imei:356878051272119  ', 'marcelolopezb@gmail.com', '19/11/2014  10:11:47', '0', 'http://sosamerica.sosclick.cl', '859', '0', '0');
INSERT INTO `mensajes` VALUES ('53', '**.Marcelo Lopez, Envia su ubicacion. imei:356878051272119  ', 'marcelolopezb@gmail.com', '19/11/2014  10:11:51', '0', 'http://sosamerica.sosclick.cl', '860', '0', '0');
INSERT INTO `mensajes` VALUES ('54', '**.Marcelo Lopez, Requiere Transporte. imei:356878051272119  ', 'marcelolopezb@gmail.com', '19/11/2014  10:11:26', '0', 'http://sosamerica.sosclick.cl', '861', '0', '0');
INSERT INTO `mensajes` VALUES ('55', '**.Marcelo Lopez, Llego a destino. imei:356878051272119  ', 'marcelolopezb@gmail.com', '19/11/2014  10:11:27', '0', 'http://sosamerica.sosclick.cl', '862', '0', '0');
INSERT INTO `mensajes` VALUES ('56', '**.Marcelo Lopez, Necesita lo contacten. imei:356878051272119  ', 'marcelolopezb@gmail.com', '19/11/2014  10:11:54', '0', 'http://sosamerica.sosclick.cl', '863', '0', '0');
INSERT INTO `mensajes` VALUES ('57', '**.Marcelo Lopez, Necesita lo contacten. imei:356878051272119  ', 'marcelolopezb@gmail.com', '19/11/2014  10:11:54', '0', 'http://sosamerica.sosclick.cl', '864', '0', '0');
INSERT INTO `mensajes` VALUES ('58', '**.Marcelo Lopez, Requiere Transporte. imei:356878051272119  ', 'marcelolopezb@gmail.com', '19/11/2014  10:11:19', '0', 'http://sosamerica.sosclick.cl', '865', '0', '0');
INSERT INTO `mensajes` VALUES ('59', '**.Marcelo Lopez, Llego a destino. imei:356878051272119  ', 'marcelolopezb@gmail.com', '19/11/2014  10:11:40', '0', 'http://sosamerica.sosclick.cl', '866', '0', '0');
INSERT INTO `mensajes` VALUES ('60', 'Marcelo Lopez, Ha generado una alerta de Seguridad, comunicate con el al +5190998215180', 'marcelolopezb@gmail.com', '19/11/2014  10:11:12', '0', 'http://sosamerica.sosclick.cl', '867', '0', '0');
INSERT INTO `mensajes` VALUES ('61', 'Marcelo Lopez, Ha generado una alerta de Seguridad, comunicate con el al +5190998215180', 'marcelolopezb@gmail.com', '19/11/2014  10:11:12', '0', 'http://sosamerica.sosclick.cl', '867', '0', '0');
INSERT INTO `mensajes` VALUES ('62', 'Marcelo Lopez, Ha generado una alerta de Seguridad, comunicate con el al +5190998215180', 'marcelolopezb@gmail.com', '19/11/2014  10:11:49', '0', 'http://sosamerica.sosclick.cl', '868', '0', '0');
INSERT INTO `mensajes` VALUES ('63', 'Marcelo Lopez, Ha generado una alerta de Seguridad, comunicate con el al +5190998215180', 'marcelolopezb@gmail.com', '19/11/2014  10:11:49', '0', 'http://sosamerica.sosclick.cl', '868', '0', '0');
INSERT INTO `mensajes` VALUES ('64', 'Marcelo Lopez, Ha generado una alerta de Seguridad, comunicate con el al +5190998215180', 'marcelolopezb@gmail.com', '19/11/2014  10:11:38', '0', 'http://sosamerica.sosclick.cl', '869', '0', '0');
INSERT INTO `mensajes` VALUES ('65', 'Marcelo Lopez, Ha generado una alerta de Seguridad, comunicate con el al +5190998215180', 'marcelolopezb@gmail.com', '19/11/2014  10:11:38', '0', 'http://sosamerica.sosclick.cl', '869', '0', '0');
INSERT INTO `mensajes` VALUES ('66', 'Marcelo Lopez, Ha generado una alerta de Seguridad, comunicate con el al +5190998215180', 'marcelolopezb@gmail.com', '19/11/2014  11:11:33', '0', 'http://sosamerica.sosclick.cl', '870', '0', '0');
INSERT INTO `mensajes` VALUES ('67', 'Marcelo Lopez, Ha generado una alerta de Seguridad, comunicate con el al +5190998215180', 'marcelolopezb@gmail.com', '19/11/2014  11:11:33', '0', 'http://sosamerica.sosclick.cl', '870', '0', '0');
INSERT INTO `mensajes` VALUES ('68', 'Marcelo Lopez, Ha generado una alerta de Seguridad, comunicate con el al +5190998215180', 'marcelolopezb@gmail.com', '19/11/2014  11:11:42', '0', 'http://sosamerica.sosclick.cl', '871', '0', '0');
INSERT INTO `mensajes` VALUES ('69', '', '', '19/11/2014  11:58:58', '0', '', '0', '0', '0');
INSERT INTO `mensajes` VALUES ('70', '**.Marcelo Lopez, Envia su ubicacion. imei:356878051272119  ', 'marcelolopezb@gmail.com', '19/11/2014  12:11:01', '0', 'http://sosamerica.sosclick.cl', '872', '0', '0');
INSERT INTO `mensajes` VALUES ('71', '**.Marcelo Lopez, Llego a destino. imei:356878051272119  ', 'marcelolopezb@gmail.com', '19/11/2014  12:11:28', '0', 'http://sosamerica.sosclick.cl', '873', '0', '0');
INSERT INTO `mensajes` VALUES ('72', 'Julio Cueto, Ha generado una alerta de Seguridad, comunicate con el al +51909997349132', 'hgalvez@americatv.com.pe', '01/12/2014  17:12:18', '0', 'http://sosamerica.sosclick.cl', '930', '0', '0');
INSERT INTO `mensajes` VALUES ('73', 'Julio Cueto, Ha generado una alerta de Seguridad, comunicate con el al +51909997349132', 'hgalvez@americatv.com.pe', '01/12/2014  17:12:24', '0', 'http://sosamerica.sosclick.cl', '931', '0', '0');
INSERT INTO `mensajes` VALUES ('74', 'Julio Cueto, Ha generado una alerta de Seguridad, comunicate con el al +51909997349132', 'hgalvez@americatv.com.pe', '02/12/2014  13:12:16', '0', 'http://sosamerica.sosclick.cl', '932', '0', '0');
INSERT INTO `mensajes` VALUES ('75', 'hernan, Ha generado una alerta de Seguridad, comunicate con el al +51909976926796', 'jcueto@americatv.com.pe', '02/12/2014  14:12:04', '0', 'http://sosamerica.sosclick.cl', '933', '0', '0');
INSERT INTO `mensajes` VALUES ('76', 'hernan, Ha generado una alerta de Seguridad, comunicate con el al +51909976926796', 'jcueto@americatv.com.pe', '02/12/2014  14:12:09', '0', 'http://sosamerica.sosclick.cl', '934', '0', '0');
INSERT INTO `mensajes` VALUES ('77', '**.hernan, Envia su ubicacion. imei:359288050703709  ', 'jcueto@americatv.com.pe', '02/12/2014  14:12:56', '0', 'http://sosamerica.sosclick.cl', '935', '0', '0');
INSERT INTO `mensajes` VALUES ('78', '**.hernan, Envia su ubicacion. imei:359288050703709    ', 'jcueto@americatv.com.pe', '02/12/2014  14:12:01', '0', 'http://sosamerica.sosclick.cl', '936', '0', '0');
INSERT INTO `mensajes` VALUES ('79', '**.hernan, Envia su ubicacion. imei:359288050703709      ', 'jcueto@americatv.com.pe', '02/12/2014  14:12:05', '0', 'http://sosamerica.sosclick.cl', '937', '0', '0');
INSERT INTO `mensajes` VALUES ('80', '**.hernan, Envia su ubicacion. imei:359288050703709        ', 'jcueto@americatv.com.pe', '02/12/2014  14:12:10', '0', 'http://sosamerica.sosclick.cl', '938', '0', '0');
INSERT INTO `mensajes` VALUES ('81', '**.hernan, Necesita lo contacten. imei:359288050703709          ', 'jcueto@americatv.com.pe', '02/12/2014  14:12:34', '0', 'http://sosamerica.sosclick.cl', '939', '0', '0');
INSERT INTO `mensajes` VALUES ('82', '**.hernan, Envia su ubicacion. imei:359288050703709            ', 'jcueto@americatv.com.pe', '02/12/2014  14:12:39', '0', 'http://sosamerica.sosclick.cl', '940', '0', '0');
INSERT INTO `mensajes` VALUES ('83', '**.hernan, Envia su ubicacion. imei:359288050703709              ', 'jcueto@americatv.com.pe', '02/12/2014  14:12:43', '0', 'http://sosamerica.sosclick.cl', '941', '0', '0');
INSERT INTO `mensajes` VALUES ('84', '**.hernan, Envia su ubicacion. imei:359288050703709                ', 'jcueto@americatv.com.pe', '02/12/2014  14:12:46', '0', 'http://sosamerica.sosclick.cl', '942', '0', '0');
INSERT INTO `mensajes` VALUES ('85', 'prueba de envios', 'sosamerica', '02/12/2014  17:27:27', '0', 'http://www.americatv.cl', '0', '1', '13');
INSERT INTO `mensajes` VALUES ('86', 'prueba de envios', 'sosamerica', '02/12/2014  17:30:30', '0', 'http://www.americatv.cl', '0', '1', '13');
INSERT INTO `mensajes` VALUES ('87', 'prueba de envios', 'sosamerica', '02/12/2014  17:31:31', '0', 'http://www.americatv.cl', '0', '1', '13');
INSERT INTO `mensajes` VALUES ('88', 'VALENZUELA SILVA CARLOS EUGENIO, Ha generado una alerta de Seguridad, comunicate con el al +5190957097784', 'marcelolopezb@gmail.com', '02/12/2014  17:12:04', '0', 'http://sosamerica.sosclick.cl', '943', '0', '0');
INSERT INTO `mensajes` VALUES ('89', 'VALENZUELA SILVA CARLOS EUGENIO, Ha generado una alerta de Seguridad, comunicate con el al +5190957097784', 'joakhinn@gmail.com', '02/12/2014  17:12:04', '0', 'http://sosamerica.sosclick.cl', '943', '0', '0');
INSERT INTO `mensajes` VALUES ('90', '**.VALENZUELA SILVA CARLOS EUGENIO, Envia su ubicacion. imei:351524055726487  ', 'marcelolopezb@gmail.com', '02/12/2014  17:12:39', '0', 'http://sosamerica.sosclick.cl', '944', '0', '0');
INSERT INTO `mensajes` VALUES ('91', '**.VALENZUELA SILVA CARLOS EUGENIO, Envia su ubicacion. imei:351524055726487  ', 'joakhinn@gmail.com', '02/12/2014  17:12:39', '0', 'http://sosamerica.sosclick.cl', '944', '0', '0');
INSERT INTO `mensajes` VALUES ('92', '**.VALENZUELA SILVA CARLOS EUGENIO, Llego a destino. imei:351524055726487  ', 'marcelolopezb@gmail.com', '02/12/2014  17:12:52', '0', 'http://sosamerica.sosclick.cl', '945', '0', '0');
INSERT INTO `mensajes` VALUES ('93', '**.VALENZUELA SILVA CARLOS EUGENIO, Llego a destino. imei:351524055726487  ', 'joakhinn@gmail.com', '02/12/2014  17:12:52', '0', 'http://sosamerica.sosclick.cl', '945', '0', '0');
INSERT INTO `mensajes` VALUES ('94', 'Julio Cueto, Ha generado una alerta de Seguridad, comunicate con el al +51909997349132', 'hgalvez@americatv.com.pe', '02/12/2014  19:12:32', '0', 'http://sosamerica.sosclick.cl', '946', '0', '0');
INSERT INTO `mensajes` VALUES ('95', '**.Julio Cueto, Envia su ubicacion. imei:353922051773149  ', 'hgalvez@americatv.com.pe', '02/12/2014  19:12:11', '0', 'http://sosamerica.sosclick.cl', '947', '0', '0');
INSERT INTO `mensajes` VALUES ('96', '**.Julio Cueto, Necesita lo contacten. imei:353922051773149  ', 'hgalvez@americatv.com.pe', '02/12/2014  19:12:22', '0', 'http://sosamerica.sosclick.cl', '948', '0', '0');
INSERT INTO `mensajes` VALUES ('97', '**.Julio Cueto, Llego a destino. imei:353922051773149  ', 'hgalvez@americatv.com.pe', '02/12/2014  19:12:40', '0', 'http://sosamerica.sosclick.cl', '949', '0', '0');
INSERT INTO `mensajes` VALUES ('98', '**.Julio Cueto, Necesita lo contacten. imei:353922051773149  ', 'hgalvez@americatv.com.pe', '02/12/2014  19:12:27', '0', 'http://sosamerica.sosclick.cl', '950', '0', '0');
INSERT INTO `mensajes` VALUES ('99', 'hernan, Ha generado una alerta de Seguridad, comunicate con el al +51909976926796', 'jcueto@americatv.com.pe', '02/12/2014  19:12:41', '0', 'http://sosamerica.sosclick.cl', '951', '0', '0');
INSERT INTO `mensajes` VALUES ('100', '**.hernan, Envia su ubicacion. imei:359288050703709  ', 'jcueto@americatv.com.pe', '02/12/2014  19:12:01', '0', 'http://sosamerica.sosclick.cl', '952', '0', '0');
INSERT INTO `mensajes` VALUES ('101', 'hernan, Ha generado una alerta de Seguridad, comunicate con el al +51909976926796', 'jcueto@americatv.com.pe', '02/12/2014  19:12:16', '0', 'http://sosamerica.sosclick.cl', '953', '0', '0');
INSERT INTO `mensajes` VALUES ('102', 'Julio Cueto, Ha generado una alerta de Seguridad, comunicate con el al +51909997349132', 'hgalvez@americatv.com.pe', '04/12/2014  16:12:39', '0', 'http://sosamerica.sosclick.cl', '954', '0', '0');
INSERT INTO `mensajes` VALUES ('103', 'Julio Cueto, Ha generado una alerta de Seguridad, comunicate con el al +51909997349132', 'marcelolopezb@gmail.com', '04/12/2014  16:12:39', '0', 'http://sosamerica.sosclick.cl', '954', '0', '0');
INSERT INTO `mensajes` VALUES ('104', 'Julio Cueto, Ha generado una alerta de Seguridad, comunicate con el al +51909997349132', 'cvalenzuela2010@gmail.com', '04/12/2014  16:12:39', '0', 'http://sosamerica.sosclick.cl', '954', '0', '0');
INSERT INTO `mensajes` VALUES ('105', 'Prueba desde chile', 'sosamerica', '04/12/2014  16:41:41', '0', 'http://www.americatv.com.pe/', '0', '1', '1');
INSERT INTO `mensajes` VALUES ('106', '**.Julio Cueto, Envia su ubicacion. imei:353922051773149  ', 'hgalvez@americatv.com.pe', '04/12/2014  16:12:01', '0', 'http://sosamerica.sosclick.cl', '955', '0', '0');
INSERT INTO `mensajes` VALUES ('107', '**.Julio Cueto, Envia su ubicacion. imei:353922051773149  ', 'marcelolopezb@gmail.com', '04/12/2014  16:12:01', '0', 'http://sosamerica.sosclick.cl', '955', '0', '0');
INSERT INTO `mensajes` VALUES ('108', '**.Julio Cueto, Envia su ubicacion. imei:353922051773149  ', 'cvalenzuela2010@gmail.com', '04/12/2014  16:12:01', '0', 'http://sosamerica.sosclick.cl', '955', '0', '0');
INSERT INTO `mensajes` VALUES ('109', 'Marcelo Lopez, Ha generado una alerta de Seguridad, comunicate con el al +5190998215180', 'cvalenzuela2010@gmail.com', '04/12/2014  16:12:30', '0', 'http://sosamerica.sosclick.cl', '956', '0', '0');
INSERT INTO `mensajes` VALUES ('110', 'Marcelo Lopez, Ha generado una alerta de Seguridad, comunicate con el al +5190998215180', 'marcelolopezb@gmail.com', '04/12/2014  16:12:30', '0', 'http://sosamerica.sosclick.cl', '956', '0', '0');
INSERT INTO `mensajes` VALUES ('111', 'Marcelo Lopez, Ha generado una alerta de Seguridad, comunicate con el al +5190998215180', 'hgalvez@americatv.com.pe', '04/12/2014  16:12:30', '0', 'http://sosamerica.sosclick.cl', '956', '0', '0');
INSERT INTO `mensajes` VALUES ('112', '**.Marcelo Lopez, Envia su ubicacion. imei:356878051272119  ', 'cvalenzuela2010@gmail.com', '04/12/2014  16:12:24', '0', 'http://sosamerica.sosclick.cl', '957', '0', '0');
INSERT INTO `mensajes` VALUES ('113', '**.Marcelo Lopez, Envia su ubicacion. imei:356878051272119  ', 'marcelolopezb@gmail.com', '04/12/2014  16:12:24', '0', 'http://sosamerica.sosclick.cl', '957', '0', '0');
INSERT INTO `mensajes` VALUES ('114', '**.Marcelo Lopez, Envia su ubicacion. imei:356878051272119  ', 'hgalvez@americatv.com.pe', '04/12/2014  16:12:24', '0', 'http://sosamerica.sosclick.cl', '957', '0', '0');
INSERT INTO `mensajes` VALUES ('115', 'Marcelo Lopez, Ha generado una alerta de Seguridad, comunicate con el al +5190998215180', 'cvalenzuela2010@gmail.com', '04/12/2014  16:12:08', '0', 'http://sosamerica.sosclick.cl', '958', '0', '0');
INSERT INTO `mensajes` VALUES ('116', 'Marcelo Lopez, Ha generado una alerta de Seguridad, comunicate con el al +5190998215180', 'marcelolopezb@gmail.com', '04/12/2014  16:12:08', '0', 'http://sosamerica.sosclick.cl', '958', '0', '0');
INSERT INTO `mensajes` VALUES ('117', 'Marcelo Lopez, Ha generado una alerta de Seguridad, comunicate con el al +5190998215180', 'hgalvez@americatv.com.pe', '04/12/2014  16:12:08', '0', 'http://sosamerica.sosclick.cl', '958', '0', '0');
INSERT INTO `mensajes` VALUES ('118', 'Marcelo Lopez, Ha generado una alerta de Seguridad, comunicate con el al +5190998215180', 'cvalenzuela2010@gmail.com', '04/12/2014  17:12:52', '0', 'http://sosamerica.sosclick.cl', '959', '0', '0');
INSERT INTO `mensajes` VALUES ('119', 'Marcelo Lopez, Ha generado una alerta de Seguridad, comunicate con el al +5190998215180', 'marcelolopezb@gmail.com', '04/12/2014  17:12:52', '0', 'http://sosamerica.sosclick.cl', '959', '0', '0');
INSERT INTO `mensajes` VALUES ('120', 'Marcelo Lopez, Ha generado una alerta de Seguridad, comunicate con el al +5190998215180', 'jcueto@americatv.com.pe', '04/12/2014  17:12:52', '0', 'http://sosamerica.sosclick.cl', '959', '0', '0');
INSERT INTO `mensajes` VALUES ('121', 'Julio Cueto, Ha generado una alerta de Seguridad, comunicate con el al +51909997349132', 'hgalvez@americatv.com.pe', '04/12/2014  17:12:49', '0', 'http://sosamerica.sosclick.cl', '960', '0', '0');
INSERT INTO `mensajes` VALUES ('122', 'Julio Cueto, Ha generado una alerta de Seguridad, comunicate con el al +51909997349132', 'marcelolopezb@gmail.com', '04/12/2014  17:12:49', '0', 'http://sosamerica.sosclick.cl', '960', '0', '0');
INSERT INTO `mensajes` VALUES ('123', 'Julio Cueto, Ha generado una alerta de Seguridad, comunicate con el al +51909997349132', 'cvalenzuela2010@gmail.com', '04/12/2014  17:12:49', '0', 'http://sosamerica.sosclick.cl', '960', '0', '0');
INSERT INTO `mensajes` VALUES ('124', 'Julio Cueto, Ha generado una alerta de Seguridad, comunicate con el al +51909997349132', 'hgalvez@americatv.com.pe', '04/12/2014  17:12:11', '0', 'http://sosamerica.sosclick.cl', '961', '0', '0');
INSERT INTO `mensajes` VALUES ('125', 'Julio Cueto, Ha generado una alerta de Seguridad, comunicate con el al +51909997349132', 'marcelolopezb@gmail.com', '04/12/2014  17:12:11', '0', 'http://sosamerica.sosclick.cl', '961', '0', '0');
INSERT INTO `mensajes` VALUES ('126', 'Julio Cueto, Ha generado una alerta de Seguridad, comunicate con el al +51909997349132', 'cvalenzuela2010@gmail.com', '04/12/2014  17:12:11', '0', 'http://sosamerica.sosclick.cl', '961', '0', '0');
INSERT INTO `mensajes` VALUES ('127', 'Marcelo Lopez, Ha generado una alerta de Seguridad, comunicate con el al +5190998215180', 'cvalenzuela2010@gmail.com', '04/12/2014  17:12:49', '0', 'http://sosamerica.sosclick.cl', '962', '0', '0');
INSERT INTO `mensajes` VALUES ('128', 'Marcelo Lopez, Ha generado una alerta de Seguridad, comunicate con el al +5190998215180', 'marcelolopezb@gmail.com', '04/12/2014  17:12:49', '0', 'http://sosamerica.sosclick.cl', '962', '0', '0');
INSERT INTO `mensajes` VALUES ('129', 'Marcelo Lopez, Ha generado una alerta de Seguridad, comunicate con el al +5190998215180', 'jcueto@americatv.com.pe', '04/12/2014  17:12:49', '0', 'http://sosamerica.sosclick.cl', '962', '0', '0');
INSERT INTO `mensajes` VALUES ('130', 'Julio Cueto, Ha generado una alerta de Seguridad, comunicate con el al +51909997349132', 'hgalvez@americatv.com.pe', '04/12/2014  17:12:25', '0', 'http://sosamerica.sosclick.cl', '963', '0', '0');
INSERT INTO `mensajes` VALUES ('131', 'Julio Cueto, Ha generado una alerta de Seguridad, comunicate con el al +51909997349132', 'marcelolopezb@gmail.com', '04/12/2014  17:12:25', '0', 'http://sosamerica.sosclick.cl', '963', '0', '0');
INSERT INTO `mensajes` VALUES ('132', 'Julio Cueto, Ha generado una alerta de Seguridad, comunicate con el al +51909997349132', 'cvalenzuela2010@gmail.com', '04/12/2014  17:12:25', '0', 'http://sosamerica.sosclick.cl', '963', '0', '0');
INSERT INTO `mensajes` VALUES ('133', 'Julio Cueto, Ha generado una alerta de Seguridad, comunicate con el al +51909997349132', 'hgalvez@americatv.com.pe', '04/12/2014  17:12:01', '0', 'http://sosamerica.sosclick.cl', '964', '0', '0');
INSERT INTO `mensajes` VALUES ('134', 'Julio Cueto, Ha generado una alerta de Seguridad, comunicate con el al +51909997349132', 'marcelolopezb@gmail.com', '04/12/2014  17:12:01', '0', 'http://sosamerica.sosclick.cl', '964', '0', '0');
INSERT INTO `mensajes` VALUES ('135', 'Julio Cueto, Ha generado una alerta de Seguridad, comunicate con el al +51909997349132', 'cvalenzuela2010@gmail.com', '04/12/2014  17:12:01', '0', 'http://sosamerica.sosclick.cl', '964', '0', '0');
INSERT INTO `mensajes` VALUES ('136', '**.Julio Cueto, Envia su ubicacion. imei:353922051773149  ', 'hgalvez@americatv.com.pe', '04/12/2014  17:12:58', '0', 'http://sosamerica.sosclick.cl', '965', '0', '0');
INSERT INTO `mensajes` VALUES ('137', '**.Julio Cueto, Envia su ubicacion. imei:353922051773149  ', 'marcelolopezb@gmail.com', '04/12/2014  17:12:58', '0', 'http://sosamerica.sosclick.cl', '965', '0', '0');
INSERT INTO `mensajes` VALUES ('138', '**.Julio Cueto, Envia su ubicacion. imei:353922051773149  ', 'cvalenzuela2010@gmail.com', '04/12/2014  17:12:58', '0', 'http://sosamerica.sosclick.cl', '965', '0', '0');
INSERT INTO `mensajes` VALUES ('139', '**.Julio Cueto, Llego a destino. imei:353922051773149  ', 'hgalvez@americatv.com.pe', '04/12/2014  17:12:10', '0', 'http://sosamerica.sosclick.cl', '966', '0', '0');
INSERT INTO `mensajes` VALUES ('140', '**.Julio Cueto, Llego a destino. imei:353922051773149  ', 'marcelolopezb@gmail.com', '04/12/2014  17:12:10', '0', 'http://sosamerica.sosclick.cl', '966', '0', '0');
INSERT INTO `mensajes` VALUES ('141', '**.Julio Cueto, Llego a destino. imei:353922051773149  ', 'cvalenzuela2010@gmail.com', '04/12/2014  17:12:10', '0', 'http://sosamerica.sosclick.cl', '966', '0', '0');
INSERT INTO `mensajes` VALUES ('142', '**.Marcelo Lopez, Llego a destino. imei:356878051272119  ', 'cvalenzuela2010@gmail.com', '04/12/2014  17:12:15', '0', 'http://sosamerica.sosclick.cl', '967', '0', '0');
INSERT INTO `mensajes` VALUES ('143', '**.Marcelo Lopez, Llego a destino. imei:356878051272119  ', 'marcelolopezb@gmail.com', '04/12/2014  17:12:15', '0', 'http://sosamerica.sosclick.cl', '967', '0', '0');
INSERT INTO `mensajes` VALUES ('144', '**.Marcelo Lopez, Llego a destino. imei:356878051272119  ', 'jcueto@americatv.com.pe', '04/12/2014  17:12:15', '0', 'http://sosamerica.sosclick.cl', '967', '0', '0');
INSERT INTO `mensajes` VALUES ('145', '**.Julio Cueto, Requiere Transporte. imei:353922051773149  ', 'hgalvez@americatv.com.pe', '04/12/2014  17:12:02', '0', 'http://sosamerica.sosclick.cl', '968', '0', '0');
INSERT INTO `mensajes` VALUES ('146', '**.Julio Cueto, Requiere Transporte. imei:353922051773149  ', 'marcelolopezb@gmail.com', '04/12/2014  17:12:02', '0', 'http://sosamerica.sosclick.cl', '968', '0', '0');
INSERT INTO `mensajes` VALUES ('147', '**.Julio Cueto, Requiere Transporte. imei:353922051773149  ', 'cvalenzuela2010@gmail.com', '04/12/2014  17:12:02', '0', 'http://sosamerica.sosclick.cl', '968', '0', '0');
INSERT INTO `mensajes` VALUES ('148', '**.Julio Cueto, Necesita lo contacten. imei:353922051773149  ', 'hgalvez@americatv.com.pe', '04/12/2014  18:12:57', '0', 'http://sosamerica.sosclick.cl', '969', '0', '0');
INSERT INTO `mensajes` VALUES ('149', '**.Julio Cueto, Necesita lo contacten. imei:353922051773149  ', 'marcelolopezb@gmail.com', '04/12/2014  18:12:57', '0', 'http://sosamerica.sosclick.cl', '969', '0', '0');
INSERT INTO `mensajes` VALUES ('150', '**.Julio Cueto, Necesita lo contacten. imei:353922051773149  ', 'cvalenzuela2010@gmail.com', '04/12/2014  18:12:57', '0', 'http://sosamerica.sosclick.cl', '969', '0', '0');
INSERT INTO `mensajes` VALUES ('151', 'Julio Cueto, Ha generado una alerta de Seguridad, comunicate con el al +51909997349132', 'hgalvez@americatv.com.pe', '05/12/2014  18:12:59', '0', 'http://sosamerica.sosclick.cl', '970', '0', '0');
INSERT INTO `mensajes` VALUES ('152', 'Julio Cueto, Ha generado una alerta de Seguridad, comunicate con el al +51909997349132', 'marcelolopezb@gmail.com', '05/12/2014  18:12:59', '0', 'http://sosamerica.sosclick.cl', '970', '0', '0');
INSERT INTO `mensajes` VALUES ('153', 'Julio Cueto, Ha generado una alerta de Seguridad, comunicate con el al +51909997349132', 'cvalenzuela2010@gmail.com', '05/12/2014  18:12:59', '0', 'http://sosamerica.sosclick.cl', '970', '0', '0');
INSERT INTO `mensajes` VALUES ('154', '**.Julio Cueto, Envia su ubicacion. imei:353922051773149  ', 'hgalvez@americatv.com.pe', '05/12/2014  18:12:58', '0', 'http://sosamerica.sosclick.cl', '971', '0', '0');
INSERT INTO `mensajes` VALUES ('155', '**.Julio Cueto, Envia su ubicacion. imei:353922051773149  ', 'marcelolopezb@gmail.com', '05/12/2014  18:12:58', '0', 'http://sosamerica.sosclick.cl', '971', '0', '0');
INSERT INTO `mensajes` VALUES ('156', '**.Julio Cueto, Envia su ubicacion. imei:353922051773149  ', 'cvalenzuela2010@gmail.com', '05/12/2014  18:12:58', '0', 'http://sosamerica.sosclick.cl', '971', '0', '0');
INSERT INTO `mensajes` VALUES ('157', 'Julio Cueto, Ha generado una alerta de Seguridad, comunicate con el al +51909997349132', 'hgalvez@americatv.com.pe', '18/12/2014  13:12:06', '0', 'http://sosamerica.sosclick.cl', '972', '0', '0');
INSERT INTO `mensajes` VALUES ('158', 'Julio Cueto, Ha generado una alerta de Seguridad, comunicate con el al +51909997349132', 'marcelolopezb@gmail.com', '18/12/2014  13:12:06', '0', 'http://sosamerica.sosclick.cl', '972', '0', '0');
INSERT INTO `mensajes` VALUES ('159', 'Julio Cueto, Ha generado una alerta de Seguridad, comunicate con el al +51909997349132', 'cvalenzuela2010@gmail.com', '18/12/2014  13:12:06', '0', 'http://sosamerica.sosclick.cl', '972', '0', '0');
INSERT INTO `mensajes` VALUES ('160', 'Julio Cueto, Ha generado una alerta de Seguridad, comunicate con el al +51909997349132', 'hgalvez@americatv.com.pe', '22/12/2014  12:12:34', '0', 'http://sosamerica.sosclick.cl', '973', '0', '0');
INSERT INTO `mensajes` VALUES ('161', 'Julio Cueto, Ha generado una alerta de Seguridad, comunicate con el al +51909997349132', 'marcelolopezb@gmail.com', '22/12/2014  12:12:34', '0', 'http://sosamerica.sosclick.cl', '973', '0', '0');
INSERT INTO `mensajes` VALUES ('162', 'Julio Cueto, Ha generado una alerta de Seguridad, comunicate con el al +51909997349132', 'cvalenzuela2010@gmail.com', '22/12/2014  12:12:34', '0', 'http://sosamerica.sosclick.cl', '973', '0', '0');
INSERT INTO `mensajes` VALUES ('163', '**.Julio Cueto, Envia su ubicacion. imei:353922051773149  ', 'hgalvez@americatv.com.pe', '22/12/2014  12:12:08', '0', 'http://sosamerica.sosclick.cl', '974', '0', '0');
INSERT INTO `mensajes` VALUES ('164', '**.Julio Cueto, Envia su ubicacion. imei:353922051773149  ', 'marcelolopezb@gmail.com', '22/12/2014  12:12:08', '0', 'http://sosamerica.sosclick.cl', '974', '0', '0');
INSERT INTO `mensajes` VALUES ('165', '**.Julio Cueto, Envia su ubicacion. imei:353922051773149  ', 'cvalenzuela2010@gmail.com', '22/12/2014  12:12:08', '0', 'http://sosamerica.sosclick.cl', '974', '0', '0');
INSERT INTO `mensajes` VALUES ('166', '**.Julio Cueto, Llego a destino. imei:353922051773149  ', 'hgalvez@americatv.com.pe', '22/12/2014  12:12:26', '0', 'http://sosamerica.sosclick.cl', '975', '0', '0');
INSERT INTO `mensajes` VALUES ('167', '**.Julio Cueto, Llego a destino. imei:353922051773149  ', 'hgalvez@americatv.com.pe', '22/12/2014  12:12:44', '0', 'http://sosamerica.sosclick.cl', '976', '0', '0');
INSERT INTO `mensajes` VALUES ('168', '**.Julio Cueto, Llego a destino. imei:353922051773149  ', 'marcelolopezb@gmail.com', '22/12/2014  12:12:44', '0', 'http://sosamerica.sosclick.cl', '976', '0', '0');
INSERT INTO `mensajes` VALUES ('169', '**.Julio Cueto, Llego a destino. imei:353922051773149  ', 'marcelolopezb@gmail.com', '22/12/2014  12:12:26', '0', 'http://sosamerica.sosclick.cl', '975', '0', '0');
INSERT INTO `mensajes` VALUES ('170', '**.Julio Cueto, Llego a destino. imei:353922051773149  ', 'cvalenzuela2010@gmail.com', '22/12/2014  12:12:44', '0', 'http://sosamerica.sosclick.cl', '976', '0', '0');
INSERT INTO `mensajes` VALUES ('171', '**.Julio Cueto, Llego a destino. imei:353922051773149  ', 'cvalenzuela2010@gmail.com', '22/12/2014  12:12:26', '0', 'http://sosamerica.sosclick.cl', '975', '0', '0');
INSERT INTO `mensajes` VALUES ('172', 'Julio Cueto, Ha generado una alerta de Seguridad, comunicate con el al +51909997349132', 'hgalvez@americatv.com.pe', '22/12/2014  13:12:48', '0', 'http://sosamerica.sosclick.cl', '977', '0', '0');
INSERT INTO `mensajes` VALUES ('173', 'Julio Cueto, Ha generado una alerta de Seguridad, comunicate con el al +51909997349132', 'marcelolopezb@gmail.com', '22/12/2014  13:12:48', '0', 'http://sosamerica.sosclick.cl', '977', '0', '0');
INSERT INTO `mensajes` VALUES ('174', 'Julio Cueto, Ha generado una alerta de Seguridad, comunicate con el al +51909997349132', 'cvalenzuela2010@gmail.com', '22/12/2014  13:12:48', '0', 'http://sosamerica.sosclick.cl', '977', '0', '0');
INSERT INTO `mensajes` VALUES ('175', 'Julio Cueto, Ha generado una alerta de Seguridad, comunicate con el al +51909997349132', 'hgalvez@americatv.com.pe', '22/12/2014  13:12:05', '0', 'http://sosamerica.sosclick.cl', '978', '0', '0');
INSERT INTO `mensajes` VALUES ('176', 'Julio Cueto, Ha generado una alerta de Seguridad, comunicate con el al +51909997349132', 'marcelolopezb@gmail.com', '22/12/2014  13:12:05', '0', 'http://sosamerica.sosclick.cl', '978', '0', '0');
INSERT INTO `mensajes` VALUES ('177', 'Julio Cueto, Ha generado una alerta de Seguridad, comunicate con el al +51909997349132', 'cvalenzuela2010@gmail.com', '22/12/2014  13:12:05', '0', 'http://sosamerica.sosclick.cl', '978', '0', '0');
INSERT INTO `mensajes` VALUES ('178', '**.Julio Cueto, Envia su ubicacion. imei:353922051773149  ', 'hgalvez@americatv.com.pe', '22/12/2014  13:12:25', '0', 'http://sosamerica.sosclick.cl', '979', '0', '0');
INSERT INTO `mensajes` VALUES ('179', '**.Julio Cueto, Envia su ubicacion. imei:353922051773149  ', 'marcelolopezb@gmail.com', '22/12/2014  13:12:25', '0', 'http://sosamerica.sosclick.cl', '979', '0', '0');
INSERT INTO `mensajes` VALUES ('180', '**.Julio Cueto, Envia su ubicacion. imei:353922051773149  ', 'cvalenzuela2010@gmail.com', '22/12/2014  13:12:25', '0', 'http://sosamerica.sosclick.cl', '979', '0', '0');
INSERT INTO `mensajes` VALUES ('181', '**.Julio Cueto, Llego a destino. imei:353922051773149  ', 'hgalvez@americatv.com.pe', '22/12/2014  13:12:53', '0', 'http://sosamerica.sosclick.cl', '980', '0', '0');
INSERT INTO `mensajes` VALUES ('182', '**.Julio Cueto, Llego a destino. imei:353922051773149  ', 'marcelolopezb@gmail.com', '22/12/2014  13:12:53', '0', 'http://sosamerica.sosclick.cl', '980', '0', '0');
INSERT INTO `mensajes` VALUES ('183', '**.Julio Cueto, Llego a destino. imei:353922051773149  ', 'cvalenzuela2010@gmail.com', '22/12/2014  13:12:53', '0', 'http://sosamerica.sosclick.cl', '980', '0', '0');
INSERT INTO `mensajes` VALUES ('184', '**.Julio Cueto, Requiere Transporte. imei:353922051773149  ', 'hgalvez@americatv.com.pe', '22/12/2014  13:12:07', '0', 'http://sosamerica.sosclick.cl', '981', '0', '0');
INSERT INTO `mensajes` VALUES ('185', '**.Julio Cueto, Requiere Transporte. imei:353922051773149  ', 'marcelolopezb@gmail.com', '22/12/2014  13:12:07', '0', 'http://sosamerica.sosclick.cl', '981', '0', '0');
INSERT INTO `mensajes` VALUES ('186', '**.Julio Cueto, Requiere Transporte. imei:353922051773149  ', 'cvalenzuela2010@gmail.com', '22/12/2014  13:12:07', '0', 'http://sosamerica.sosclick.cl', '981', '0', '0');
INSERT INTO `mensajes` VALUES ('187', '**.Julio Cueto, Necesita lo contacten. imei:353922051773149  ', 'hgalvez@americatv.com.pe', '22/12/2014  13:12:20', '0', 'http://sosamerica.sosclick.cl', '982', '0', '0');
INSERT INTO `mensajes` VALUES ('188', '**.Julio Cueto, Necesita lo contacten. imei:353922051773149  ', 'marcelolopezb@gmail.com', '22/12/2014  13:12:20', '0', 'http://sosamerica.sosclick.cl', '982', '0', '0');
INSERT INTO `mensajes` VALUES ('189', '**.Julio Cueto, Necesita lo contacten. imei:353922051773149  ', 'cvalenzuela2010@gmail.com', '22/12/2014  13:12:20', '0', 'http://sosamerica.sosclick.cl', '982', '0', '0');
INSERT INTO `mensajes` VALUES ('190', 'Julio Cueto, Ha generado una alerta de Seguridad, comunicate con el al +51909997349132', 'hgalvez@americatv.com.pe', '22/12/2014  13:12:03', '0', 'http://sosamerica.sosclick.cl', '983', '0', '0');
INSERT INTO `mensajes` VALUES ('191', 'Julio Cueto, Ha generado una alerta de Seguridad, comunicate con el al +51909997349132', 'marcelolopezb@gmail.com', '22/12/2014  13:12:03', '0', 'http://sosamerica.sosclick.cl', '983', '0', '0');
INSERT INTO `mensajes` VALUES ('192', 'Julio Cueto, Ha generado una alerta de Seguridad, comunicate con el al +51909997349132', 'cvalenzuela2010@gmail.com', '22/12/2014  13:12:03', '0', 'http://sosamerica.sosclick.cl', '983', '0', '0');
INSERT INTO `mensajes` VALUES ('193', 'Julio Cueto, Ha generado una alerta de Seguridad, comunicate con el al +51909997349132', 'hgalvez@americatv.com.pe', '22/12/2014  13:12:42', '0', 'http://sosamerica.sosclick.cl', '984', '0', '0');
INSERT INTO `mensajes` VALUES ('194', 'Julio Cueto, Ha generado una alerta de Seguridad, comunicate con el al +51909997349132', 'marcelolopezb@gmail.com', '22/12/2014  13:12:42', '0', 'http://sosamerica.sosclick.cl', '984', '0', '0');
INSERT INTO `mensajes` VALUES ('195', 'Julio Cueto, Ha generado una alerta de Seguridad, comunicate con el al +51909997349132', 'cvalenzuela2010@gmail.com', '22/12/2014  13:12:42', '0', 'http://sosamerica.sosclick.cl', '984', '0', '0');
INSERT INTO `mensajes` VALUES ('196', '**.Julio Cueto, Necesita lo contacten. imei:353922051773149  ', 'hgalvez@americatv.com.pe', '22/12/2014  13:12:00', '0', 'http://sosamerica.sosclick.cl', '985', '0', '0');
INSERT INTO `mensajes` VALUES ('197', '**.Julio Cueto, Necesita lo contacten. imei:353922051773149  ', 'marcelolopezb@gmail.com', '22/12/2014  13:12:00', '0', 'http://sosamerica.sosclick.cl', '985', '0', '0');
INSERT INTO `mensajes` VALUES ('198', '**.Julio Cueto, Necesita lo contacten. imei:353922051773149  ', 'cvalenzuela2010@gmail.com', '22/12/2014  13:12:00', '0', 'http://sosamerica.sosclick.cl', '985', '0', '0');
INSERT INTO `mensajes` VALUES ('199', '**.Julio Cueto, Requiere Transporte. imei:353922051773149  ', 'hgalvez@americatv.com.pe', '22/12/2014  13:12:51', '0', 'http://sosamerica.sosclick.cl', '986', '0', '0');
INSERT INTO `mensajes` VALUES ('200', '**.Julio Cueto, Requiere Transporte. imei:353922051773149  ', 'marcelolopezb@gmail.com', '22/12/2014  13:12:51', '0', 'http://sosamerica.sosclick.cl', '986', '0', '0');
INSERT INTO `mensajes` VALUES ('201', '**.Julio Cueto, Requiere Transporte. imei:353922051773149  ', 'cvalenzuela2010@gmail.com', '22/12/2014  13:12:51', '0', 'http://sosamerica.sosclick.cl', '986', '0', '0');
INSERT INTO `mensajes` VALUES ('202', '**.Julio Cueto, Llego a destino. imei:353922051773149  ', 'hgalvez@americatv.com.pe', '22/12/2014  13:12:22', '0', 'http://sosamerica.sosclick.cl', '987', '0', '0');
INSERT INTO `mensajes` VALUES ('203', '**.Julio Cueto, Llego a destino. imei:353922051773149  ', 'marcelolopezb@gmail.com', '22/12/2014  13:12:22', '0', 'http://sosamerica.sosclick.cl', '987', '0', '0');
INSERT INTO `mensajes` VALUES ('204', '**.Julio Cueto, Llego a destino. imei:353922051773149  ', 'cvalenzuela2010@gmail.com', '22/12/2014  13:12:22', '0', 'http://sosamerica.sosclick.cl', '987', '0', '0');
INSERT INTO `mensajes` VALUES ('205', 'Julio Cueto, Ha generado una alerta de Seguridad, comunicate con el al +51909997349132', 'hgalvez@americatv.com.pe', '23/12/2014  16:12:43', '0', 'http://sosamerica.sosclick.cl', '988', '0', '0');
INSERT INTO `mensajes` VALUES ('206', 'Julio Cueto, Ha generado una alerta de Seguridad, comunicate con el al +51909997349132', 'marcelolopezb@gmail.com', '23/12/2014  16:12:43', '0', 'http://sosamerica.sosclick.cl', '988', '0', '0');
INSERT INTO `mensajes` VALUES ('207', 'Julio Cueto, Ha generado una alerta de Seguridad, comunicate con el al +51909997349132', 'cvalenzuela2010@gmail.com', '23/12/2014  16:12:43', '0', 'http://sosamerica.sosclick.cl', '988', '0', '0');
INSERT INTO `mensajes` VALUES ('208', '**.Julio Cueto, Envia su ubicacion. imei:353922051773149  ', 'hgalvez@americatv.com.pe', '23/12/2014  16:12:21', '0', 'http://sosamerica.sosclick.cl', '989', '0', '0');
INSERT INTO `mensajes` VALUES ('209', '**.Julio Cueto, Envia su ubicacion. imei:353922051773149  ', 'marcelolopezb@gmail.com', '23/12/2014  16:12:21', '0', 'http://sosamerica.sosclick.cl', '989', '0', '0');
INSERT INTO `mensajes` VALUES ('210', '**.Julio Cueto, Envia su ubicacion. imei:353922051773149  ', 'cvalenzuela2010@gmail.com', '23/12/2014  16:12:21', '0', 'http://sosamerica.sosclick.cl', '989', '0', '0');
INSERT INTO `mensajes` VALUES ('211', '**.Julio Cueto, Llego a destino. imei:353922051773149  ', 'hgalvez@americatv.com.pe', '23/12/2014  16:12:41', '0', 'http://sosamerica.sosclick.cl', '990', '0', '0');
INSERT INTO `mensajes` VALUES ('212', '**.Julio Cueto, Llego a destino. imei:353922051773149  ', 'marcelolopezb@gmail.com', '23/12/2014  16:12:41', '0', 'http://sosamerica.sosclick.cl', '990', '0', '0');
INSERT INTO `mensajes` VALUES ('213', '**.Julio Cueto, Llego a destino. imei:353922051773149  ', 'cvalenzuela2010@gmail.com', '23/12/2014  16:12:41', '0', 'http://sosamerica.sosclick.cl', '990', '0', '0');
INSERT INTO `mensajes` VALUES ('214', '**.Julio Cueto, Requiere Transporte. imei:353922051773149  ', 'hgalvez@americatv.com.pe', '23/12/2014  16:12:56', '0', 'http://sosamerica.sosclick.cl', '991', '0', '0');
INSERT INTO `mensajes` VALUES ('215', '**.Julio Cueto, Requiere Transporte. imei:353922051773149  ', 'marcelolopezb@gmail.com', '23/12/2014  16:12:56', '0', 'http://sosamerica.sosclick.cl', '991', '0', '0');
INSERT INTO `mensajes` VALUES ('216', '**.Julio Cueto, Requiere Transporte. imei:353922051773149  ', 'cvalenzuela2010@gmail.com', '23/12/2014  16:12:56', '0', 'http://sosamerica.sosclick.cl', '991', '0', '0');
INSERT INTO `mensajes` VALUES ('217', '**.Julio Cueto, Necesita lo contacten. imei:353922051773149  ', 'hgalvez@americatv.com.pe', '23/12/2014  16:12:33', '0', 'http://sosamerica.sosclick.cl', '992', '0', '0');
INSERT INTO `mensajes` VALUES ('218', '**.Julio Cueto, Necesita lo contacten. imei:353922051773149  ', 'marcelolopezb@gmail.com', '23/12/2014  16:12:33', '0', 'http://sosamerica.sosclick.cl', '992', '0', '0');
INSERT INTO `mensajes` VALUES ('219', '**.Julio Cueto, Necesita lo contacten. imei:353922051773149  ', 'cvalenzuela2010@gmail.com', '23/12/2014  16:12:33', '0', 'http://sosamerica.sosclick.cl', '992', '0', '0');
INSERT INTO `mensajes` VALUES ('220', 'Marcelo Lopez, Ha generado una alerta de Seguridad, comunicate con el al +5190998215180', 'cvalenzuela2010@gmail.com', '02/01/2015  11:01:02', '0', 'http://sosamerica.sosclick.cl', '993', '0', '0');
INSERT INTO `mensajes` VALUES ('221', 'Marcelo Lopez, Ha generado una alerta de Seguridad, comunicate con el al +5190998215180', 'marcelolopezb@gmail.com', '02/01/2015  11:01:02', '0', 'http://sosamerica.sosclick.cl', '993', '0', '0');
INSERT INTO `mensajes` VALUES ('222', '**.Marcelo Lopez, Envia su ubicacion. imei:356878051272119  ', 'cvalenzuela2010@gmail.com', '02/01/2015  12:01:22', '0', 'http://sosamerica.sosclick.cl', '994', '0', '0');
INSERT INTO `mensajes` VALUES ('223', '**.Marcelo Lopez, Envia su ubicacion. imei:356878051272119  ', 'marcelolopezb@gmail.com', '02/01/2015  12:01:22', '0', 'http://sosamerica.sosclick.cl', '994', '0', '0');
INSERT INTO `mensajes` VALUES ('224', '**.Marcelo Lopez, Necesita lo contacten. imei:356878051272119  ', 'cvalenzuela2010@gmail.com', '02/01/2015  12:01:42', '0', 'http://sosamerica.sosclick.cl', '995', '0', '0');
INSERT INTO `mensajes` VALUES ('225', '**.Marcelo Lopez, Necesita lo contacten. imei:356878051272119  ', 'marcelolopezb@gmail.com', '02/01/2015  12:01:42', '0', 'http://sosamerica.sosclick.cl', '995', '0', '0');
INSERT INTO `mensajes` VALUES ('226', '**.Marcelo Lopez, Necesita lo contacten. imei:356878051272119  ', 'cvalenzuela2010@gmail.com', '02/01/2015  12:01:01', '0', 'http://sosamerica.sosclick.cl', '996', '0', '0');
INSERT INTO `mensajes` VALUES ('227', '**.Marcelo Lopez, Necesita lo contacten. imei:356878051272119  ', 'marcelolopezb@gmail.com', '02/01/2015  12:01:01', '0', 'http://sosamerica.sosclick.cl', '996', '0', '0');
INSERT INTO `mensajes` VALUES ('228', '**.Marcelo Lopez, Necesita lo contacten. imei:356878051272119  ', 'cvalenzuela2010@gmail.com', '02/01/2015  12:01:18', '0', 'http://sosamerica.sosclick.cl', '997', '0', '0');
INSERT INTO `mensajes` VALUES ('229', '**.Marcelo Lopez, Necesita lo contacten. imei:356878051272119  ', 'marcelolopezb@gmail.com', '02/01/2015  12:01:18', '0', 'http://sosamerica.sosclick.cl', '997', '0', '0');
INSERT INTO `mensajes` VALUES ('230', '**.Marcelo Lopez, Necesita lo contacten. imei:356878051272119  ', 'cvalenzuela2010@gmail.com', '02/01/2015  12:01:04', '0', 'http://sosamerica.sosclick.cl', '998', '0', '0');
INSERT INTO `mensajes` VALUES ('231', '**.Marcelo Lopez, Necesita lo contacten. imei:356878051272119  ', 'marcelolopezb@gmail.com', '02/01/2015  12:01:04', '0', 'http://sosamerica.sosclick.cl', '998', '0', '0');
INSERT INTO `mensajes` VALUES ('232', 'VALENZUELA SILVA CARLOS EUGENIO, Ha generado una alerta de Seguridad, comunicate con el al +5190957097784', 'marcelolopezb@gmail.com', '05/01/2015  17:01:41', '0', 'http://sosamerica.sosclick.cl', '999', '0', '0');
INSERT INTO `mensajes` VALUES ('233', 'VALENZUELA SILVA CARLOS EUGENIO, Ha generado una alerta de Seguridad, comunicate con el al +5190957097784', 'joakhinn@gmail.com', '05/01/2015  17:01:41', '0', 'http://sosamerica.sosclick.cl', '999', '0', '0');
INSERT INTO `mensajes` VALUES ('234', 'VALENZUELA SILVA CARLOS EUGENIO, Ha generado una alerta de Seguridad, comunicate con el al +5190957097784', 'jcueto@americatv.com.pe', '05/01/2015  17:01:41', '0', 'http://sosamerica.sosclick.cl', '999', '0', '0');
INSERT INTO `mensajes` VALUES ('235', '**.VALENZUELA SILVA CARLOS EUGENIO, Llego a destino. imei:351524055726487  ', 'marcelolopezb@gmail.com', '05/01/2015  17:01:07', '0', 'http://sosamerica.sosclick.cl', '1000', '0', '0');
INSERT INTO `mensajes` VALUES ('236', '**.VALENZUELA SILVA CARLOS EUGENIO, Llego a destino. imei:351524055726487  ', 'joakhinn@gmail.com', '05/01/2015  17:01:07', '0', 'http://sosamerica.sosclick.cl', '1000', '0', '0');
INSERT INTO `mensajes` VALUES ('237', '**.VALENZUELA SILVA CARLOS EUGENIO, Llego a destino. imei:351524055726487  ', 'jcueto@americatv.com.pe', '05/01/2015  17:01:07', '0', 'http://sosamerica.sosclick.cl', '1000', '0', '0');
INSERT INTO `mensajes` VALUES ('238', '**.VALENZUELA SILVA CARLOS EUGENIO, Llego a destino. imei:351524055726487  ', 'marcelolopezb@gmail.com', '05/01/2015  17:01:50', '0', 'http://sosamerica.sosclick.cl', '1001', '0', '0');
INSERT INTO `mensajes` VALUES ('239', '**.VALENZUELA SILVA CARLOS EUGENIO, Llego a destino. imei:351524055726487  ', 'joakhinn@gmail.com', '05/01/2015  17:01:50', '0', 'http://sosamerica.sosclick.cl', '1001', '0', '0');
INSERT INTO `mensajes` VALUES ('240', '**.VALENZUELA SILVA CARLOS EUGENIO, Llego a destino. imei:351524055726487  ', 'jcueto@americatv.com.pe', '05/01/2015  17:01:50', '0', 'http://sosamerica.sosclick.cl', '1001', '0', '0');
INSERT INTO `mensajes` VALUES ('241', '**.VALENZUELA SILVA CARLOS EUGENIO, Llego a destino. imei:351524055726487  ', 'marcelolopezb@gmail.com', '05/01/2015  17:01:39', '0', 'http://sosamerica.sosclick.cl', '1002', '0', '0');
INSERT INTO `mensajes` VALUES ('242', '**.VALENZUELA SILVA CARLOS EUGENIO, Llego a destino. imei:351524055726487  ', 'joakhinn@gmail.com', '05/01/2015  17:01:39', '0', 'http://sosamerica.sosclick.cl', '1002', '0', '0');
INSERT INTO `mensajes` VALUES ('243', '**.VALENZUELA SILVA CARLOS EUGENIO, Llego a destino. imei:351524055726487  ', 'jcueto@americatv.com.pe', '05/01/2015  17:01:39', '0', 'http://sosamerica.sosclick.cl', '1002', '0', '0');
INSERT INTO `mensajes` VALUES ('244', '**.VALENZUELA SILVA CARLOS EUGENIO, Llego a destino. imei:351524055726487  ', 'marcelolopezb@gmail.com', '05/01/2015  17:01:36', '0', 'http://sosamerica.sosclick.cl', '1003', '0', '0');
INSERT INTO `mensajes` VALUES ('245', '**.VALENZUELA SILVA CARLOS EUGENIO, Llego a destino. imei:351524055726487  ', 'joakhinn@gmail.com', '05/01/2015  17:01:36', '0', 'http://sosamerica.sosclick.cl', '1003', '0', '0');
INSERT INTO `mensajes` VALUES ('246', '**.VALENZUELA SILVA CARLOS EUGENIO, Llego a destino. imei:351524055726487  ', 'jcueto@americatv.com.pe', '05/01/2015  17:01:36', '0', 'http://sosamerica.sosclick.cl', '1003', '0', '0');
INSERT INTO `mensajes` VALUES ('247', '**.VALENZUELA SILVA CARLOS EUGENIO, Llego a destino. imei:351524055726487  ', 'marcelolopezb@gmail.com', '05/01/2015  17:01:51', '0', 'http://sosamerica.sosclick.cl', '1004', '0', '0');
INSERT INTO `mensajes` VALUES ('248', '**.VALENZUELA SILVA CARLOS EUGENIO, Llego a destino. imei:351524055726487  ', 'joakhinn@gmail.com', '05/01/2015  17:01:51', '0', 'http://sosamerica.sosclick.cl', '1004', '0', '0');
INSERT INTO `mensajes` VALUES ('249', '**.VALENZUELA SILVA CARLOS EUGENIO, Llego a destino. imei:351524055726487  ', 'jcueto@americatv.com.pe', '05/01/2015  17:01:51', '0', 'http://sosamerica.sosclick.cl', '1004', '0', '0');
INSERT INTO `mensajes` VALUES ('250', '**.VALENZUELA SILVA CARLOS EUGENIO, Requiere Transporte. imei:351524055726487  ', 'marcelolopezb@gmail.com', '05/01/2015  21:01:37', '0', 'http://sosamerica.sosclick.cl', '1005', '0', '0');
INSERT INTO `mensajes` VALUES ('251', '**.VALENZUELA SILVA CARLOS EUGENIO, Requiere Transporte. imei:351524055726487  ', 'joakhinn@gmail.com', '05/01/2015  21:01:37', '0', 'http://sosamerica.sosclick.cl', '1005', '0', '0');
INSERT INTO `mensajes` VALUES ('252', '**.VALENZUELA SILVA CARLOS EUGENIO, Requiere Transporte. imei:351524055726487  ', 'jcueto@americatv.com.pe', '05/01/2015  21:01:37', '0', 'http://sosamerica.sosclick.cl', '1005', '0', '0');
INSERT INTO `mensajes` VALUES ('253', '**.VASQUEZ TAPIA JOAQUIN ALBERTO, Requiere Transporte. imei:863101011703412  ', 'marcelolopezb@gmail.com', '06/01/2015  07:01:14', '0', 'http://sosamerica.sosclick.cl', '1006', '0', '0');
INSERT INTO `mensajes` VALUES ('254', 'Julio Cueto, Ha generado una alerta de Seguridad, comunicate con el al +51909997349132', 'hgalvez@americatv.com.pe', '07/01/2015  14:01:10', '0', 'http://sosamerica.sosclick.cl', '1007', '0', '0');
INSERT INTO `mensajes` VALUES ('255', 'Julio Cueto, Ha generado una alerta de Seguridad, comunicate con el al +51909997349132', 'marcelolopezb@gmail.com', '07/01/2015  14:01:10', '0', 'http://sosamerica.sosclick.cl', '1007', '0', '0');
INSERT INTO `mensajes` VALUES ('256', 'Julio Cueto, Ha generado una alerta de Seguridad, comunicate con el al +51909997349132', 'cvalenzuela2010@gmail.com', '07/01/2015  14:01:10', '0', 'http://sosamerica.sosclick.cl', '1007', '0', '0');
INSERT INTO `mensajes` VALUES ('257', '**.Julio Cueto, Envia su ubicacion. imei:353922051773149  ', 'hgalvez@americatv.com.pe', '07/01/2015  14:01:54', '0', 'http://sosamerica.sosclick.cl', '1008', '0', '0');
INSERT INTO `mensajes` VALUES ('258', '**.Julio Cueto, Envia su ubicacion. imei:353922051773149  ', 'marcelolopezb@gmail.com', '07/01/2015  14:01:54', '0', 'http://sosamerica.sosclick.cl', '1008', '0', '0');
INSERT INTO `mensajes` VALUES ('259', '**.Julio Cueto, Envia su ubicacion. imei:353922051773149  ', 'cvalenzuela2010@gmail.com', '07/01/2015  14:01:54', '0', 'http://sosamerica.sosclick.cl', '1008', '0', '0');
INSERT INTO `mensajes` VALUES ('260', '**.Julio Cueto, Llego a destino. imei:353922051773149  ', 'hgalvez@americatv.com.pe', '07/01/2015  14:01:06', '0', 'http://sosamerica.sosclick.cl', '1009', '0', '0');
INSERT INTO `mensajes` VALUES ('261', '**.Julio Cueto, Llego a destino. imei:353922051773149  ', 'marcelolopezb@gmail.com', '07/01/2015  14:01:06', '0', 'http://sosamerica.sosclick.cl', '1009', '0', '0');
INSERT INTO `mensajes` VALUES ('262', '**.Julio Cueto, Llego a destino. imei:353922051773149  ', 'cvalenzuela2010@gmail.com', '07/01/2015  14:01:06', '0', 'http://sosamerica.sosclick.cl', '1009', '0', '0');
INSERT INTO `mensajes` VALUES ('263', '**.Julio Cueto, Llego a destino. imei:353922051773149  ', 'hgalvez@americatv.com.pe', '07/01/2015  14:01:05', '0', 'http://sosamerica.sosclick.cl', '1010', '0', '0');
INSERT INTO `mensajes` VALUES ('264', '**.Julio Cueto, Llego a destino. imei:353922051773149  ', 'marcelolopezb@gmail.com', '07/01/2015  14:01:05', '0', 'http://sosamerica.sosclick.cl', '1010', '0', '0');
INSERT INTO `mensajes` VALUES ('265', '**.Julio Cueto, Llego a destino. imei:353922051773149  ', 'cvalenzuela2010@gmail.com', '07/01/2015  14:01:05', '0', 'http://sosamerica.sosclick.cl', '1010', '0', '0');
INSERT INTO `mensajes` VALUES ('266', 'VALENZUELA SILVA CARLOS EUGENIO, Ha generado una alerta de Seguridad, comunicate con el al +5190957097784', 'marcelolopezb@gmail.com', '09/01/2015  12:01:16', '0', 'http://sosamerica.sosclick.cl', '1011', '0', '0');
INSERT INTO `mensajes` VALUES ('267', 'VALENZUELA SILVA CARLOS EUGENIO, Ha generado una alerta de Seguridad, comunicate con el al +5190957097784', 'joakhinn@gmail.com', '09/01/2015  12:01:16', '0', 'http://sosamerica.sosclick.cl', '1011', '0', '0');
INSERT INTO `mensajes` VALUES ('268', 'VALENZUELA SILVA CARLOS EUGENIO, Ha generado una alerta de Seguridad, comunicate con el al +5190957097784', 'jcueto@americatv.com.pe', '09/01/2015  12:01:16', '0', 'http://sosamerica.sosclick.cl', '1011', '0', '0');
INSERT INTO `mensajes` VALUES ('269', 'VALENZUELA SILVA CARLOS EUGENIO, Ha generado una alerta de Seguridad, comunicate con el al +5190957097784', 'marcelolopezb@gmail.com', '15/01/2015  18:01:36', '0', 'http://sosamerica.sosclick.cl', '1012', '0', '0');
INSERT INTO `mensajes` VALUES ('270', 'VALENZUELA SILVA CARLOS EUGENIO, Ha generado una alerta de Seguridad, comunicate con el al +5190957097784', 'joakhinn@gmail.com', '15/01/2015  18:01:36', '0', 'http://sosamerica.sosclick.cl', '1012', '0', '0');
INSERT INTO `mensajes` VALUES ('271', 'VALENZUELA SILVA CARLOS EUGENIO, Ha generado una alerta de Seguridad, comunicate con el al +5190957097784', 'jcueto@americatv.com.pe', '15/01/2015  18:01:36', '0', 'http://sosamerica.sosclick.cl', '1012', '0', '0');
INSERT INTO `mensajes` VALUES ('272', '**.Marcelo Lopez, Necesita lo contacten. imei:356878051272119  ', 'cvalenzuela2010@gmail.com', '19/01/2015  17:01:30', '0', 'http://sosamerica.sosclick.cl', '1013', '0', '0');
INSERT INTO `mensajes` VALUES ('273', '**.Marcelo Lopez, Necesita lo contacten. imei:356878051272119  ', 'marcelolopezb@gmail.com', '19/01/2015  17:01:30', '0', 'http://sosamerica.sosclick.cl', '1013', '0', '0');
INSERT INTO `mensajes` VALUES ('274', '**.Julio Cueto, Llego a destino. imei:353922051773149  ', 'hgalvez@americatv.com.pe', '20/01/2015  12:01:07', '0', 'http://sosamerica.sosclick.cl', '1014', '0', '0');
INSERT INTO `mensajes` VALUES ('275', '**.Julio Cueto, Llego a destino. imei:353922051773149  ', 'marcelolopezb@gmail.com', '20/01/2015  12:01:07', '0', 'http://sosamerica.sosclick.cl', '1014', '0', '0');
INSERT INTO `mensajes` VALUES ('276', '**.Julio Cueto, Llego a destino. imei:353922051773149  ', 'cvalenzuela2010@gmail.com', '20/01/2015  12:01:07', '0', 'http://sosamerica.sosclick.cl', '1014', '0', '0');
INSERT INTO `mensajes` VALUES ('277', '**.Julio Cueto, Llego a destino. imei:353922051773149  ', 'hgalvez@americatv.com.pe', '21/01/2015  13:01:11', '0', 'http://sosamerica.sosclick.cl', '1016', '0', '0');
INSERT INTO `mensajes` VALUES ('278', '**.Julio Cueto, Llego a destino. imei:353922051773149  ', 'marcelolopezb@gmail.com', '21/01/2015  13:01:11', '0', 'http://sosamerica.sosclick.cl', '1016', '0', '0');
INSERT INTO `mensajes` VALUES ('279', '**.Julio Cueto, Llego a destino. imei:353922051773149  ', 'cvalenzuela2010@gmail.com', '21/01/2015  13:01:11', '0', 'http://sosamerica.sosclick.cl', '1016', '0', '0');
INSERT INTO `mensajes` VALUES ('280', 'Julio Cueto, Ha generado una alerta de Seguridad, comunicate con el al +51909997349132', 'hgalvez@americatv.com.pe', '21/01/2015  14:01:08', '0', 'http://sosamerica.sosclick.cl', '1017', '0', '0');
INSERT INTO `mensajes` VALUES ('281', 'Julio Cueto, Ha generado una alerta de Seguridad, comunicate con el al +51909997349132', 'marcelolopezb@gmail.com', '21/01/2015  14:01:08', '0', 'http://sosamerica.sosclick.cl', '1017', '0', '0');
INSERT INTO `mensajes` VALUES ('282', 'Julio Cueto, Ha generado una alerta de Seguridad, comunicate con el al +51909997349132', 'cvalenzuela2010@gmail.com', '21/01/2015  14:01:08', '0', 'http://sosamerica.sosclick.cl', '1017', '0', '0');
INSERT INTO `mensajes` VALUES ('283', '**.Julio Cueto, Envia su ubicacion. imei:353922051773149  ', 'hgalvez@americatv.com.pe', '21/01/2015  14:01:45', '0', 'http://sosamerica.sosclick.cl', '1018', '0', '0');
INSERT INTO `mensajes` VALUES ('284', '**.Julio Cueto, Envia su ubicacion. imei:353922051773149  ', 'marcelolopezb@gmail.com', '21/01/2015  14:01:45', '0', 'http://sosamerica.sosclick.cl', '1018', '0', '0');
INSERT INTO `mensajes` VALUES ('285', '**.Julio Cueto, Envia su ubicacion. imei:353922051773149  ', 'cvalenzuela2010@gmail.com', '21/01/2015  14:01:45', '0', 'http://sosamerica.sosclick.cl', '1018', '0', '0');
INSERT INTO `mensajes` VALUES ('286', '**.Julio Cueto, Requiere Transporte. imei:353922051773149  ', 'hgalvez@americatv.com.pe', '21/01/2015  14:01:59', '0', 'http://sosamerica.sosclick.cl', '1019', '0', '0');
INSERT INTO `mensajes` VALUES ('287', '**.Julio Cueto, Requiere Transporte. imei:353922051773149  ', 'marcelolopezb@gmail.com', '21/01/2015  14:01:59', '0', 'http://sosamerica.sosclick.cl', '1019', '0', '0');
INSERT INTO `mensajes` VALUES ('288', '**.Julio Cueto, Requiere Transporte. imei:353922051773149  ', 'cvalenzuela2010@gmail.com', '21/01/2015  14:01:59', '0', 'http://sosamerica.sosclick.cl', '1019', '0', '0');
INSERT INTO `mensajes` VALUES ('289', '**.Julio Cueto, Necesita lo contacten. imei:353922051773149  ', 'hgalvez@americatv.com.pe', '21/01/2015  14:01:13', '0', 'http://sosamerica.sosclick.cl', '1020', '0', '0');
INSERT INTO `mensajes` VALUES ('290', '**.Julio Cueto, Necesita lo contacten. imei:353922051773149  ', 'marcelolopezb@gmail.com', '21/01/2015  14:01:13', '0', 'http://sosamerica.sosclick.cl', '1020', '0', '0');
INSERT INTO `mensajes` VALUES ('291', '**.Julio Cueto, Necesita lo contacten. imei:353922051773149  ', 'cvalenzuela2010@gmail.com', '21/01/2015  14:01:13', '0', 'http://sosamerica.sosclick.cl', '1020', '0', '0');
INSERT INTO `mensajes` VALUES ('292', '**.Marcelo Lopez, Necesita lo contacten. imei:356878051272119  ', 'cvalenzuela2010@gmail.com', '22/01/2015  13:01:53', '0', 'http://sosamerica.sosclick.cl', '1021', '0', '0');
INSERT INTO `mensajes` VALUES ('293', '**.Marcelo Lopez, Necesita lo contacten. imei:356878051272119  ', 'marcelolopezb@gmail.com', '22/01/2015  13:01:53', '0', 'http://sosamerica.sosclick.cl', '1021', '0', '0');
INSERT INTO `mensajes` VALUES ('294', '**.Julio Cueto, Llego a destino. imei:353922051773149  ', 'hgalvez@americatv.com.pe', '22/01/2015  14:01:30', '0', 'http://sosamerica.sosclick.cl', '1022', '0', '0');
INSERT INTO `mensajes` VALUES ('295', '**.Julio Cueto, Llego a destino. imei:353922051773149  ', 'marcelolopezb@gmail.com', '22/01/2015  14:01:30', '0', 'http://sosamerica.sosclick.cl', '1022', '0', '0');
INSERT INTO `mensajes` VALUES ('296', '**.Julio Cueto, Llego a destino. imei:353922051773149  ', 'cvalenzuela2010@gmail.com', '22/01/2015  14:01:30', '0', 'http://sosamerica.sosclick.cl', '1022', '0', '0');
INSERT INTO `mensajes` VALUES ('297', 'Julio Cueto, Ha generado una alerta de Seguridad, comunicate con el al +51909997349132', 'hgalvez@americatv.com.pe', '28/01/2015  13:01:01', '0', 'http://sosamerica.sosclick.cl', '1023', '0', '0');
INSERT INTO `mensajes` VALUES ('298', 'Julio Cueto, Ha generado una alerta de Seguridad, comunicate con el al +51909997349132', 'marcelolopezb@gmail.com', '28/01/2015  13:01:01', '0', 'http://sosamerica.sosclick.cl', '1023', '0', '0');
INSERT INTO `mensajes` VALUES ('299', 'Julio Cueto, Ha generado una alerta de Seguridad, comunicate con el al +51909997349132', 'cvalenzuela2010@gmail.com', '28/01/2015  13:01:01', '0', 'http://sosamerica.sosclick.cl', '1023', '0', '0');
INSERT INTO `mensajes` VALUES ('300', '**.Julio Cueto, Envia su ubicacion. imei:353922051773149  ', 'hgalvez@americatv.com.pe', '28/01/2015  13:01:32', '0', 'http://sosamerica.sosclick.cl', '1024', '0', '0');
INSERT INTO `mensajes` VALUES ('301', '**.Julio Cueto, Envia su ubicacion. imei:353922051773149  ', 'marcelolopezb@gmail.com', '28/01/2015  13:01:32', '0', 'http://sosamerica.sosclick.cl', '1024', '0', '0');
INSERT INTO `mensajes` VALUES ('302', '**.Julio Cueto, Envia su ubicacion. imei:353922051773149  ', 'cvalenzuela2010@gmail.com', '28/01/2015  13:01:32', '0', 'http://sosamerica.sosclick.cl', '1024', '0', '0');
INSERT INTO `mensajes` VALUES ('303', '**.Julio Cueto, Llego a destino. imei:353922051773149  ', 'hgalvez@americatv.com.pe', '28/01/2015  13:01:57', '0', 'http://sosamerica.sosclick.cl', '1025', '0', '0');
INSERT INTO `mensajes` VALUES ('304', '**.Julio Cueto, Llego a destino. imei:353922051773149  ', 'marcelolopezb@gmail.com', '28/01/2015  13:01:57', '0', 'http://sosamerica.sosclick.cl', '1025', '0', '0');
INSERT INTO `mensajes` VALUES ('305', '**.Julio Cueto, Llego a destino. imei:353922051773149  ', 'cvalenzuela2010@gmail.com', '28/01/2015  13:01:57', '0', 'http://sosamerica.sosclick.cl', '1025', '0', '0');
INSERT INTO `mensajes` VALUES ('306', '**.Julio Cueto, Requiere Transporte. imei:353922051773149  ', 'hgalvez@americatv.com.pe', '28/01/2015  13:01:09', '0', 'http://sosamerica.sosclick.cl', '1026', '0', '0');
INSERT INTO `mensajes` VALUES ('307', '**.Julio Cueto, Requiere Transporte. imei:353922051773149  ', 'marcelolopezb@gmail.com', '28/01/2015  13:01:09', '0', 'http://sosamerica.sosclick.cl', '1026', '0', '0');
INSERT INTO `mensajes` VALUES ('308', '**.Julio Cueto, Requiere Transporte. imei:353922051773149  ', 'cvalenzuela2010@gmail.com', '28/01/2015  13:01:09', '0', 'http://sosamerica.sosclick.cl', '1026', '0', '0');
INSERT INTO `mensajes` VALUES ('309', '**.Julio Cueto, Necesita lo contacten. imei:353922051773149  ', 'hgalvez@americatv.com.pe', '28/01/2015  13:01:15', '0', 'http://sosamerica.sosclick.cl', '1027', '0', '0');
INSERT INTO `mensajes` VALUES ('310', '**.Julio Cueto, Necesita lo contacten. imei:353922051773149  ', 'marcelolopezb@gmail.com', '28/01/2015  13:01:15', '0', 'http://sosamerica.sosclick.cl', '1027', '0', '0');
INSERT INTO `mensajes` VALUES ('311', '**.Julio Cueto, Necesita lo contacten. imei:353922051773149  ', 'cvalenzuela2010@gmail.com', '28/01/2015  13:01:15', '0', 'http://sosamerica.sosclick.cl', '1027', '0', '0');
INSERT INTO `mensajes` VALUES ('312', '**.Julio Cueto, Necesita lo contacten. imei:353922051773149  ', 'hgalvez@americatv.com.pe', '28/01/2015  13:01:19', '0', 'http://sosamerica.sosclick.cl', '1028', '0', '0');
INSERT INTO `mensajes` VALUES ('313', '**.Julio Cueto, Necesita lo contacten. imei:353922051773149  ', 'marcelolopezb@gmail.com', '28/01/2015  13:01:19', '0', 'http://sosamerica.sosclick.cl', '1028', '0', '0');
INSERT INTO `mensajes` VALUES ('314', '**.Julio Cueto, Necesita lo contacten. imei:353922051773149  ', 'cvalenzuela2010@gmail.com', '28/01/2015  13:01:19', '0', 'http://sosamerica.sosclick.cl', '1028', '0', '0');
INSERT INTO `mensajes` VALUES ('315', '**.Julio Cueto, Llego a destino. imei:353922051773149  ', 'hgalvez@americatv.com.pe', '02/02/2015  15:02:32', '0', 'http://sosamerica.sosclick.cl', '1029', '0', '0');
INSERT INTO `mensajes` VALUES ('316', '**.Julio Cueto, Llego a destino. imei:353922051773149  ', 'marcelolopezb@gmail.com', '02/02/2015  15:02:32', '0', 'http://sosamerica.sosclick.cl', '1029', '0', '0');
INSERT INTO `mensajes` VALUES ('317', '**.Julio Cueto, Llego a destino. imei:353922051773149  ', 'cvalenzuela2010@gmail.com', '02/02/2015  15:02:32', '0', 'http://sosamerica.sosclick.cl', '1029', '0', '0');
INSERT INTO `mensajes` VALUES ('318', 'hernan, Ha generado una alerta de Seguridad, comunicate con el al +51909976926796', 'jcueto@americatv.com.pe', '05/02/2015  12:02:33', '0', 'http://sosamerica.sosclick.cl', '1030', '0', '0');
INSERT INTO `mensajes` VALUES ('319', '**.hernan, Llego a destino. imei:359288050703709  ', 'jcueto@americatv.com.pe', '05/02/2015  12:02:47', '0', 'http://sosamerica.sosclick.cl', '1031', '0', '0');
INSERT INTO `mensajes` VALUES ('320', 'hernan, Ha generado una alerta de Seguridad, comunicate con el al +51909976926796', 'jcueto@americatv.com.pe', '05/02/2015  12:02:35', '0', 'http://sosamerica.sosclick.cl', '1032', '0', '0');
INSERT INTO `mensajes` VALUES ('321', '**.hernan, Necesita lo contacten. imei:359288050703709  ', 'jcueto@americatv.com.pe', '05/02/2015  12:02:43', '0', 'http://sosamerica.sosclick.cl', '1033', '0', '0');
INSERT INTO `mensajes` VALUES ('322', '**.hernan, Envia su ubicacion. imei:359288050703709  ', 'jcueto@americatv.com.pe', '05/02/2015  12:02:52', '0', 'http://sosamerica.sosclick.cl', '1034', '0', '0');
INSERT INTO `mensajes` VALUES ('323', '**.hernan, Requiere Transporte. imei:359288050703709  ', 'jcueto@americatv.com.pe', '05/02/2015  12:02:58', '0', 'http://sosamerica.sosclick.cl', '1035', '0', '0');
INSERT INTO `mensajes` VALUES ('324', '**.Julio Cueto, Envia su ubicacion. imei:353922051773149  ', 'hgalvez@americatv.com.pe', '05/02/2015  12:02:01', '0', 'http://sosamerica.sosclick.cl', '1036', '0', '0');
INSERT INTO `mensajes` VALUES ('325', '**.Julio Cueto, Envia su ubicacion. imei:353922051773149  ', 'marcelolopezb@gmail.com', '05/02/2015  12:02:01', '0', 'http://sosamerica.sosclick.cl', '1036', '0', '0');
INSERT INTO `mensajes` VALUES ('326', '**.Julio Cueto, Envia su ubicacion. imei:353922051773149  ', 'cvalenzuela2010@gmail.com', '05/02/2015  12:02:01', '0', 'http://sosamerica.sosclick.cl', '1036', '0', '0');
INSERT INTO `mensajes` VALUES ('327', '**.hernan, Necesita lo contacten. imei:359288050703709  ', 'jcueto@americatv.com.pe', '05/02/2015  12:02:51', '0', 'http://sosamerica.sosclick.cl', '1037', '0', '0');
INSERT INTO `mensajes` VALUES ('328', '**.hernan, Envia su ubicacion. imei:359288050703709  ', 'jcueto@americatv.com.pe', '05/02/2015  12:02:23', '0', 'http://sosamerica.sosclick.cl', '1038', '0', '0');
INSERT INTO `mensajes` VALUES ('329', '**.hernan, Requiere Transporte. imei:359288050703709  ', 'jcueto@americatv.com.pe', '05/02/2015  12:02:33', '0', 'http://sosamerica.sosclick.cl', '1039', '0', '0');
INSERT INTO `mensajes` VALUES ('330', 'hernan, Ha generado una alerta de Seguridad, comunicate con el al +51909976926796', 'jcueto@americatv.com.pe', '05/02/2015  12:02:27', '0', 'http://sosamerica.sosclick.cl', '1040', '0', '0');
INSERT INTO `mensajes` VALUES ('331', '**.hernan, Necesita lo contacten. imei:359288050703709  ', 'jcueto@americatv.com.pe', '05/02/2015  12:02:13', '0', 'http://sosamerica.sosclick.cl', '1041', '0', '0');
INSERT INTO `mensajes` VALUES ('332', '**.Julio Cueto, Necesita lo contacten. imei:353922051773149  ', 'hgalvez@americatv.com.pe', '05/02/2015  13:02:28', '0', 'http://sosamerica.sosclick.cl', '1042', '0', '0');
INSERT INTO `mensajes` VALUES ('333', '**.Julio Cueto, Necesita lo contacten. imei:353922051773149  ', 'marcelolopezb@gmail.com', '05/02/2015  13:02:28', '0', 'http://sosamerica.sosclick.cl', '1042', '0', '0');
INSERT INTO `mensajes` VALUES ('334', '**.Julio Cueto, Necesita lo contacten. imei:353922051773149  ', 'cvalenzuela2010@gmail.com', '05/02/2015  13:02:28', '0', 'http://sosamerica.sosclick.cl', '1042', '0', '0');
INSERT INTO `mensajes` VALUES ('335', '**.Julio Cueto, Necesita lo contacten. imei:353922051773149  ', 'hgalvez@americatv.com.pe', '05/02/2015  13:02:10', '0', 'http://sosamerica.sosclick.cl', '1043', '0', '0');
INSERT INTO `mensajes` VALUES ('336', '**.Julio Cueto, Necesita lo contacten. imei:353922051773149  ', 'marcelolopezb@gmail.com', '05/02/2015  13:02:10', '0', 'http://sosamerica.sosclick.cl', '1043', '0', '0');
INSERT INTO `mensajes` VALUES ('337', '**.Julio Cueto, Necesita lo contacten. imei:353922051773149  ', 'cvalenzuela2010@gmail.com', '05/02/2015  13:02:10', '0', 'http://sosamerica.sosclick.cl', '1043', '0', '0');
INSERT INTO `mensajes` VALUES ('338', '**.Julio Cueto, Necesita lo contacten. imei:353922051773149  ', 'hgalvez@americatv.com.pe', '05/02/2015  13:02:36', '0', 'http://sosamerica.sosclick.cl', '1044', '0', '0');
INSERT INTO `mensajes` VALUES ('339', '**.Julio Cueto, Necesita lo contacten. imei:353922051773149  ', 'marcelolopezb@gmail.com', '05/02/2015  13:02:36', '0', 'http://sosamerica.sosclick.cl', '1044', '0', '0');
INSERT INTO `mensajes` VALUES ('340', '**.Julio Cueto, Necesita lo contacten. imei:353922051773149  ', 'cvalenzuela2010@gmail.com', '05/02/2015  13:02:36', '0', 'http://sosamerica.sosclick.cl', '1044', '0', '0');
INSERT INTO `mensajes` VALUES ('341', '**.Julio Cueto, Necesita lo contacten. imei:353922051773149  ', 'hgalvez@americatv.com.pe', '05/02/2015  14:02:55', '0', 'http://sosamerica.sosclick.cl', '1045', '0', '0');
INSERT INTO `mensajes` VALUES ('342', '**.Julio Cueto, Necesita lo contacten. imei:353922051773149  ', 'marcelolopezb@gmail.com', '05/02/2015  14:02:55', '0', 'http://sosamerica.sosclick.cl', '1045', '0', '0');
INSERT INTO `mensajes` VALUES ('343', '**.Julio Cueto, Necesita lo contacten. imei:353922051773149  ', 'cvalenzuela2010@gmail.com', '05/02/2015  14:02:55', '0', 'http://sosamerica.sosclick.cl', '1045', '0', '0');
INSERT INTO `mensajes` VALUES ('344', 'hernan, Ha generado una alerta de Seguridad, comunicate con el al +51909976926796', 'jcueto@americatv.com.pe', '05/02/2015  14:02:47', '0', 'http://sosamerica.sosclick.cl', '1046', '0', '0');
INSERT INTO `mensajes` VALUES ('345', '**.Julio Cueto, Necesita lo contacten. imei:353922051773149  ', 'hgalvez@americatv.com.pe', '05/02/2015  14:02:37', '0', 'http://sosamerica.sosclick.cl', '1047', '0', '0');
INSERT INTO `mensajes` VALUES ('346', '**.Julio Cueto, Necesita lo contacten. imei:353922051773149  ', 'marcelolopezb@gmail.com', '05/02/2015  14:02:37', '0', 'http://sosamerica.sosclick.cl', '1047', '0', '0');
INSERT INTO `mensajes` VALUES ('347', '**.Julio Cueto, Necesita lo contacten. imei:353922051773149  ', 'cvalenzuela2010@gmail.com', '05/02/2015  14:02:37', '0', 'http://sosamerica.sosclick.cl', '1047', '0', '0');
INSERT INTO `mensajes` VALUES ('348', '**.Julio Cueto, Necesita lo contacten. imei:353922051773149  ', 'hgalvez@americatv.com.pe', '05/02/2015  14:02:32', '0', 'http://sosamerica.sosclick.cl', '1048', '0', '0');
INSERT INTO `mensajes` VALUES ('349', '**.Julio Cueto, Necesita lo contacten. imei:353922051773149  ', 'marcelolopezb@gmail.com', '05/02/2015  14:02:32', '0', 'http://sosamerica.sosclick.cl', '1048', '0', '0');
INSERT INTO `mensajes` VALUES ('350', '**.Julio Cueto, Necesita lo contacten. imei:353922051773149  ', 'cvalenzuela2010@gmail.com', '05/02/2015  14:02:32', '0', 'http://sosamerica.sosclick.cl', '1048', '0', '0');
INSERT INTO `mensajes` VALUES ('351', '**.Julio Cueto, Necesita lo contacten. imei:353922051773149  ', 'hgalvez@americatv.com.pe', '05/02/2015  14:02:59', '0', 'http://sosamerica.sosclick.cl', '1049', '0', '0');
INSERT INTO `mensajes` VALUES ('352', '**.Julio Cueto, Necesita lo contacten. imei:353922051773149  ', 'marcelolopezb@gmail.com', '05/02/2015  14:02:59', '0', 'http://sosamerica.sosclick.cl', '1049', '0', '0');
INSERT INTO `mensajes` VALUES ('353', '**.Julio Cueto, Necesita lo contacten. imei:353922051773149  ', 'cvalenzuela2010@gmail.com', '05/02/2015  14:02:59', '0', 'http://sosamerica.sosclick.cl', '1049', '0', '0');
INSERT INTO `mensajes` VALUES ('354', '**.Julio Cueto, Necesita lo contacten. imei:353922051773149  ', 'hgalvez@americatv.com.pe', '05/02/2015  15:02:29', '0', 'http://sosamerica.sosclick.cl', '1050', '0', '0');
INSERT INTO `mensajes` VALUES ('355', '**.Julio Cueto, Necesita lo contacten. imei:353922051773149  ', 'marcelolopezb@gmail.com', '05/02/2015  15:02:29', '0', 'http://sosamerica.sosclick.cl', '1050', '0', '0');
INSERT INTO `mensajes` VALUES ('356', '**.Julio Cueto, Necesita lo contacten. imei:353922051773149  ', 'cvalenzuela2010@gmail.com', '05/02/2015  15:02:29', '0', 'http://sosamerica.sosclick.cl', '1050', '0', '0');
INSERT INTO `mensajes` VALUES ('357', '**.Julio Cueto, Necesita lo contacten. imei:353922051773149  ', 'hgalvez@americatv.com.pe', '05/02/2015  15:02:15', '0', 'http://sosamerica.sosclick.cl', '1051', '0', '0');
INSERT INTO `mensajes` VALUES ('358', '**.Julio Cueto, Necesita lo contacten. imei:353922051773149  ', 'marcelolopezb@gmail.com', '05/02/2015  15:02:15', '0', 'http://sosamerica.sosclick.cl', '1051', '0', '0');
INSERT INTO `mensajes` VALUES ('359', '**.Julio Cueto, Necesita lo contacten. imei:353922051773149  ', 'cvalenzuela2010@gmail.com', '05/02/2015  15:02:15', '0', 'http://sosamerica.sosclick.cl', '1051', '0', '0');
INSERT INTO `mensajes` VALUES ('360', '**.Julio Cueto, Necesita lo contacten. imei:353922051773149  ', 'hgalvez@americatv.com.pe', '05/02/2015  17:02:48', '0', 'http://sosamerica.sosclick.cl', '1052', '0', '0');
INSERT INTO `mensajes` VALUES ('361', '**.Julio Cueto, Necesita lo contacten. imei:353922051773149  ', 'marcelolopezb@gmail.com', '05/02/2015  17:02:48', '0', 'http://sosamerica.sosclick.cl', '1052', '0', '0');
INSERT INTO `mensajes` VALUES ('362', '**.Julio Cueto, Necesita lo contacten. imei:353922051773149  ', 'cvalenzuela2010@gmail.com', '05/02/2015  17:02:48', '0', 'http://sosamerica.sosclick.cl', '1052', '0', '0');
INSERT INTO `mensajes` VALUES ('363', '**.hernan, Necesita lo contacten. imei:359288050703709  ', 'jcueto@americatv.com.pe', '05/02/2015  17:02:58', '0', 'http://sosamerica.sosclick.cl', '1053', '0', '0');
INSERT INTO `mensajes` VALUES ('364', '**.Julio Cueto, Necesita lo contacten. imei:353922051773149  ', 'hgalvez@americatv.com.pe', '05/02/2015  17:02:56', '0', 'http://sosamerica.sosclick.cl', '1054', '0', '0');
INSERT INTO `mensajes` VALUES ('365', '**.Julio Cueto, Necesita lo contacten. imei:353922051773149  ', 'marcelolopezb@gmail.com', '05/02/2015  17:02:56', '0', 'http://sosamerica.sosclick.cl', '1054', '0', '0');
INSERT INTO `mensajes` VALUES ('366', '**.Julio Cueto, Necesita lo contacten. imei:353922051773149  ', 'cvalenzuela2010@gmail.com', '05/02/2015  17:02:56', '0', 'http://sosamerica.sosclick.cl', '1054', '0', '0');
INSERT INTO `mensajes` VALUES ('367', '**.Julio Cueto, Necesita lo contacten. imei:353922051773149  ', 'hgalvez@americatv.com.pe', '06/02/2015  17:02:34', '0', 'http://sosamerica.sosclick.cl', '1056', '0', '0');
INSERT INTO `mensajes` VALUES ('368', '**.Julio Cueto, Necesita lo contacten. imei:353922051773149  ', 'marcelolopezb@gmail.com', '06/02/2015  17:02:34', '0', 'http://sosamerica.sosclick.cl', '1056', '0', '0');
INSERT INTO `mensajes` VALUES ('369', '**.Julio Cueto, Necesita lo contacten. imei:353922051773149  ', 'cvalenzuela2010@gmail.com', '06/02/2015  17:02:34', '0', 'http://sosamerica.sosclick.cl', '1056', '0', '0');
INSERT INTO `mensajes` VALUES ('370', 'hernan, Ha generado una alerta de Seguridad, comunicate con el al +51909976926796', 'jcueto@americatv.com.pe', '06/02/2015  17:02:31', '0', 'http://sosamerica.sosclick.cl', '1057', '0', '0');
INSERT INTO `mensajes` VALUES ('371', '**.hernan, Necesita lo contacten. imei:359288050703709  ', 'jcueto@americatv.com.pe', '06/02/2015  17:02:36', '0', 'http://sosamerica.sosclick.cl', '1058', '0', '0');
INSERT INTO `mensajes` VALUES ('372', '**.Julio Cueto, Necesita lo contacten. imei:353922051773149  ', 'hgalvez@americatv.com.pe', '06/02/2015  17:02:03', '0', 'http://sosamerica.sosclick.cl', '1059', '0', '0');
INSERT INTO `mensajes` VALUES ('373', '**.Julio Cueto, Necesita lo contacten. imei:353922051773149  ', 'marcelolopezb@gmail.com', '06/02/2015  17:02:03', '0', 'http://sosamerica.sosclick.cl', '1059', '0', '0');
INSERT INTO `mensajes` VALUES ('374', '**.Julio Cueto, Necesita lo contacten. imei:353922051773149  ', 'cvalenzuela2010@gmail.com', '06/02/2015  17:02:03', '0', 'http://sosamerica.sosclick.cl', '1059', '0', '0');
INSERT INTO `mensajes` VALUES ('375', 'hernan, Ha generado una alerta de Seguridad, comunicate con el al +51909976926796', 'jcueto@americatv.com.pe', '13/02/2015  16:02:11', '0', 'http://sosamerica.sosclick.cl', '1065', '0', '0');

-- ----------------------------
-- Table structure for mnt_fonos
-- ----------------------------
DROP TABLE IF EXISTS `mnt_fonos`;
CREATE TABLE `mnt_fonos` (
  `idFono` int(11) unsigned NOT NULL AUTO_INCREMENT,
  `Nombre` varchar(120) NOT NULL,
  `Fono` varchar(15) NOT NULL,
  PRIMARY KEY (`idFono`)
) ENGINE=MyISAM AUTO_INCREMENT=3 DEFAULT CHARSET=latin1;

-- ----------------------------
-- Records of mnt_fonos
-- ----------------------------

-- ----------------------------
-- Table structure for mnt_grupos
-- ----------------------------
DROP TABLE IF EXISTS `mnt_grupos`;
CREATE TABLE `mnt_grupos` (
  `idGrupo` int(11) unsigned NOT NULL AUTO_INCREMENT,
  `Nombre` varchar(120) NOT NULL,
  PRIMARY KEY (`idGrupo`)
) ENGINE=MyISAM AUTO_INCREMENT=4 DEFAULT CHARSET=latin1;

-- ----------------------------
-- Records of mnt_grupos
-- ----------------------------
INSERT INTO `mnt_grupos` VALUES ('1', 'Sin clasificar');
INSERT INTO `mnt_grupos` VALUES ('2', 'Familia');
INSERT INTO `mnt_grupos` VALUES ('3', 'Amigos');

-- ----------------------------
-- Table structure for mnt_ubicacion_ciudad
-- ----------------------------
DROP TABLE IF EXISTS `mnt_ubicacion_ciudad`;
CREATE TABLE `mnt_ubicacion_ciudad` (
  `idCiudad` int(11) unsigned NOT NULL AUTO_INCREMENT,
  `Nombre` varchar(120) NOT NULL,
  PRIMARY KEY (`idCiudad`)
) ENGINE=MyISAM AUTO_INCREMENT=16 DEFAULT CHARSET=latin1;

-- ----------------------------
-- Records of mnt_ubicacion_ciudad
-- ----------------------------
INSERT INTO `mnt_ubicacion_ciudad` VALUES ('14', 'Regin de Los Ros');
INSERT INTO `mnt_ubicacion_ciudad` VALUES ('13', 'Regin Metropolitana');
INSERT INTO `mnt_ubicacion_ciudad` VALUES ('12', 'Regin de Magallanes y la Antrtica Chilena');
INSERT INTO `mnt_ubicacion_ciudad` VALUES ('11', 'Regin de Aysn del General Carlos Ibez del Campo');
INSERT INTO `mnt_ubicacion_ciudad` VALUES ('10', 'Regin de Los Lagos');
INSERT INTO `mnt_ubicacion_ciudad` VALUES ('9', 'Regin de la Araucana');
INSERT INTO `mnt_ubicacion_ciudad` VALUES ('8', 'Regin del Bo-Bo');
INSERT INTO `mnt_ubicacion_ciudad` VALUES ('7', 'Regin del Maule');
INSERT INTO `mnt_ubicacion_ciudad` VALUES ('6', 'Regin del Libertador General Bernardo O Higgins');
INSERT INTO `mnt_ubicacion_ciudad` VALUES ('5', 'Regin de Valparaiso');
INSERT INTO `mnt_ubicacion_ciudad` VALUES ('4', 'Regin de Coquimbo');
INSERT INTO `mnt_ubicacion_ciudad` VALUES ('3', 'Regin de Atacama');
INSERT INTO `mnt_ubicacion_ciudad` VALUES ('2', 'Regin de Antofagasta');
INSERT INTO `mnt_ubicacion_ciudad` VALUES ('1', 'Regin de Tarapac');
INSERT INTO `mnt_ubicacion_ciudad` VALUES ('15', 'Regin de Arica y Parinacota');

-- ----------------------------
-- Table structure for mnt_ubicacion_comunas
-- ----------------------------
DROP TABLE IF EXISTS `mnt_ubicacion_comunas`;
CREATE TABLE `mnt_ubicacion_comunas` (
  `idComuna` int(11) unsigned NOT NULL AUTO_INCREMENT,
  `idCiudad` int(11) unsigned NOT NULL,
  `Nombre` varchar(120) NOT NULL,
  PRIMARY KEY (`idComuna`)
) ENGINE=MyISAM AUTO_INCREMENT=347 DEFAULT CHARSET=latin1;

-- ----------------------------
-- Records of mnt_ubicacion_comunas
-- ----------------------------
INSERT INTO `mnt_ubicacion_comunas` VALUES ('346', '1', 'ALTO HOSPICIO');
INSERT INTO `mnt_ubicacion_comunas` VALUES ('296', '1', 'CAMINA');
INSERT INTO `mnt_ubicacion_comunas` VALUES ('297', '1', 'COLCHANE');
INSERT INTO `mnt_ubicacion_comunas` VALUES ('3', '1', 'HUARA');
INSERT INTO `mnt_ubicacion_comunas` VALUES ('2', '1', 'IQUIQUE');
INSERT INTO `mnt_ubicacion_comunas` VALUES ('4', '1', 'PICA');
INSERT INTO `mnt_ubicacion_comunas` VALUES ('5', '1', 'POZO ALMONTE');
INSERT INTO `mnt_ubicacion_comunas` VALUES ('7', '2', 'ANTOFAGASTA');
INSERT INTO `mnt_ubicacion_comunas` VALUES ('10', '2', 'CALAMA');
INSERT INTO `mnt_ubicacion_comunas` VALUES ('298', '2', 'MARIA ELENA');
INSERT INTO `mnt_ubicacion_comunas` VALUES ('8', '2', 'MEJILLONES');
INSERT INTO `mnt_ubicacion_comunas` VALUES ('300', '2', 'OLLAGE');
INSERT INTO `mnt_ubicacion_comunas` VALUES ('301', '2', 'SAN PEDRO DE ATACAMA');
INSERT INTO `mnt_ubicacion_comunas` VALUES ('299', '2', 'SIERRA GORDA');
INSERT INTO `mnt_ubicacion_comunas` VALUES ('9', '2', 'TALTAL');
INSERT INTO `mnt_ubicacion_comunas` VALUES ('6', '2', 'TOCOPILLA');
INSERT INTO `mnt_ubicacion_comunas` VALUES ('302', '3', 'ALTO DEL CARMEN');
INSERT INTO `mnt_ubicacion_comunas` VALUES ('14', '3', 'CALDERA');
INSERT INTO `mnt_ubicacion_comunas` VALUES ('11', '3', 'CHAARAL');
INSERT INTO `mnt_ubicacion_comunas` VALUES ('13', '3', 'COPIAPO');
INSERT INTO `mnt_ubicacion_comunas` VALUES ('12', '3', 'DIEGO DE ALMAGRO');
INSERT INTO `mnt_ubicacion_comunas` VALUES ('17', '3', 'FREIRINA');
INSERT INTO `mnt_ubicacion_comunas` VALUES ('18', '3', 'HUASCO');
INSERT INTO `mnt_ubicacion_comunas` VALUES ('15', '3', 'TIERRA AMARILLA');
INSERT INTO `mnt_ubicacion_comunas` VALUES ('16', '3', 'VALLENAR');
INSERT INTO `mnt_ubicacion_comunas` VALUES ('22', '4', 'ANDACOLLO');
INSERT INTO `mnt_ubicacion_comunas` VALUES ('31', '4', 'CANELA');
INSERT INTO `mnt_ubicacion_comunas` VALUES ('29', '4', 'COMBARBALA');
INSERT INTO `mnt_ubicacion_comunas` VALUES ('21', '4', 'COQUIMBO');
INSERT INTO `mnt_ubicacion_comunas` VALUES ('30', '4', 'ILLAPEL');
INSERT INTO `mnt_ubicacion_comunas` VALUES ('20', '4', 'LA HIGUERA');
INSERT INTO `mnt_ubicacion_comunas` VALUES ('19', '4', 'LA SERENA');
INSERT INTO `mnt_ubicacion_comunas` VALUES ('33', '4', 'LOS VILOS');
INSERT INTO `mnt_ubicacion_comunas` VALUES ('26', '4', 'MONTE PATRIA');
INSERT INTO `mnt_ubicacion_comunas` VALUES ('25', '4', 'OVALLE');
INSERT INTO `mnt_ubicacion_comunas` VALUES ('24', '4', 'PAIHUANO');
INSERT INTO `mnt_ubicacion_comunas` VALUES ('27', '4', 'PUNITAQUI');
INSERT INTO `mnt_ubicacion_comunas` VALUES ('28', '4', 'RIO HURTADO');
INSERT INTO `mnt_ubicacion_comunas` VALUES ('32', '4', 'SALAMANCA');
INSERT INTO `mnt_ubicacion_comunas` VALUES ('23', '4', 'VICUA');
INSERT INTO `mnt_ubicacion_comunas` VALUES ('44', '5', 'ALGARROBO');
INSERT INTO `mnt_ubicacion_comunas` VALUES ('56', '5', 'CABILDO');
INSERT INTO `mnt_ubicacion_comunas` VALUES ('67', '5', 'CALLE LARGA');
INSERT INTO `mnt_ubicacion_comunas` VALUES ('46', '5', 'CARTAGENA');
INSERT INTO `mnt_ubicacion_comunas` VALUES ('40', '5', 'CASABLANCA');
INSERT INTO `mnt_ubicacion_comunas` VALUES ('63', '5', 'CATEMU');
INSERT INTO `mnt_ubicacion_comunas` VALUES ('340', '5', 'CONCON');
INSERT INTO `mnt_ubicacion_comunas` VALUES ('45', '5', 'EL QUISCO');
INSERT INTO `mnt_ubicacion_comunas` VALUES ('47', '5', 'EL TABO');
INSERT INTO `mnt_ubicacion_comunas` VALUES ('51', '5', 'HIJUELAS');
INSERT INTO `mnt_ubicacion_comunas` VALUES ('41', '5', 'ISLA DE PASCUA');
INSERT INTO `mnt_ubicacion_comunas` VALUES ('321', '5', 'JUAN FERNANDEZ');
INSERT INTO `mnt_ubicacion_comunas` VALUES ('50', '5', 'LA CALERA');
INSERT INTO `mnt_ubicacion_comunas` VALUES ('49', '5', 'LA CRUZ');
INSERT INTO `mnt_ubicacion_comunas` VALUES ('59', '5', 'LA LIGUA');
INSERT INTO `mnt_ubicacion_comunas` VALUES ('53', '5', 'LIMACHE');
INSERT INTO `mnt_ubicacion_comunas` VALUES ('65', '5', 'LLAY LLAY');
INSERT INTO `mnt_ubicacion_comunas` VALUES ('66', '5', 'LOS ANDES');
INSERT INTO `mnt_ubicacion_comunas` VALUES ('52', '5', 'NOGALES');
INSERT INTO `mnt_ubicacion_comunas` VALUES ('54', '5', 'OLMUE');
INSERT INTO `mnt_ubicacion_comunas` VALUES ('62', '5', 'PANQUEHUE');
INSERT INTO `mnt_ubicacion_comunas` VALUES ('57', '5', 'PAPUDO');
INSERT INTO `mnt_ubicacion_comunas` VALUES ('55', '5', 'PETORCA');
INSERT INTO `mnt_ubicacion_comunas` VALUES ('36', '5', 'PUCHUNCAVI');
INSERT INTO `mnt_ubicacion_comunas` VALUES ('61', '5', 'PUTAENDO');
INSERT INTO `mnt_ubicacion_comunas` VALUES ('48', '5', 'QUILLOTA');
INSERT INTO `mnt_ubicacion_comunas` VALUES ('38', '5', 'QUILPUE');
INSERT INTO `mnt_ubicacion_comunas` VALUES ('35', '5', 'QUINTERO');
INSERT INTO `mnt_ubicacion_comunas` VALUES ('68', '5', 'RINCONADA');
INSERT INTO `mnt_ubicacion_comunas` VALUES ('42', '5', 'SAN ANTONIO');
INSERT INTO `mnt_ubicacion_comunas` VALUES ('69', '5', 'SAN ESTEBAN');
INSERT INTO `mnt_ubicacion_comunas` VALUES ('60', '5', 'SAN FELIPE');
INSERT INTO `mnt_ubicacion_comunas` VALUES ('64', '5', 'SANTA MARIA');
INSERT INTO `mnt_ubicacion_comunas` VALUES ('43', '5', 'SANTO DOMINGO');
INSERT INTO `mnt_ubicacion_comunas` VALUES ('34', '5', 'VALPARAISO');
INSERT INTO `mnt_ubicacion_comunas` VALUES ('39', '5', 'VILLA ALEMANA');
INSERT INTO `mnt_ubicacion_comunas` VALUES ('37', '5', 'VIA DEL MAR');
INSERT INTO `mnt_ubicacion_comunas` VALUES ('58', '5', 'ZAPALLAR');
INSERT INTO `mnt_ubicacion_comunas` VALUES ('132', '6', 'CHEPICA');
INSERT INTO `mnt_ubicacion_comunas` VALUES ('125', '6', 'CHIMBARONGO');
INSERT INTO `mnt_ubicacion_comunas` VALUES ('110', '6', 'CODEGUA');
INSERT INTO `mnt_ubicacion_comunas` VALUES ('114', '6', 'COINCO');
INSERT INTO `mnt_ubicacion_comunas` VALUES ('113', '6', 'COLTAUCO');
INSERT INTO `mnt_ubicacion_comunas` VALUES ('112', '6', 'DOIHUE');
INSERT INTO `mnt_ubicacion_comunas` VALUES ('107', '6', 'GRANEROS');
INSERT INTO `mnt_ubicacion_comunas` VALUES ('139', '6', 'LA ESTRELLA');
INSERT INTO `mnt_ubicacion_comunas` VALUES ('116', '6', 'LAS CABRAS');
INSERT INTO `mnt_ubicacion_comunas` VALUES ('136', '6', 'LITUECHE');
INSERT INTO `mnt_ubicacion_comunas` VALUES ('129', '6', 'LOLOL');
INSERT INTO `mnt_ubicacion_comunas` VALUES ('106', '6', 'MACHALI');
INSERT INTO `mnt_ubicacion_comunas` VALUES ('122', '6', 'MALLOA');
INSERT INTO `mnt_ubicacion_comunas` VALUES ('134', '6', 'MARCHIGUE');
INSERT INTO `mnt_ubicacion_comunas` VALUES ('126', '6', 'NANCAGUA');
INSERT INTO `mnt_ubicacion_comunas` VALUES ('138', '6', 'NAVIDAD');
INSERT INTO `mnt_ubicacion_comunas` VALUES ('120', '6', 'OLIVAR');
INSERT INTO `mnt_ubicacion_comunas` VALUES ('130', '6', 'PALMILLA');
INSERT INTO `mnt_ubicacion_comunas` VALUES ('133', '6', 'PAREDONES');
INSERT INTO `mnt_ubicacion_comunas` VALUES ('131', '6', 'PERALILLO');
INSERT INTO `mnt_ubicacion_comunas` VALUES ('115', '6', 'PEUMO');
INSERT INTO `mnt_ubicacion_comunas` VALUES ('118', '6', 'PICHIDEGUA');
INSERT INTO `mnt_ubicacion_comunas` VALUES ('137', '6', 'PICHILEMU');
INSERT INTO `mnt_ubicacion_comunas` VALUES ('127', '6', 'PLACILLA');
INSERT INTO `mnt_ubicacion_comunas` VALUES ('135', '6', 'PUMANQUE');
INSERT INTO `mnt_ubicacion_comunas` VALUES ('123', '6', 'QUINTA DE TILCOCO');
INSERT INTO `mnt_ubicacion_comunas` VALUES ('105', '6', 'RANCAGUA');
INSERT INTO `mnt_ubicacion_comunas` VALUES ('121', '6', 'RENGO');
INSERT INTO `mnt_ubicacion_comunas` VALUES ('119', '6', 'REQUINOA');
INSERT INTO `mnt_ubicacion_comunas` VALUES ('124', '6', 'SAN FERNANDO');
INSERT INTO `mnt_ubicacion_comunas` VALUES ('111', '6', 'SAN FRANCISCO DE MOSTAZAL');
INSERT INTO `mnt_ubicacion_comunas` VALUES ('117', '6', 'SAN VICENTE');
INSERT INTO `mnt_ubicacion_comunas` VALUES ('128', '6', 'SANTA CRUZ');
INSERT INTO `mnt_ubicacion_comunas` VALUES ('166', '7', 'CAUQUENES');
INSERT INTO `mnt_ubicacion_comunas` VALUES ('167', '7', 'CHANCO');
INSERT INTO `mnt_ubicacion_comunas` VALUES ('161', '7', 'COLBUN');
INSERT INTO `mnt_ubicacion_comunas` VALUES ('157', '7', 'CONSTITUCION');
INSERT INTO `mnt_ubicacion_comunas` VALUES ('155', '7', 'CUREPTO');
INSERT INTO `mnt_ubicacion_comunas` VALUES ('140', '7', 'CURICO');
INSERT INTO `mnt_ubicacion_comunas` VALUES ('158', '7', 'EMPEDRADO');
INSERT INTO `mnt_ubicacion_comunas` VALUES ('144', '7', 'HUALAE');
INSERT INTO `mnt_ubicacion_comunas` VALUES ('145', '7', 'LICANTEN');
INSERT INTO `mnt_ubicacion_comunas` VALUES ('159', '7', 'LINARES');
INSERT INTO `mnt_ubicacion_comunas` VALUES ('162', '7', 'LONGAVI');
INSERT INTO `mnt_ubicacion_comunas` VALUES ('154', '7', 'MAULE');
INSERT INTO `mnt_ubicacion_comunas` VALUES ('147', '7', 'MOLINA');
INSERT INTO `mnt_ubicacion_comunas` VALUES ('164', '7', 'PARRAL');
INSERT INTO `mnt_ubicacion_comunas` VALUES ('152', '7', 'PELARCO');
INSERT INTO `mnt_ubicacion_comunas` VALUES ('320', '7', 'PELLUHUE');
INSERT INTO `mnt_ubicacion_comunas` VALUES ('153', '7', 'PENCAHUE');
INSERT INTO `mnt_ubicacion_comunas` VALUES ('143', '7', 'RAUCO');
INSERT INTO `mnt_ubicacion_comunas` VALUES ('165', '7', 'RETIRO');
INSERT INTO `mnt_ubicacion_comunas` VALUES ('149', '7', 'RIO CLARO');
INSERT INTO `mnt_ubicacion_comunas` VALUES ('141', '7', 'ROMERAL');
INSERT INTO `mnt_ubicacion_comunas` VALUES ('148', '7', 'SAGRADA FAMILIA');
INSERT INTO `mnt_ubicacion_comunas` VALUES ('151', '7', 'SAN CLEMENTE');
INSERT INTO `mnt_ubicacion_comunas` VALUES ('156', '7', 'SAN JAVIER');
INSERT INTO `mnt_ubicacion_comunas` VALUES ('341', '7', 'SAN RAFAEL');
INSERT INTO `mnt_ubicacion_comunas` VALUES ('150', '7', 'TALCA');
INSERT INTO `mnt_ubicacion_comunas` VALUES ('142', '7', 'TENO');
INSERT INTO `mnt_ubicacion_comunas` VALUES ('146', '7', 'VICHUQUEN');
INSERT INTO `mnt_ubicacion_comunas` VALUES ('163', '7', 'VILLA ALEGRE');
INSERT INTO `mnt_ubicacion_comunas` VALUES ('160', '7', 'YERBAS BUENAS');
INSERT INTO `mnt_ubicacion_comunas` VALUES ('303', '8', 'ANTUCO');
INSERT INTO `mnt_ubicacion_comunas` VALUES ('198', '8', 'ARAUCO');
INSERT INTO `mnt_ubicacion_comunas` VALUES ('180', '8', 'BULNES');
INSERT INTO `mnt_ubicacion_comunas` VALUES ('208', '8', 'CABRERO');
INSERT INTO `mnt_ubicacion_comunas` VALUES ('201', '8', 'CAETE');
INSERT INTO `mnt_ubicacion_comunas` VALUES ('344', '8', 'CHIGUAYANTE');
INSERT INTO `mnt_ubicacion_comunas` VALUES ('168', '8', 'CHILLAN');
INSERT INTO `mnt_ubicacion_comunas` VALUES ('342', '8', 'CHILLAN VIEJO');
INSERT INTO `mnt_ubicacion_comunas` VALUES ('175', '8', 'COBQUECURA');
INSERT INTO `mnt_ubicacion_comunas` VALUES ('186', '8', 'COELEMU');
INSERT INTO `mnt_ubicacion_comunas` VALUES ('170', '8', 'COIHUECO');
INSERT INTO `mnt_ubicacion_comunas` VALUES ('188', '8', 'CONCEPCION');
INSERT INTO `mnt_ubicacion_comunas` VALUES ('202', '8', 'CONTULMO');
INSERT INTO `mnt_ubicacion_comunas` VALUES ('194', '8', 'CORONEL');
INSERT INTO `mnt_ubicacion_comunas` VALUES ('197', '8', 'CURANILAHUE');
INSERT INTO `mnt_ubicacion_comunas` VALUES ('185', '8', 'EL CARMEN');
INSERT INTO `mnt_ubicacion_comunas` VALUES ('193', '8', 'FLORIDA');
INSERT INTO `mnt_ubicacion_comunas` VALUES ('192', '8', 'HUALQUI');
INSERT INTO `mnt_ubicacion_comunas` VALUES ('210', '8', 'LAJA');
INSERT INTO `mnt_ubicacion_comunas` VALUES ('199', '8', 'LEBU');
INSERT INTO `mnt_ubicacion_comunas` VALUES ('200', '8', 'LOS ALAMOS');
INSERT INTO `mnt_ubicacion_comunas` VALUES ('204', '8', 'LOS ANGELES');
INSERT INTO `mnt_ubicacion_comunas` VALUES ('195', '8', 'LOTA');
INSERT INTO `mnt_ubicacion_comunas` VALUES ('214', '8', 'MULCHEN');
INSERT INTO `mnt_ubicacion_comunas` VALUES ('212', '8', 'NACIMIENTO');
INSERT INTO `mnt_ubicacion_comunas` VALUES ('213', '8', 'NEGRETE');
INSERT INTO `mnt_ubicacion_comunas` VALUES ('174', '8', 'NINHUE');
INSERT INTO `mnt_ubicacion_comunas` VALUES ('184', '8', 'PEMUCO');
INSERT INTO `mnt_ubicacion_comunas` VALUES ('191', '8', 'PENCO');
INSERT INTO `mnt_ubicacion_comunas` VALUES ('169', '8', 'PINTO');
INSERT INTO `mnt_ubicacion_comunas` VALUES ('171', '8', 'PORTEZUELO');
INSERT INTO `mnt_ubicacion_comunas` VALUES ('215', '8', 'QUILACO');
INSERT INTO `mnt_ubicacion_comunas` VALUES ('206', '8', 'QUILLECO');
INSERT INTO `mnt_ubicacion_comunas` VALUES ('182', '8', 'QUILLON');
INSERT INTO `mnt_ubicacion_comunas` VALUES ('172', '8', 'QUIRIHUE');
INSERT INTO `mnt_ubicacion_comunas` VALUES ('187', '8', 'RANQUIL');
INSERT INTO `mnt_ubicacion_comunas` VALUES ('176', '8', 'SAN CARLOS');
INSERT INTO `mnt_ubicacion_comunas` VALUES ('178', '8', 'SAN FABIAN');
INSERT INTO `mnt_ubicacion_comunas` VALUES ('177', '8', 'SAN GREGORIO DE IQUEN');
INSERT INTO `mnt_ubicacion_comunas` VALUES ('181', '8', 'SAN IGNACIO');
INSERT INTO `mnt_ubicacion_comunas` VALUES ('179', '8', 'SAN NICOLAS');
INSERT INTO `mnt_ubicacion_comunas` VALUES ('343', '8', 'SAN PEDRO DE LA PAZ');
INSERT INTO `mnt_ubicacion_comunas` VALUES ('211', '8', 'SAN ROSENDO');
INSERT INTO `mnt_ubicacion_comunas` VALUES ('205', '8', 'SANTA BARBARA');
INSERT INTO `mnt_ubicacion_comunas` VALUES ('196', '8', 'SANTA JUANA');
INSERT INTO `mnt_ubicacion_comunas` VALUES ('189', '8', 'TALCAHUANO');
INSERT INTO `mnt_ubicacion_comunas` VALUES ('203', '8', 'TIRUA');
INSERT INTO `mnt_ubicacion_comunas` VALUES ('190', '8', 'TOME');
INSERT INTO `mnt_ubicacion_comunas` VALUES ('173', '8', 'TREHUACO');
INSERT INTO `mnt_ubicacion_comunas` VALUES ('209', '8', 'TUCAPEL');
INSERT INTO `mnt_ubicacion_comunas` VALUES ('207', '8', 'YUMBEL');
INSERT INTO `mnt_ubicacion_comunas` VALUES ('183', '8', 'YUNGAY');
INSERT INTO `mnt_ubicacion_comunas` VALUES ('216', '9', 'ANGOL');
INSERT INTO `mnt_ubicacion_comunas` VALUES ('235', '9', 'CARAHUE');
INSERT INTO `mnt_ubicacion_comunas` VALUES ('220', '9', 'COLLIPULLI');
INSERT INTO `mnt_ubicacion_comunas` VALUES ('230', '9', 'CUNCO');
INSERT INTO `mnt_ubicacion_comunas` VALUES ('225', '9', 'CURACAUTIN');
INSERT INTO `mnt_ubicacion_comunas` VALUES ('305', '9', 'CURARREHUE');
INSERT INTO `mnt_ubicacion_comunas` VALUES ('221', '9', 'ERCILLA');
INSERT INTO `mnt_ubicacion_comunas` VALUES ('229', '9', 'FREIRE');
INSERT INTO `mnt_ubicacion_comunas` VALUES ('232', '9', 'GALVARINO');
INSERT INTO `mnt_ubicacion_comunas` VALUES ('238', '9', 'GORBEA');
INSERT INTO `mnt_ubicacion_comunas` VALUES ('231', '9', 'LAUTARO');
INSERT INTO `mnt_ubicacion_comunas` VALUES ('240', '9', 'LONCOCHE');
INSERT INTO `mnt_ubicacion_comunas` VALUES ('226', '9', 'LONQUIMAY');
INSERT INTO `mnt_ubicacion_comunas` VALUES ('218', '9', 'LOS SAUCES');
INSERT INTO `mnt_ubicacion_comunas` VALUES ('223', '9', 'LUMACO');
INSERT INTO `mnt_ubicacion_comunas` VALUES ('304', '9', 'MELIPEUCO');
INSERT INTO `mnt_ubicacion_comunas` VALUES ('234', '9', 'NUEVA IMPERIAL');
INSERT INTO `mnt_ubicacion_comunas` VALUES ('345', '9', 'PADRE LAS CASAS');
INSERT INTO `mnt_ubicacion_comunas` VALUES ('233', '9', 'PERQUENCO');
INSERT INTO `mnt_ubicacion_comunas` VALUES ('237', '9', 'PITRUFQUEN');
INSERT INTO `mnt_ubicacion_comunas` VALUES ('242', '9', 'PUCON');
INSERT INTO `mnt_ubicacion_comunas` VALUES ('236', '9', 'PUERTO SAAVEDRA');
INSERT INTO `mnt_ubicacion_comunas` VALUES ('217', '9', 'PUREN');
INSERT INTO `mnt_ubicacion_comunas` VALUES ('219', '9', 'RENAICO');
INSERT INTO `mnt_ubicacion_comunas` VALUES ('227', '9', 'TEMUCO');
INSERT INTO `mnt_ubicacion_comunas` VALUES ('306', '9', 'TEODORO SCHMIDT');
INSERT INTO `mnt_ubicacion_comunas` VALUES ('239', '9', 'TOLTEN');
INSERT INTO `mnt_ubicacion_comunas` VALUES ('222', '9', 'TRAIGUEN');
INSERT INTO `mnt_ubicacion_comunas` VALUES ('224', '9', 'VICTORIA');
INSERT INTO `mnt_ubicacion_comunas` VALUES ('228', '9', 'VILCUN');
INSERT INTO `mnt_ubicacion_comunas` VALUES ('241', '9', 'VILLARRICA');
INSERT INTO `mnt_ubicacion_comunas` VALUES ('277', '10', 'ANCUD');
INSERT INTO `mnt_ubicacion_comunas` VALUES ('265', '10', 'CALBUCO');
INSERT INTO `mnt_ubicacion_comunas` VALUES ('270', '10', 'CASTRO');
INSERT INTO `mnt_ubicacion_comunas` VALUES ('280', '10', 'CHAITEN');
INSERT INTO `mnt_ubicacion_comunas` VALUES ('271', '10', 'CHONCHI');
INSERT INTO `mnt_ubicacion_comunas` VALUES ('262', '10', 'COCHAMO');
INSERT INTO `mnt_ubicacion_comunas` VALUES ('276', '10', 'CURACO DE VELEZ');
INSERT INTO `mnt_ubicacion_comunas` VALUES ('279', '10', 'DALCAHUE');
INSERT INTO `mnt_ubicacion_comunas` VALUES ('268', '10', 'FRESIA');
INSERT INTO `mnt_ubicacion_comunas` VALUES ('269', '10', 'FRUTILLAR');
INSERT INTO `mnt_ubicacion_comunas` VALUES ('281', '10', 'FUTALEUFU');
INSERT INTO `mnt_ubicacion_comunas` VALUES ('308', '10', 'HUALAIHUE');
INSERT INTO `mnt_ubicacion_comunas` VALUES ('267', '10', 'LLANQUIHUE');
INSERT INTO `mnt_ubicacion_comunas` VALUES ('264', '10', 'LOS MUERMOS');
INSERT INTO `mnt_ubicacion_comunas` VALUES ('263', '10', 'MAULLIN');
INSERT INTO `mnt_ubicacion_comunas` VALUES ('255', '10', 'OSORNO');
INSERT INTO `mnt_ubicacion_comunas` VALUES ('282', '10', 'PALENA');
INSERT INTO `mnt_ubicacion_comunas` VALUES ('261', '10', 'PUERTO MONTT');
INSERT INTO `mnt_ubicacion_comunas` VALUES ('258', '10', 'PUERTO OCTAY');
INSERT INTO `mnt_ubicacion_comunas` VALUES ('266', '10', 'PUERTO VARAS');
INSERT INTO `mnt_ubicacion_comunas` VALUES ('274', '10', 'PUQUELDON');
INSERT INTO `mnt_ubicacion_comunas` VALUES ('260', '10', 'PURRANQUE');
INSERT INTO `mnt_ubicacion_comunas` VALUES ('256', '10', 'PUYEHUE');
INSERT INTO `mnt_ubicacion_comunas` VALUES ('272', '10', 'QUEILEN');
INSERT INTO `mnt_ubicacion_comunas` VALUES ('273', '10', 'QUELLON');
INSERT INTO `mnt_ubicacion_comunas` VALUES ('278', '10', 'QUEMCHI');
INSERT INTO `mnt_ubicacion_comunas` VALUES ('275', '10', 'QUINCHAO');
INSERT INTO `mnt_ubicacion_comunas` VALUES ('259', '10', 'RIO NEGRO');
INSERT INTO `mnt_ubicacion_comunas` VALUES ('307', '10', 'SAN JUAN DE LA COSTA');
INSERT INTO `mnt_ubicacion_comunas` VALUES ('257', '10', 'SAN PABLO');
INSERT INTO `mnt_ubicacion_comunas` VALUES ('285', '11', 'AYSEN');
INSERT INTO `mnt_ubicacion_comunas` VALUES ('287', '11', 'CHILE CHICO');
INSERT INTO `mnt_ubicacion_comunas` VALUES ('286', '11', 'CISNES');
INSERT INTO `mnt_ubicacion_comunas` VALUES ('289', '11', 'COCHRANE');
INSERT INTO `mnt_ubicacion_comunas` VALUES ('284', '11', 'COYHAIQUE');
INSERT INTO `mnt_ubicacion_comunas` VALUES ('309', '11', 'GUAITECAS');
INSERT INTO `mnt_ubicacion_comunas` VALUES ('312', '11', 'LAGO VERDE');
INSERT INTO `mnt_ubicacion_comunas` VALUES ('310', '11', 'OHIGGINS');
INSERT INTO `mnt_ubicacion_comunas` VALUES ('288', '11', 'RIO IBAEZ');
INSERT INTO `mnt_ubicacion_comunas` VALUES ('311', '11', 'TORTEL');
INSERT INTO `mnt_ubicacion_comunas` VALUES ('316', '12', 'LAGUNA BLANCA');
INSERT INTO `mnt_ubicacion_comunas` VALUES ('319', '12', 'NAVARINO');
INSERT INTO `mnt_ubicacion_comunas` VALUES ('292', '12', 'PORVENIR');
INSERT INTO `mnt_ubicacion_comunas` VALUES ('317', '12', 'PRIMAVERA');
INSERT INTO `mnt_ubicacion_comunas` VALUES ('291', '12', 'PUERTO NATALES');
INSERT INTO `mnt_ubicacion_comunas` VALUES ('290', '12', 'PUNTA ARENAS');
INSERT INTO `mnt_ubicacion_comunas` VALUES ('314', '12', 'RIO VERDE');
INSERT INTO `mnt_ubicacion_comunas` VALUES ('315', '12', 'SAN GREGORIO');
INSERT INTO `mnt_ubicacion_comunas` VALUES ('318', '12', 'TIMAUKEL');
INSERT INTO `mnt_ubicacion_comunas` VALUES ('313', '12', 'TORRES DEL PAINE');
INSERT INTO `mnt_ubicacion_comunas` VALUES ('109', '13', 'ALHUE');
INSERT INTO `mnt_ubicacion_comunas` VALUES ('103', '13', 'BUIN');
INSERT INTO `mnt_ubicacion_comunas` VALUES ('99', '13', 'CALERA DE TANGO');
INSERT INTO `mnt_ubicacion_comunas` VALUES ('333', '13', 'CERRILLOS');
INSERT INTO `mnt_ubicacion_comunas` VALUES ('324', '13', 'CERRO NAVIA');
INSERT INTO `mnt_ubicacion_comunas` VALUES ('76', '13', 'COLINA');
INSERT INTO `mnt_ubicacion_comunas` VALUES ('75', '13', 'CONCHALI');
INSERT INTO `mnt_ubicacion_comunas` VALUES ('83', '13', 'CURACAVI');
INSERT INTO `mnt_ubicacion_comunas` VALUES ('338', '13', 'EL BOSQUE');
INSERT INTO `mnt_ubicacion_comunas` VALUES ('89', '13', 'EL MONTE');
INSERT INTO `mnt_ubicacion_comunas` VALUES ('328', '13', 'ESTACION CENTRAL');
INSERT INTO `mnt_ubicacion_comunas` VALUES ('334', '13', 'HUECHURABA');
INSERT INTO `mnt_ubicacion_comunas` VALUES ('330', '13', 'INDEPENDENCIA');
INSERT INTO `mnt_ubicacion_comunas` VALUES ('87', '13', 'ISLA DE MAIPO');
INSERT INTO `mnt_ubicacion_comunas` VALUES ('96', '13', 'LA CISTERNA');
INSERT INTO `mnt_ubicacion_comunas` VALUES ('93', '13', 'LA FLORIDA');
INSERT INTO `mnt_ubicacion_comunas` VALUES ('97', '13', 'LA GRANJA');
INSERT INTO `mnt_ubicacion_comunas` VALUES ('327', '13', 'LA PINTANA');
INSERT INTO `mnt_ubicacion_comunas` VALUES ('92', '13', 'LA REINA');
INSERT INTO `mnt_ubicacion_comunas` VALUES ('78', '13', 'LAMPA');
INSERT INTO `mnt_ubicacion_comunas` VALUES ('71', '13', 'LAS CONDES');
INSERT INTO `mnt_ubicacion_comunas` VALUES ('332', '13', 'LO BARNECHEA');
INSERT INTO `mnt_ubicacion_comunas` VALUES ('337', '13', 'LO ESPEJO');
INSERT INTO `mnt_ubicacion_comunas` VALUES ('325', '13', 'LO PRADO');
INSERT INTO `mnt_ubicacion_comunas` VALUES ('323', '13', 'MACUL');
INSERT INTO `mnt_ubicacion_comunas` VALUES ('94', '13', 'MAIPU');
INSERT INTO `mnt_ubicacion_comunas` VALUES ('90', '13', 'MARIA PINTO');
INSERT INTO `mnt_ubicacion_comunas` VALUES ('88', '13', 'MELIPILLA');
INSERT INTO `mnt_ubicacion_comunas` VALUES ('91', '13', 'UOA');
INSERT INTO `mnt_ubicacion_comunas` VALUES ('339', '13', 'PADRE HURTADO');
INSERT INTO `mnt_ubicacion_comunas` VALUES ('104', '13', 'PAINE');
INSERT INTO `mnt_ubicacion_comunas` VALUES ('336', '13', 'PEDRO AGUIRRE CERDA');
INSERT INTO `mnt_ubicacion_comunas` VALUES ('85', '13', 'PEAFLOR');
INSERT INTO `mnt_ubicacion_comunas` VALUES ('322', '13', 'PEALOLEN');
INSERT INTO `mnt_ubicacion_comunas` VALUES ('101', '13', 'PIRQUE');
INSERT INTO `mnt_ubicacion_comunas` VALUES ('72', '13', 'PROVIDENCIA');
INSERT INTO `mnt_ubicacion_comunas` VALUES ('82', '13', 'PUDAHUEL');
INSERT INTO `mnt_ubicacion_comunas` VALUES ('100', '13', 'PUENTE ALTO');
INSERT INTO `mnt_ubicacion_comunas` VALUES ('79', '13', 'QUILICURA');
INSERT INTO `mnt_ubicacion_comunas` VALUES ('81', '13', 'QUINTA NORMAL');
INSERT INTO `mnt_ubicacion_comunas` VALUES ('329', '13', 'RECOLETA');
INSERT INTO `mnt_ubicacion_comunas` VALUES ('77', '13', 'RENCA');
INSERT INTO `mnt_ubicacion_comunas` VALUES ('98', '13', 'SAN BERNARDO');
INSERT INTO `mnt_ubicacion_comunas` VALUES ('335', '13', 'SAN JOAQUIN');
INSERT INTO `mnt_ubicacion_comunas` VALUES ('102', '13', 'SAN JOSE DE MAIPO');
INSERT INTO `mnt_ubicacion_comunas` VALUES ('95', '13', 'SAN MIGUEL');
INSERT INTO `mnt_ubicacion_comunas` VALUES ('108', '13', 'SAN PEDRO');
INSERT INTO `mnt_ubicacion_comunas` VALUES ('326', '13', 'SAN RAMON');
INSERT INTO `mnt_ubicacion_comunas` VALUES ('70', '13', 'SANTIAGO CENTRO');
INSERT INTO `mnt_ubicacion_comunas` VALUES ('73', '13', 'SANTIAGO OESTE');
INSERT INTO `mnt_ubicacion_comunas` VALUES ('84', '13', 'SANTIAGO SUR');
INSERT INTO `mnt_ubicacion_comunas` VALUES ('86', '13', 'TALAGANTE');
INSERT INTO `mnt_ubicacion_comunas` VALUES ('80', '13', 'TIL-TIL');
INSERT INTO `mnt_ubicacion_comunas` VALUES ('331', '13', 'VITACURA');
INSERT INTO `mnt_ubicacion_comunas` VALUES ('244', '14', 'CORRAL');
INSERT INTO `mnt_ubicacion_comunas` VALUES ('248', '14', 'FUTRONO');
INSERT INTO `mnt_ubicacion_comunas` VALUES ('251', '14', 'LA UNION');
INSERT INTO `mnt_ubicacion_comunas` VALUES ('254', '14', 'LAGO RANCO');
INSERT INTO `mnt_ubicacion_comunas` VALUES ('249', '14', 'LANCO');
INSERT INTO `mnt_ubicacion_comunas` VALUES ('247', '14', 'LOS LAGOS');
INSERT INTO `mnt_ubicacion_comunas` VALUES ('246', '14', 'MAFIL');
INSERT INTO `mnt_ubicacion_comunas` VALUES ('245', '14', 'MARIQUINA');
INSERT INTO `mnt_ubicacion_comunas` VALUES ('243', '14', 'VALDIVIA');
INSERT INTO `mnt_ubicacion_comunas` VALUES ('250', '14', 'PANGUIPULLI');
INSERT INTO `mnt_ubicacion_comunas` VALUES ('252', '14', 'PAILLACO');
INSERT INTO `mnt_ubicacion_comunas` VALUES ('253', '14', 'RIO BUENO');
INSERT INTO `mnt_ubicacion_comunas` VALUES ('1', '15', 'ARICA');
INSERT INTO `mnt_ubicacion_comunas` VALUES ('295', '15', 'CAMARONES');
INSERT INTO `mnt_ubicacion_comunas` VALUES ('293', '15', 'GENERAL LAGOS');
INSERT INTO `mnt_ubicacion_comunas` VALUES ('294', '15', 'PUTRE');

-- ----------------------------
-- Table structure for pagos
-- ----------------------------
DROP TABLE IF EXISTS `pagos`;
CREATE TABLE `pagos` (
  `id_pago` int(11) NOT NULL AUTO_INCREMENT,
  `id_usuario` int(11) NOT NULL,
  `fecha_pago` varchar(20) NOT NULL,
  `Monto` int(11) NOT NULL,
  `comprobante` varchar(30) NOT NULL,
  `sucursal` varchar(100) NOT NULL,
  `fecha_deposito` varchar(20) NOT NULL,
  `periodo_desde` varchar(8) NOT NULL,
  `periodo_hasta` varchar(8) NOT NULL,
  PRIMARY KEY (`id_pago`)
) ENGINE=MyISAM DEFAULT CHARSET=latin1;

-- ----------------------------
-- Records of pagos
-- ----------------------------

-- ----------------------------
-- Table structure for parametros
-- ----------------------------
DROP TABLE IF EXISTS `parametros`;
CREATE TABLE `parametros` (
  `IdParametro` float DEFAULT NULL,
  `Empresa` varchar(255) DEFAULT NULL,
  `IP_interna` varchar(255) DEFAULT NULL,
  `IP_externa` varchar(255) DEFAULT NULL,
  `IP_interna_seg` varchar(25) NOT NULL,
  `IP_externa_seg` varchar(25) NOT NULL,
  `Numero_posiciones` float DEFAULT NULL,
  `pagina_retorno_intra` varchar(255) DEFAULT NULL,
  `pagina_retorno_inter` varchar(255) DEFAULT NULL,
  `pagina_retorno_cliente` varchar(255) DEFAULT NULL,
  `cerrar` varchar(255) DEFAULT NULL,
  `login_fcs` varchar(255) DEFAULT NULL,
  `Password_fcs` varchar(255) DEFAULT NULL,
  `camino_video` varchar(255) DEFAULT NULL,
  `directorio` varchar(255) DEFAULT NULL,
  `seguridad` varchar(255) DEFAULT NULL,
  `u_seguridad` float DEFAULT NULL,
  `videomail` varchar(50) NOT NULL,
  `donde` varchar(120) NOT NULL,
  `blogs` varchar(50) NOT NULL,
  `donde_blogs` varchar(200) NOT NULL,
  `multipunto` varchar(75) NOT NULL DEFAULT 'desk2',
  `donde_graba` varchar(150) NOT NULL,
  `emergencia` varchar(12) NOT NULL DEFAULT '22454622'
) ENGINE=MyISAM DEFAULT CHARSET=latin1;

-- ----------------------------
-- Records of parametros
-- ----------------------------
INSERT INTO `parametros` VALUES ('1', 'NATURAL PHONE S.A.', '192.168.1.70', '200.119.246.139', '192.168.1.75', '200.119.246.142', '6', 'cerrar.asp', 'Callcenter/intra/login.asp', 'cerrar.asp', 'cerrarEje.asp', 'admin', 'camdie', 'avMessages', 'lobby', 'vccenter', '3', 'videomail', 'http://www.naturalphone.cl/videomail2/', 'blog_mail', 'http://www.click2call.cl/blogers/', 'sosclick', 'http://record.sosclick.cl/sosclick_grab/', '22454622');

-- ----------------------------
-- Table structure for regiones
-- ----------------------------
DROP TABLE IF EXISTS `regiones`;
CREATE TABLE `regiones` (
  `region` int(2) NOT NULL,
  `descripcion` varchar(100) NOT NULL
) ENGINE=MyISAM DEFAULT CHARSET=utf8;

-- ----------------------------
-- Records of regiones
-- ----------------------------
INSERT INTO `regiones` VALUES ('0', 'ANCASH');
INSERT INTO `regiones` VALUES ('0', 'APURIMAC');
INSERT INTO `regiones` VALUES ('0', 'AREQUIPA');
INSERT INTO `regiones` VALUES ('0', 'AYACUCHO');
INSERT INTO `regiones` VALUES ('0', 'CAJAMARCA');
INSERT INTO `regiones` VALUES ('0', 'CUSCO');
INSERT INTO `regiones` VALUES ('0', 'HUANCAVELICA');
INSERT INTO `regiones` VALUES ('0', 'HUANUCO');
INSERT INTO `regiones` VALUES ('0', 'ICA');
INSERT INTO `regiones` VALUES ('0', 'JUNIN');
INSERT INTO `regiones` VALUES ('0', 'LA LIBERTAD');
INSERT INTO `regiones` VALUES ('0', 'LAMBAYEQUE');
INSERT INTO `regiones` VALUES ('0', 'LIMA');
INSERT INTO `regiones` VALUES ('0', 'LORETO');
INSERT INTO `regiones` VALUES ('0', 'MADRE DE DIOS');
INSERT INTO `regiones` VALUES ('0', 'MOQUEGUA');
INSERT INTO `regiones` VALUES ('0', 'PASCO');
INSERT INTO `regiones` VALUES ('0', 'PIURA');
INSERT INTO `regiones` VALUES ('0', 'PUNO');
INSERT INTO `regiones` VALUES ('0', 'SAN MARTIN');
INSERT INTO `regiones` VALUES ('0', 'TACNA');
INSERT INTO `regiones` VALUES ('0', 'TUMBES');
INSERT INTO `regiones` VALUES ('0', 'UCAYALI');

-- ----------------------------
-- Table structure for ubicacion_departamento
-- ----------------------------
DROP TABLE IF EXISTS `ubicacion_departamento`;
CREATE TABLE `ubicacion_departamento` (
  `idDepartamento` int(11) unsigned NOT NULL AUTO_INCREMENT,
  `Nombre` varchar(80) NOT NULL,
  PRIMARY KEY (`idDepartamento`)
) ENGINE=MyISAM AUTO_INCREMENT=26 DEFAULT CHARSET=utf8;

-- ----------------------------
-- Records of ubicacion_departamento
-- ----------------------------
INSERT INTO `ubicacion_departamento` VALUES ('1', 'Amazonas');
INSERT INTO `ubicacion_departamento` VALUES ('2', 'Ancash');
INSERT INTO `ubicacion_departamento` VALUES ('3', 'Apurimac');
INSERT INTO `ubicacion_departamento` VALUES ('4', 'Arequipa');
INSERT INTO `ubicacion_departamento` VALUES ('5', 'Ayacucho');
INSERT INTO `ubicacion_departamento` VALUES ('6', 'Cajamarca');
INSERT INTO `ubicacion_departamento` VALUES ('7', 'Callao');
INSERT INTO `ubicacion_departamento` VALUES ('8', 'Cusco');
INSERT INTO `ubicacion_departamento` VALUES ('9', 'Huancavelica');
INSERT INTO `ubicacion_departamento` VALUES ('10', 'Huanuco');
INSERT INTO `ubicacion_departamento` VALUES ('11', 'Ica');
INSERT INTO `ubicacion_departamento` VALUES ('12', 'Junin');
INSERT INTO `ubicacion_departamento` VALUES ('13', 'La Libertad');
INSERT INTO `ubicacion_departamento` VALUES ('14', 'Lambayeque');
INSERT INTO `ubicacion_departamento` VALUES ('15', 'Lima');
INSERT INTO `ubicacion_departamento` VALUES ('16', 'Loreto');
INSERT INTO `ubicacion_departamento` VALUES ('17', 'Madre de Dios');
INSERT INTO `ubicacion_departamento` VALUES ('18', 'Moquegua');
INSERT INTO `ubicacion_departamento` VALUES ('19', 'Pasco');
INSERT INTO `ubicacion_departamento` VALUES ('20', 'Piura');
INSERT INTO `ubicacion_departamento` VALUES ('21', 'Puno');
INSERT INTO `ubicacion_departamento` VALUES ('22', 'San Martn');
INSERT INTO `ubicacion_departamento` VALUES ('23', 'Tacna');
INSERT INTO `ubicacion_departamento` VALUES ('24', 'Tumbes');
INSERT INTO `ubicacion_departamento` VALUES ('25', 'Ucayali');

-- ----------------------------
-- Table structure for ubicacion_distrito
-- ----------------------------
DROP TABLE IF EXISTS `ubicacion_distrito`;
CREATE TABLE `ubicacion_distrito` (
  `idDistrito` int(11) unsigned NOT NULL AUTO_INCREMENT,
  `idDepartamento` int(11) unsigned NOT NULL,
  `idProvincia` int(11) unsigned NOT NULL,
  `Nombre` varchar(80) NOT NULL,
  PRIMARY KEY (`idDistrito`)
) ENGINE=MyISAM AUTO_INCREMENT=1830 DEFAULT CHARSET=utf8;

-- ----------------------------
-- Records of ubicacion_distrito
-- ----------------------------
INSERT INTO `ubicacion_distrito` VALUES ('1', '1', '1', 'Asuncion');
INSERT INTO `ubicacion_distrito` VALUES ('2', '1', '1', 'Balsas');
INSERT INTO `ubicacion_distrito` VALUES ('3', '1', '1', 'Cheto');
INSERT INTO `ubicacion_distrito` VALUES ('4', '1', '1', 'Chiliquin');
INSERT INTO `ubicacion_distrito` VALUES ('5', '1', '1', 'Chuquibamba');
INSERT INTO `ubicacion_distrito` VALUES ('6', '1', '1', 'Granada');
INSERT INTO `ubicacion_distrito` VALUES ('7', '1', '1', 'Huancas');
INSERT INTO `ubicacion_distrito` VALUES ('8', '1', '1', 'La Jalca');
INSERT INTO `ubicacion_distrito` VALUES ('9', '1', '1', 'Leimebamba');
INSERT INTO `ubicacion_distrito` VALUES ('10', '1', '1', 'Levanto');
INSERT INTO `ubicacion_distrito` VALUES ('11', '1', '1', 'Magdalena');
INSERT INTO `ubicacion_distrito` VALUES ('12', '1', '1', 'Mariscal Castilla');
INSERT INTO `ubicacion_distrito` VALUES ('13', '1', '1', 'Molinopampa');
INSERT INTO `ubicacion_distrito` VALUES ('14', '1', '1', 'Montevideo');
INSERT INTO `ubicacion_distrito` VALUES ('15', '1', '1', 'Olleros');
INSERT INTO `ubicacion_distrito` VALUES ('16', '1', '1', 'Quinjalca');
INSERT INTO `ubicacion_distrito` VALUES ('17', '1', '1', 'San Francisco De Daguas');
INSERT INTO `ubicacion_distrito` VALUES ('18', '1', '1', 'San Isidro De Maino');
INSERT INTO `ubicacion_distrito` VALUES ('19', '1', '1', 'Soloco');
INSERT INTO `ubicacion_distrito` VALUES ('20', '1', '1', 'Sonche');
INSERT INTO `ubicacion_distrito` VALUES ('21', '1', '2', 'La Peca');
INSERT INTO `ubicacion_distrito` VALUES ('22', '1', '2', 'Aramango');
INSERT INTO `ubicacion_distrito` VALUES ('23', '1', '2', 'Copallin');
INSERT INTO `ubicacion_distrito` VALUES ('24', '1', '2', 'El Parco');
INSERT INTO `ubicacion_distrito` VALUES ('25', '1', '2', 'Imaza');
INSERT INTO `ubicacion_distrito` VALUES ('26', '1', '3', 'Jumbilla');
INSERT INTO `ubicacion_distrito` VALUES ('27', '1', '3', 'Chisquilla');
INSERT INTO `ubicacion_distrito` VALUES ('28', '1', '3', 'Churuja');
INSERT INTO `ubicacion_distrito` VALUES ('29', '1', '3', 'Corosha');
INSERT INTO `ubicacion_distrito` VALUES ('30', '1', '3', 'Cuispes');
INSERT INTO `ubicacion_distrito` VALUES ('31', '1', '3', 'Florida');
INSERT INTO `ubicacion_distrito` VALUES ('32', '1', '3', 'Jazan');
INSERT INTO `ubicacion_distrito` VALUES ('33', '1', '3', 'Recta');
INSERT INTO `ubicacion_distrito` VALUES ('34', '1', '3', 'San Carlos');
INSERT INTO `ubicacion_distrito` VALUES ('35', '1', '3', 'Shipasbamba');
INSERT INTO `ubicacion_distrito` VALUES ('36', '1', '3', 'Valera');
INSERT INTO `ubicacion_distrito` VALUES ('37', '1', '3', 'Yambrasbamba');
INSERT INTO `ubicacion_distrito` VALUES ('38', '1', '4', 'Nieva');
INSERT INTO `ubicacion_distrito` VALUES ('39', '1', '4', 'El Cenepa');
INSERT INTO `ubicacion_distrito` VALUES ('40', '1', '4', 'Rio Santiago');
INSERT INTO `ubicacion_distrito` VALUES ('41', '1', '5', 'Lamud');
INSERT INTO `ubicacion_distrito` VALUES ('42', '1', '5', 'Camporredondo');
INSERT INTO `ubicacion_distrito` VALUES ('43', '1', '5', 'Cocabamba');
INSERT INTO `ubicacion_distrito` VALUES ('44', '1', '5', 'Colcamar');
INSERT INTO `ubicacion_distrito` VALUES ('45', '1', '5', 'Conila');
INSERT INTO `ubicacion_distrito` VALUES ('46', '1', '5', 'Inguilpata');
INSERT INTO `ubicacion_distrito` VALUES ('47', '1', '5', 'Longuita');
INSERT INTO `ubicacion_distrito` VALUES ('48', '1', '5', 'Lonya Chico');
INSERT INTO `ubicacion_distrito` VALUES ('49', '1', '5', 'Luya');
INSERT INTO `ubicacion_distrito` VALUES ('50', '1', '5', 'Luya Viejo');
INSERT INTO `ubicacion_distrito` VALUES ('51', '1', '5', 'Maria');
INSERT INTO `ubicacion_distrito` VALUES ('52', '1', '5', 'Ocalli');
INSERT INTO `ubicacion_distrito` VALUES ('53', '1', '5', 'Ocumal');
INSERT INTO `ubicacion_distrito` VALUES ('54', '1', '5', 'Pisuquia');
INSERT INTO `ubicacion_distrito` VALUES ('55', '1', '5', 'Providencia');
INSERT INTO `ubicacion_distrito` VALUES ('56', '1', '5', 'San Cristobal');
INSERT INTO `ubicacion_distrito` VALUES ('57', '1', '5', 'San Francisco Del Yeso');
INSERT INTO `ubicacion_distrito` VALUES ('58', '1', '5', 'San Jeronimo');
INSERT INTO `ubicacion_distrito` VALUES ('59', '1', '5', 'San Juan De Lopecancha');
INSERT INTO `ubicacion_distrito` VALUES ('60', '1', '5', 'Santa Catalina');
INSERT INTO `ubicacion_distrito` VALUES ('61', '1', '5', 'Santo Tomas');
INSERT INTO `ubicacion_distrito` VALUES ('62', '1', '5', 'Tingo');
INSERT INTO `ubicacion_distrito` VALUES ('63', '1', '5', 'Trita');
INSERT INTO `ubicacion_distrito` VALUES ('64', '1', '6', 'San Nicolas');
INSERT INTO `ubicacion_distrito` VALUES ('65', '1', '6', 'Chirimoto');
INSERT INTO `ubicacion_distrito` VALUES ('66', '1', '6', 'Cochamal');
INSERT INTO `ubicacion_distrito` VALUES ('67', '1', '6', 'Huambo');
INSERT INTO `ubicacion_distrito` VALUES ('68', '1', '6', 'Limabamba');
INSERT INTO `ubicacion_distrito` VALUES ('69', '1', '6', 'Longar');
INSERT INTO `ubicacion_distrito` VALUES ('70', '1', '6', 'Mariscal Benavides');
INSERT INTO `ubicacion_distrito` VALUES ('71', '1', '6', 'Milpuc');
INSERT INTO `ubicacion_distrito` VALUES ('72', '1', '6', 'Omia');
INSERT INTO `ubicacion_distrito` VALUES ('73', '1', '6', 'Santa Rosa');
INSERT INTO `ubicacion_distrito` VALUES ('74', '1', '6', 'Totora');
INSERT INTO `ubicacion_distrito` VALUES ('75', '1', '6', 'Vista Alegre');
INSERT INTO `ubicacion_distrito` VALUES ('76', '1', '7', 'Bagua Grande');
INSERT INTO `ubicacion_distrito` VALUES ('77', '1', '7', 'Cajaruro');
INSERT INTO `ubicacion_distrito` VALUES ('78', '1', '7', 'Cumba');
INSERT INTO `ubicacion_distrito` VALUES ('79', '1', '7', 'El Milagro');
INSERT INTO `ubicacion_distrito` VALUES ('80', '1', '7', 'Jamalca');
INSERT INTO `ubicacion_distrito` VALUES ('81', '1', '7', 'Lonya Grande');
INSERT INTO `ubicacion_distrito` VALUES ('82', '1', '7', 'Yamon');
INSERT INTO `ubicacion_distrito` VALUES ('83', '2', '8', 'Huaraz');
INSERT INTO `ubicacion_distrito` VALUES ('84', '2', '8', 'Cochabamba');
INSERT INTO `ubicacion_distrito` VALUES ('85', '2', '8', 'Colcabamba');
INSERT INTO `ubicacion_distrito` VALUES ('86', '2', '8', 'Huanchay');
INSERT INTO `ubicacion_distrito` VALUES ('87', '2', '8', 'Independencia');
INSERT INTO `ubicacion_distrito` VALUES ('88', '2', '8', 'Jangas');
INSERT INTO `ubicacion_distrito` VALUES ('89', '2', '8', 'La Libertad');
INSERT INTO `ubicacion_distrito` VALUES ('90', '1', '1', 'Olleros');
INSERT INTO `ubicacion_distrito` VALUES ('91', '2', '8', 'Pampas');
INSERT INTO `ubicacion_distrito` VALUES ('92', '2', '8', 'Pariacoto');
INSERT INTO `ubicacion_distrito` VALUES ('93', '2', '8', 'Pira');
INSERT INTO `ubicacion_distrito` VALUES ('94', '2', '8', 'Tarica');
INSERT INTO `ubicacion_distrito` VALUES ('95', '2', '9', 'Aija');
INSERT INTO `ubicacion_distrito` VALUES ('96', '2', '9', 'Coris');
INSERT INTO `ubicacion_distrito` VALUES ('97', '2', '9', 'Huacllan');
INSERT INTO `ubicacion_distrito` VALUES ('98', '2', '9', 'La Merced');
INSERT INTO `ubicacion_distrito` VALUES ('99', '2', '9', 'Succha');
INSERT INTO `ubicacion_distrito` VALUES ('100', '2', '10', 'Llamellin');
INSERT INTO `ubicacion_distrito` VALUES ('101', '2', '10', 'Aczo');
INSERT INTO `ubicacion_distrito` VALUES ('102', '2', '10', 'Chaccho');
INSERT INTO `ubicacion_distrito` VALUES ('103', '2', '10', 'Chingas');
INSERT INTO `ubicacion_distrito` VALUES ('104', '2', '10', 'Mirgas');
INSERT INTO `ubicacion_distrito` VALUES ('105', '2', '10', 'San Juan De Rontoy');
INSERT INTO `ubicacion_distrito` VALUES ('106', '2', '11', 'Chacas');
INSERT INTO `ubicacion_distrito` VALUES ('107', '2', '11', 'Acochaca');
INSERT INTO `ubicacion_distrito` VALUES ('108', '2', '12', 'Chiquian');
INSERT INTO `ubicacion_distrito` VALUES ('109', '2', '12', 'Abelardo Pardo Lezameta');
INSERT INTO `ubicacion_distrito` VALUES ('110', '2', '12', 'Antonio Raymondi');
INSERT INTO `ubicacion_distrito` VALUES ('111', '2', '12', 'Aquia');
INSERT INTO `ubicacion_distrito` VALUES ('112', '2', '12', 'Cajacay');
INSERT INTO `ubicacion_distrito` VALUES ('113', '2', '12', 'Canis');
INSERT INTO `ubicacion_distrito` VALUES ('114', '2', '12', 'Colquioc');
INSERT INTO `ubicacion_distrito` VALUES ('115', '2', '12', 'Huallanca');
INSERT INTO `ubicacion_distrito` VALUES ('116', '2', '12', 'Huasta');
INSERT INTO `ubicacion_distrito` VALUES ('117', '2', '12', 'Huayllacayan');
INSERT INTO `ubicacion_distrito` VALUES ('118', '2', '12', 'La Primavera');
INSERT INTO `ubicacion_distrito` VALUES ('119', '2', '12', 'Mangas');
INSERT INTO `ubicacion_distrito` VALUES ('120', '2', '12', 'Pacllon');
INSERT INTO `ubicacion_distrito` VALUES ('121', '2', '12', 'San Miguel De Corpanqui');
INSERT INTO `ubicacion_distrito` VALUES ('122', '2', '12', 'Ticllos');
INSERT INTO `ubicacion_distrito` VALUES ('123', '2', '13', 'Carhuaz');
INSERT INTO `ubicacion_distrito` VALUES ('124', '2', '13', 'Acopampa');
INSERT INTO `ubicacion_distrito` VALUES ('125', '2', '13', 'Amashca');
INSERT INTO `ubicacion_distrito` VALUES ('126', '2', '13', 'Anta');
INSERT INTO `ubicacion_distrito` VALUES ('127', '2', '13', 'Ataquero');
INSERT INTO `ubicacion_distrito` VALUES ('128', '2', '13', 'Marcara');
INSERT INTO `ubicacion_distrito` VALUES ('129', '2', '13', 'Pariahuanca');
INSERT INTO `ubicacion_distrito` VALUES ('130', '2', '13', 'San Miguel De Aco');
INSERT INTO `ubicacion_distrito` VALUES ('131', '2', '13', 'Shilla');
INSERT INTO `ubicacion_distrito` VALUES ('132', '2', '13', 'Tinco');
INSERT INTO `ubicacion_distrito` VALUES ('133', '2', '13', 'Yungar');
INSERT INTO `ubicacion_distrito` VALUES ('134', '2', '14', 'San Luis');
INSERT INTO `ubicacion_distrito` VALUES ('135', '1', '6', 'San Nicolas');
INSERT INTO `ubicacion_distrito` VALUES ('136', '2', '14', 'Yauya');
INSERT INTO `ubicacion_distrito` VALUES ('137', '2', '15', 'Casma');
INSERT INTO `ubicacion_distrito` VALUES ('138', '2', '15', 'Buena Vista Alta');
INSERT INTO `ubicacion_distrito` VALUES ('139', '2', '15', 'Comandante Noel');
INSERT INTO `ubicacion_distrito` VALUES ('140', '2', '15', 'Yautan');
INSERT INTO `ubicacion_distrito` VALUES ('141', '2', '16', 'Corongo');
INSERT INTO `ubicacion_distrito` VALUES ('142', '2', '16', 'Aco');
INSERT INTO `ubicacion_distrito` VALUES ('143', '2', '16', 'Bambas');
INSERT INTO `ubicacion_distrito` VALUES ('144', '2', '16', 'Cusca');
INSERT INTO `ubicacion_distrito` VALUES ('145', '2', '16', 'La Pampa');
INSERT INTO `ubicacion_distrito` VALUES ('146', '2', '16', 'Yanac');
INSERT INTO `ubicacion_distrito` VALUES ('147', '2', '16', 'Yupan');
INSERT INTO `ubicacion_distrito` VALUES ('148', '2', '17', 'Huari');
INSERT INTO `ubicacion_distrito` VALUES ('149', '2', '17', 'Anra');
INSERT INTO `ubicacion_distrito` VALUES ('150', '2', '17', 'Cajay');
INSERT INTO `ubicacion_distrito` VALUES ('151', '2', '17', 'Chavin De Huantar');
INSERT INTO `ubicacion_distrito` VALUES ('152', '2', '17', 'Huacachi');
INSERT INTO `ubicacion_distrito` VALUES ('153', '2', '17', 'Huacchis');
INSERT INTO `ubicacion_distrito` VALUES ('154', '2', '17', 'Huachis');
INSERT INTO `ubicacion_distrito` VALUES ('155', '2', '17', 'Huantar');
INSERT INTO `ubicacion_distrito` VALUES ('156', '2', '17', 'Masin');
INSERT INTO `ubicacion_distrito` VALUES ('157', '2', '17', 'Paucas');
INSERT INTO `ubicacion_distrito` VALUES ('158', '2', '17', 'Ponto');
INSERT INTO `ubicacion_distrito` VALUES ('159', '2', '17', 'Rahuapampa');
INSERT INTO `ubicacion_distrito` VALUES ('160', '2', '17', 'Rapayan');
INSERT INTO `ubicacion_distrito` VALUES ('161', '2', '17', 'San Marcos');
INSERT INTO `ubicacion_distrito` VALUES ('162', '2', '17', 'San Pedro De Chana');
INSERT INTO `ubicacion_distrito` VALUES ('163', '2', '17', 'Uco');
INSERT INTO `ubicacion_distrito` VALUES ('164', '2', '18', 'Huarmey');
INSERT INTO `ubicacion_distrito` VALUES ('165', '2', '18', 'Cochapeti');
INSERT INTO `ubicacion_distrito` VALUES ('166', '2', '18', 'Culebras');
INSERT INTO `ubicacion_distrito` VALUES ('167', '2', '18', 'Huayan');
INSERT INTO `ubicacion_distrito` VALUES ('168', '2', '18', 'Malvas');
INSERT INTO `ubicacion_distrito` VALUES ('169', '2', '19', 'Caraz');
INSERT INTO `ubicacion_distrito` VALUES ('170', '2', '12', 'Huallanca');
INSERT INTO `ubicacion_distrito` VALUES ('171', '2', '19', 'Huata');
INSERT INTO `ubicacion_distrito` VALUES ('172', '2', '19', 'Huaylas');
INSERT INTO `ubicacion_distrito` VALUES ('173', '2', '19', 'Mato');
INSERT INTO `ubicacion_distrito` VALUES ('174', '2', '19', 'Pamparomas');
INSERT INTO `ubicacion_distrito` VALUES ('175', '2', '19', 'Pueblo Libre');
INSERT INTO `ubicacion_distrito` VALUES ('176', '2', '19', 'Santa Cruz');
INSERT INTO `ubicacion_distrito` VALUES ('177', '2', '19', 'Santo Toribio');
INSERT INTO `ubicacion_distrito` VALUES ('178', '2', '19', 'Yuracmarca');
INSERT INTO `ubicacion_distrito` VALUES ('179', '2', '20', 'Piscobamba');
INSERT INTO `ubicacion_distrito` VALUES ('180', '2', '20', 'Casca');
INSERT INTO `ubicacion_distrito` VALUES ('181', '2', '20', 'Eleazar Guzman Barron');
INSERT INTO `ubicacion_distrito` VALUES ('182', '2', '20', 'Fidel Olivas Escudero');
INSERT INTO `ubicacion_distrito` VALUES ('183', '2', '20', 'Llama');
INSERT INTO `ubicacion_distrito` VALUES ('184', '2', '20', 'Llumpa');
INSERT INTO `ubicacion_distrito` VALUES ('185', '2', '20', 'Lucma');
INSERT INTO `ubicacion_distrito` VALUES ('186', '2', '20', 'Musga');
INSERT INTO `ubicacion_distrito` VALUES ('187', '2', '21', 'Ocros');
INSERT INTO `ubicacion_distrito` VALUES ('188', '2', '21', 'Acas');
INSERT INTO `ubicacion_distrito` VALUES ('189', '2', '21', 'Cajamarquilla');
INSERT INTO `ubicacion_distrito` VALUES ('190', '2', '21', 'Carhuapampa');
INSERT INTO `ubicacion_distrito` VALUES ('191', '2', '21', 'Cochas');
INSERT INTO `ubicacion_distrito` VALUES ('192', '2', '21', 'Congas');
INSERT INTO `ubicacion_distrito` VALUES ('193', '2', '21', 'Llipa');
INSERT INTO `ubicacion_distrito` VALUES ('194', '2', '21', 'San Cristobal De Rajan');
INSERT INTO `ubicacion_distrito` VALUES ('195', '2', '21', 'San Pedro');
INSERT INTO `ubicacion_distrito` VALUES ('196', '2', '21', 'Santiago De Chilcas');
INSERT INTO `ubicacion_distrito` VALUES ('197', '2', '22', 'Cabana');
INSERT INTO `ubicacion_distrito` VALUES ('198', '2', '22', 'Bolognesi');
INSERT INTO `ubicacion_distrito` VALUES ('199', '2', '22', 'Conchucos');
INSERT INTO `ubicacion_distrito` VALUES ('200', '2', '22', 'Huacaschuque');
INSERT INTO `ubicacion_distrito` VALUES ('201', '2', '22', 'Huandoval');
INSERT INTO `ubicacion_distrito` VALUES ('202', '2', '22', 'Lacabamba');
INSERT INTO `ubicacion_distrito` VALUES ('203', '2', '22', 'Llapo');
INSERT INTO `ubicacion_distrito` VALUES ('204', '2', '22', 'Pallasca');
INSERT INTO `ubicacion_distrito` VALUES ('205', '2', '8', 'Pampas');
INSERT INTO `ubicacion_distrito` VALUES ('206', '1', '6', 'Santa Rosa');
INSERT INTO `ubicacion_distrito` VALUES ('207', '2', '22', 'Tauca');
INSERT INTO `ubicacion_distrito` VALUES ('208', '2', '23', 'Pomabamba');
INSERT INTO `ubicacion_distrito` VALUES ('209', '2', '23', 'Huayllan');
INSERT INTO `ubicacion_distrito` VALUES ('210', '2', '23', 'Parobamba');
INSERT INTO `ubicacion_distrito` VALUES ('211', '2', '23', 'Quinuabamba');
INSERT INTO `ubicacion_distrito` VALUES ('212', '2', '24', 'Recuay');
INSERT INTO `ubicacion_distrito` VALUES ('213', '2', '24', 'Catac');
INSERT INTO `ubicacion_distrito` VALUES ('214', '2', '24', 'Cotaparaco');
INSERT INTO `ubicacion_distrito` VALUES ('215', '2', '24', 'Huayllapampa');
INSERT INTO `ubicacion_distrito` VALUES ('216', '2', '24', 'Llacllin');
INSERT INTO `ubicacion_distrito` VALUES ('217', '2', '24', 'Marca');
INSERT INTO `ubicacion_distrito` VALUES ('218', '2', '24', 'Pampas Chico');
INSERT INTO `ubicacion_distrito` VALUES ('219', '2', '24', 'Pararin');
INSERT INTO `ubicacion_distrito` VALUES ('220', '2', '24', 'Tapacocha');
INSERT INTO `ubicacion_distrito` VALUES ('221', '2', '24', 'Ticapampa');
INSERT INTO `ubicacion_distrito` VALUES ('222', '2', '25', 'Chimbote');
INSERT INTO `ubicacion_distrito` VALUES ('223', '2', '25', 'Caceres Del Peru');
INSERT INTO `ubicacion_distrito` VALUES ('224', '2', '25', 'Coishco');
INSERT INTO `ubicacion_distrito` VALUES ('225', '2', '25', 'Macate');
INSERT INTO `ubicacion_distrito` VALUES ('226', '2', '25', 'Moro');
INSERT INTO `ubicacion_distrito` VALUES ('227', '2', '25', 'Nepea');
INSERT INTO `ubicacion_distrito` VALUES ('228', '2', '25', 'Samanco');
INSERT INTO `ubicacion_distrito` VALUES ('229', '2', '25', 'Santa');
INSERT INTO `ubicacion_distrito` VALUES ('230', '2', '25', 'Nuevo Chimbote');
INSERT INTO `ubicacion_distrito` VALUES ('231', '2', '26', 'Sihuas');
INSERT INTO `ubicacion_distrito` VALUES ('232', '2', '26', 'Acobamba');
INSERT INTO `ubicacion_distrito` VALUES ('233', '2', '26', 'Alfonso Ugarte');
INSERT INTO `ubicacion_distrito` VALUES ('234', '2', '26', 'Cashapampa');
INSERT INTO `ubicacion_distrito` VALUES ('235', '2', '26', 'Chingalpo');
INSERT INTO `ubicacion_distrito` VALUES ('236', '2', '26', 'Huayllabamba');
INSERT INTO `ubicacion_distrito` VALUES ('237', '2', '26', 'Quiches');
INSERT INTO `ubicacion_distrito` VALUES ('238', '2', '26', 'Ragash');
INSERT INTO `ubicacion_distrito` VALUES ('239', '2', '26', 'San Juan');
INSERT INTO `ubicacion_distrito` VALUES ('240', '2', '26', 'Sicsibamba');
INSERT INTO `ubicacion_distrito` VALUES ('241', '2', '27', 'Yungay');
INSERT INTO `ubicacion_distrito` VALUES ('242', '2', '27', 'Cascapara');
INSERT INTO `ubicacion_distrito` VALUES ('243', '2', '27', 'Mancos');
INSERT INTO `ubicacion_distrito` VALUES ('244', '2', '27', 'Matacoto');
INSERT INTO `ubicacion_distrito` VALUES ('245', '2', '27', 'Quillo');
INSERT INTO `ubicacion_distrito` VALUES ('246', '2', '27', 'Ranrahirca');
INSERT INTO `ubicacion_distrito` VALUES ('247', '2', '27', 'Shupluy');
INSERT INTO `ubicacion_distrito` VALUES ('248', '2', '27', 'Yanama');
INSERT INTO `ubicacion_distrito` VALUES ('249', '3', '28', 'Abancay');
INSERT INTO `ubicacion_distrito` VALUES ('250', '3', '28', 'Chacoche');
INSERT INTO `ubicacion_distrito` VALUES ('251', '3', '28', 'Circa');
INSERT INTO `ubicacion_distrito` VALUES ('252', '3', '28', 'Curahuasi');
INSERT INTO `ubicacion_distrito` VALUES ('253', '3', '28', 'Huanipaca');
INSERT INTO `ubicacion_distrito` VALUES ('254', '3', '28', 'Lambrama');
INSERT INTO `ubicacion_distrito` VALUES ('255', '3', '28', 'Pichirhua');
INSERT INTO `ubicacion_distrito` VALUES ('256', '3', '28', 'San Pedro De Cachora');
INSERT INTO `ubicacion_distrito` VALUES ('257', '3', '28', 'Tamburco');
INSERT INTO `ubicacion_distrito` VALUES ('258', '3', '29', 'Andahuaylas');
INSERT INTO `ubicacion_distrito` VALUES ('259', '3', '29', 'Andarapa');
INSERT INTO `ubicacion_distrito` VALUES ('260', '3', '29', 'Chiara');
INSERT INTO `ubicacion_distrito` VALUES ('261', '3', '29', 'Huancarama');
INSERT INTO `ubicacion_distrito` VALUES ('262', '3', '29', 'Huancaray');
INSERT INTO `ubicacion_distrito` VALUES ('263', '3', '29', 'Huayana');
INSERT INTO `ubicacion_distrito` VALUES ('264', '3', '29', 'Kishuara');
INSERT INTO `ubicacion_distrito` VALUES ('265', '3', '29', 'Pacobamba');
INSERT INTO `ubicacion_distrito` VALUES ('266', '3', '29', 'Pacucha');
INSERT INTO `ubicacion_distrito` VALUES ('267', '3', '29', 'Pampachiri');
INSERT INTO `ubicacion_distrito` VALUES ('268', '3', '29', 'Pomacocha');
INSERT INTO `ubicacion_distrito` VALUES ('269', '3', '29', 'San Antonio De Cachi');
INSERT INTO `ubicacion_distrito` VALUES ('270', '1', '5', 'San Jeronimo');
INSERT INTO `ubicacion_distrito` VALUES ('271', '3', '29', 'San Miguel De Chaccrampa');
INSERT INTO `ubicacion_distrito` VALUES ('272', '3', '29', 'Santa Maria De Chicmo');
INSERT INTO `ubicacion_distrito` VALUES ('273', '3', '29', 'Talavera');
INSERT INTO `ubicacion_distrito` VALUES ('274', '3', '29', 'Tumay Huaraca');
INSERT INTO `ubicacion_distrito` VALUES ('275', '3', '29', 'Turpo');
INSERT INTO `ubicacion_distrito` VALUES ('276', '3', '29', 'Kaquiabamba');
INSERT INTO `ubicacion_distrito` VALUES ('277', '3', '30', 'Antabamba');
INSERT INTO `ubicacion_distrito` VALUES ('278', '3', '30', 'El Oro');
INSERT INTO `ubicacion_distrito` VALUES ('279', '3', '30', 'Huaquirca');
INSERT INTO `ubicacion_distrito` VALUES ('280', '3', '30', 'Juan Espinoza Medrano');
INSERT INTO `ubicacion_distrito` VALUES ('281', '3', '30', 'Oropesa');
INSERT INTO `ubicacion_distrito` VALUES ('282', '3', '30', 'Pachaconas');
INSERT INTO `ubicacion_distrito` VALUES ('283', '3', '30', 'Sabaino');
INSERT INTO `ubicacion_distrito` VALUES ('284', '3', '31', 'Chalhuanca');
INSERT INTO `ubicacion_distrito` VALUES ('285', '3', '31', 'Capaya');
INSERT INTO `ubicacion_distrito` VALUES ('286', '3', '31', 'Caraybamba');
INSERT INTO `ubicacion_distrito` VALUES ('287', '3', '31', 'Chapimarca');
INSERT INTO `ubicacion_distrito` VALUES ('288', '2', '8', 'Colcabamba');
INSERT INTO `ubicacion_distrito` VALUES ('289', '3', '31', 'Cotaruse');
INSERT INTO `ubicacion_distrito` VALUES ('290', '3', '31', 'Huayllo');
INSERT INTO `ubicacion_distrito` VALUES ('291', '3', '31', 'Justo Apu Sahuaraura');
INSERT INTO `ubicacion_distrito` VALUES ('292', '3', '31', 'Lucre');
INSERT INTO `ubicacion_distrito` VALUES ('293', '3', '31', 'Pocohuanca');
INSERT INTO `ubicacion_distrito` VALUES ('294', '3', '31', 'San Juan De Chaca');
INSERT INTO `ubicacion_distrito` VALUES ('295', '3', '31', 'Saayca');
INSERT INTO `ubicacion_distrito` VALUES ('296', '3', '31', 'Soraya');
INSERT INTO `ubicacion_distrito` VALUES ('297', '3', '31', 'Tapairihua');
INSERT INTO `ubicacion_distrito` VALUES ('298', '3', '31', 'Tintay');
INSERT INTO `ubicacion_distrito` VALUES ('299', '3', '31', 'Toraya');
INSERT INTO `ubicacion_distrito` VALUES ('300', '3', '31', 'Yanaca');
INSERT INTO `ubicacion_distrito` VALUES ('301', '3', '32', 'Tambobamba');
INSERT INTO `ubicacion_distrito` VALUES ('302', '3', '32', 'Cotabambas');
INSERT INTO `ubicacion_distrito` VALUES ('303', '3', '32', 'Coyllurqui');
INSERT INTO `ubicacion_distrito` VALUES ('304', '3', '32', 'Haquira');
INSERT INTO `ubicacion_distrito` VALUES ('305', '3', '32', 'Mara');
INSERT INTO `ubicacion_distrito` VALUES ('306', '3', '32', 'Challhuahuacho');
INSERT INTO `ubicacion_distrito` VALUES ('307', '3', '33', 'Chincheros');
INSERT INTO `ubicacion_distrito` VALUES ('308', '3', '33', 'Anco-Huallo');
INSERT INTO `ubicacion_distrito` VALUES ('309', '3', '33', 'Cocharcas');
INSERT INTO `ubicacion_distrito` VALUES ('310', '3', '33', 'Huaccana');
INSERT INTO `ubicacion_distrito` VALUES ('311', '3', '33', 'Ocobamba');
INSERT INTO `ubicacion_distrito` VALUES ('312', '3', '33', 'Ongoy');
INSERT INTO `ubicacion_distrito` VALUES ('313', '3', '33', 'Uranmarca');
INSERT INTO `ubicacion_distrito` VALUES ('314', '3', '33', 'Ranracancha');
INSERT INTO `ubicacion_distrito` VALUES ('315', '3', '34', 'Chuquibambilla');
INSERT INTO `ubicacion_distrito` VALUES ('316', '3', '34', 'Curpahuasi');
INSERT INTO `ubicacion_distrito` VALUES ('317', '3', '34', 'Gamarra');
INSERT INTO `ubicacion_distrito` VALUES ('318', '3', '34', 'Huayllati');
INSERT INTO `ubicacion_distrito` VALUES ('319', '3', '34', 'Mamara');
INSERT INTO `ubicacion_distrito` VALUES ('320', '3', '34', 'Micaela Bastidas');
INSERT INTO `ubicacion_distrito` VALUES ('321', '3', '34', 'Pataypampa');
INSERT INTO `ubicacion_distrito` VALUES ('322', '3', '34', 'Progreso');
INSERT INTO `ubicacion_distrito` VALUES ('323', '3', '34', 'San Antonio');
INSERT INTO `ubicacion_distrito` VALUES ('324', '3', '34', 'Santa Ros a');
INSERT INTO `ubicacion_distrito` VALUES ('325', '3', '34', 'Turpay');
INSERT INTO `ubicacion_distrito` VALUES ('326', '3', '34', 'Vilcabamba');
INSERT INTO `ubicacion_distrito` VALUES ('327', '3', '34', 'Virundo');
INSERT INTO `ubicacion_distrito` VALUES ('328', '3', '34', 'Curasco');
INSERT INTO `ubicacion_distrito` VALUES ('329', '4', '35', 'Arequipa');
INSERT INTO `ubicacion_distrito` VALUES ('330', '4', '35', 'Alto Selva Alegre');
INSERT INTO `ubicacion_distrito` VALUES ('331', '4', '35', 'Cayma');
INSERT INTO `ubicacion_distrito` VALUES ('332', '4', '35', 'Cerro Colorado');
INSERT INTO `ubicacion_distrito` VALUES ('333', '4', '35', 'Characato');
INSERT INTO `ubicacion_distrito` VALUES ('334', '4', '35', 'Chiguata');
INSERT INTO `ubicacion_distrito` VALUES ('335', '4', '35', 'Jacobo Hunter');
INSERT INTO `ubicacion_distrito` VALUES ('336', '4', '35', 'La Joya');
INSERT INTO `ubicacion_distrito` VALUES ('337', '4', '35', 'Mariano Melgar');
INSERT INTO `ubicacion_distrito` VALUES ('338', '4', '35', 'Miraflores');
INSERT INTO `ubicacion_distrito` VALUES ('339', '4', '35', 'Mollebaya');
INSERT INTO `ubicacion_distrito` VALUES ('340', '4', '35', 'Paucarpata');
INSERT INTO `ubicacion_distrito` VALUES ('341', '4', '35', 'Pocsi');
INSERT INTO `ubicacion_distrito` VALUES ('342', '4', '35', 'Polobaya');
INSERT INTO `ubicacion_distrito` VALUES ('343', '4', '35', 'Quequea');
INSERT INTO `ubicacion_distrito` VALUES ('344', '4', '35', 'Sabandia');
INSERT INTO `ubicacion_distrito` VALUES ('345', '4', '35', 'Sachaca');
INSERT INTO `ubicacion_distrito` VALUES ('346', '4', '35', 'San Juan De Siguas');
INSERT INTO `ubicacion_distrito` VALUES ('347', '4', '35', 'San Juan De Tarucani');
INSERT INTO `ubicacion_distrito` VALUES ('348', '4', '35', 'Santa Isabel De Siguas');
INSERT INTO `ubicacion_distrito` VALUES ('349', '4', '35', 'Santa Rita De Siguas');
INSERT INTO `ubicacion_distrito` VALUES ('350', '4', '35', 'Socabaya');
INSERT INTO `ubicacion_distrito` VALUES ('351', '4', '35', 'Tiabaya');
INSERT INTO `ubicacion_distrito` VALUES ('352', '4', '35', 'Uchumayo');
INSERT INTO `ubicacion_distrito` VALUES ('353', '4', '35', 'Vitor');
INSERT INTO `ubicacion_distrito` VALUES ('354', '4', '35', 'Yanahuara');
INSERT INTO `ubicacion_distrito` VALUES ('355', '4', '35', 'Yarabamba');
INSERT INTO `ubicacion_distrito` VALUES ('356', '4', '35', 'Yura');
INSERT INTO `ubicacion_distrito` VALUES ('357', '4', '35', 'Jose Luis Bustamante Y Rive');
INSERT INTO `ubicacion_distrito` VALUES ('358', '4', '36', 'Camana');
INSERT INTO `ubicacion_distrito` VALUES ('359', '4', '36', 'Jose Maria Quimper');
INSERT INTO `ubicacion_distrito` VALUES ('360', '4', '36', 'Mariano Nicolas Valcarcel');
INSERT INTO `ubicacion_distrito` VALUES ('361', '4', '36', 'Mariscal Caceres');
INSERT INTO `ubicacion_distrito` VALUES ('362', '4', '36', 'Nicolas De Pierola');
INSERT INTO `ubicacion_distrito` VALUES ('363', '4', '36', 'Ocoa');
INSERT INTO `ubicacion_distrito` VALUES ('364', '4', '36', 'Quilca');
INSERT INTO `ubicacion_distrito` VALUES ('365', '4', '36', 'Samuel Pastor');
INSERT INTO `ubicacion_distrito` VALUES ('366', '4', '37', 'Caraveli');
INSERT INTO `ubicacion_distrito` VALUES ('367', '4', '37', 'Acari');
INSERT INTO `ubicacion_distrito` VALUES ('368', '4', '37', 'Atico');
INSERT INTO `ubicacion_distrito` VALUES ('369', '4', '37', 'Atiquipa');
INSERT INTO `ubicacion_distrito` VALUES ('370', '4', '37', 'Bella Union');
INSERT INTO `ubicacion_distrito` VALUES ('371', '4', '37', 'Cahuacho');
INSERT INTO `ubicacion_distrito` VALUES ('372', '4', '37', 'Chala');
INSERT INTO `ubicacion_distrito` VALUES ('373', '4', '37', 'Chaparra');
INSERT INTO `ubicacion_distrito` VALUES ('374', '4', '37', 'Huanuhuanu');
INSERT INTO `ubicacion_distrito` VALUES ('375', '4', '37', 'Jaqui');
INSERT INTO `ubicacion_distrito` VALUES ('376', '4', '37', 'Lomas');
INSERT INTO `ubicacion_distrito` VALUES ('377', '4', '37', 'Quicacha');
INSERT INTO `ubicacion_distrito` VALUES ('378', '4', '37', 'Yauca');
INSERT INTO `ubicacion_distrito` VALUES ('379', '4', '38', 'Aplao');
INSERT INTO `ubicacion_distrito` VALUES ('380', '4', '38', 'Andagua');
INSERT INTO `ubicacion_distrito` VALUES ('381', '4', '38', 'Ayo');
INSERT INTO `ubicacion_distrito` VALUES ('382', '4', '38', 'Chachas');
INSERT INTO `ubicacion_distrito` VALUES ('383', '4', '38', 'Chilcaymarca');
INSERT INTO `ubicacion_distrito` VALUES ('384', '4', '38', 'Choco');
INSERT INTO `ubicacion_distrito` VALUES ('385', '4', '38', 'Huancarqui');
INSERT INTO `ubicacion_distrito` VALUES ('386', '4', '38', 'Machaguay');
INSERT INTO `ubicacion_distrito` VALUES ('387', '4', '38', 'Orcopampa');
INSERT INTO `ubicacion_distrito` VALUES ('388', '4', '38', 'Pampacolca');
INSERT INTO `ubicacion_distrito` VALUES ('389', '4', '38', 'Tipan');
INSERT INTO `ubicacion_distrito` VALUES ('390', '4', '38', 'Uon');
INSERT INTO `ubicacion_distrito` VALUES ('391', '4', '38', 'Uraca');
INSERT INTO `ubicacion_distrito` VALUES ('392', '4', '38', 'Viraco');
INSERT INTO `ubicacion_distrito` VALUES ('393', '4', '39', 'Chivay');
INSERT INTO `ubicacion_distrito` VALUES ('394', '4', '39', 'Achoma');
INSERT INTO `ubicacion_distrito` VALUES ('395', '4', '39', 'Cabanaconde');
INSERT INTO `ubicacion_distrito` VALUES ('396', '4', '39', 'Callalli');
INSERT INTO `ubicacion_distrito` VALUES ('397', '4', '39', 'Caylloma');
INSERT INTO `ubicacion_distrito` VALUES ('398', '4', '39', 'Coporaque');
INSERT INTO `ubicacion_distrito` VALUES ('399', '1', '6', 'Huambo');
INSERT INTO `ubicacion_distrito` VALUES ('400', '4', '39', 'Huanca');
INSERT INTO `ubicacion_distrito` VALUES ('401', '4', '39', 'Ichupampa');
INSERT INTO `ubicacion_distrito` VALUES ('402', '4', '39', 'Lari');
INSERT INTO `ubicacion_distrito` VALUES ('403', '4', '39', 'Lluta');
INSERT INTO `ubicacion_distrito` VALUES ('404', '4', '39', 'Maca');
INSERT INTO `ubicacion_distrito` VALUES ('405', '4', '39', 'Madrigal');
INSERT INTO `ubicacion_distrito` VALUES ('406', '4', '39', 'San Antonio De Chuca');
INSERT INTO `ubicacion_distrito` VALUES ('407', '4', '39', 'Sibayo');
INSERT INTO `ubicacion_distrito` VALUES ('408', '4', '39', 'Tapay');
INSERT INTO `ubicacion_distrito` VALUES ('409', '4', '39', 'Tisco');
INSERT INTO `ubicacion_distrito` VALUES ('410', '4', '39', 'Tuti');
INSERT INTO `ubicacion_distrito` VALUES ('411', '4', '39', 'Yanque');
INSERT INTO `ubicacion_distrito` VALUES ('412', '4', '39', 'Majes');
INSERT INTO `ubicacion_distrito` VALUES ('413', '1', '1', 'Chuquibamba');
INSERT INTO `ubicacion_distrito` VALUES ('414', '4', '40', 'Andaray');
INSERT INTO `ubicacion_distrito` VALUES ('415', '4', '40', 'Cayarani');
INSERT INTO `ubicacion_distrito` VALUES ('416', '4', '40', 'Chichas');
INSERT INTO `ubicacion_distrito` VALUES ('417', '4', '40', 'Iray');
INSERT INTO `ubicacion_distrito` VALUES ('418', '4', '40', 'Rio Grande');
INSERT INTO `ubicacion_distrito` VALUES ('419', '4', '40', 'Salamanca');
INSERT INTO `ubicacion_distrito` VALUES ('420', '4', '40', 'Yanaquihua');
INSERT INTO `ubicacion_distrito` VALUES ('421', '4', '41', 'Mollendo');
INSERT INTO `ubicacion_distrito` VALUES ('422', '4', '41', 'Cocachacra');
INSERT INTO `ubicacion_distrito` VALUES ('423', '4', '41', 'Dean Valdivia');
INSERT INTO `ubicacion_distrito` VALUES ('424', '4', '41', 'Islay');
INSERT INTO `ubicacion_distrito` VALUES ('425', '4', '41', 'Mejia');
INSERT INTO `ubicacion_distrito` VALUES ('426', '4', '41', 'Punta De Bombon');
INSERT INTO `ubicacion_distrito` VALUES ('427', '4', '42', 'Cotahuasi');
INSERT INTO `ubicacion_distrito` VALUES ('428', '4', '42', 'Alca');
INSERT INTO `ubicacion_distrito` VALUES ('429', '4', '42', 'Charcana');
INSERT INTO `ubicacion_distrito` VALUES ('430', '4', '42', 'Huaynacotas');
INSERT INTO `ubicacion_distrito` VALUES ('431', '4', '42', 'Pampamarca');
INSERT INTO `ubicacion_distrito` VALUES ('432', '4', '42', 'Puyca');
INSERT INTO `ubicacion_distrito` VALUES ('433', '4', '42', 'Quechualla');
INSERT INTO `ubicacion_distrito` VALUES ('434', '4', '42', 'Sayla');
INSERT INTO `ubicacion_distrito` VALUES ('435', '4', '42', 'Tauria');
INSERT INTO `ubicacion_distrito` VALUES ('436', '4', '42', 'Tomepampa');
INSERT INTO `ubicacion_distrito` VALUES ('437', '4', '42', 'Toro');
INSERT INTO `ubicacion_distrito` VALUES ('438', '5', '43', 'Ayacucho');
INSERT INTO `ubicacion_distrito` VALUES ('439', '5', '43', 'Acocro');
INSERT INTO `ubicacion_distrito` VALUES ('440', '5', '43', 'Acos Vinchos');
INSERT INTO `ubicacion_distrito` VALUES ('441', '5', '43', 'Carmen Alto');
INSERT INTO `ubicacion_distrito` VALUES ('442', '3', '29', 'Chiara');
INSERT INTO `ubicacion_distrito` VALUES ('443', '2', '21', 'Ocros');
INSERT INTO `ubicacion_distrito` VALUES ('444', '5', '43', 'Pacaycasa');
INSERT INTO `ubicacion_distrito` VALUES ('445', '5', '43', 'Quinua');
INSERT INTO `ubicacion_distrito` VALUES ('446', '5', '43', 'San Jose De Ticllas');
INSERT INTO `ubicacion_distrito` VALUES ('447', '5', '43', 'San Juan Bautista');
INSERT INTO `ubicacion_distrito` VALUES ('448', '5', '43', 'Santiago De Pischa');
INSERT INTO `ubicacion_distrito` VALUES ('449', '5', '43', 'Socos');
INSERT INTO `ubicacion_distrito` VALUES ('450', '5', '43', 'Tambillo');
INSERT INTO `ubicacion_distrito` VALUES ('451', '5', '43', 'Vinchos');
INSERT INTO `ubicacion_distrito` VALUES ('452', '5', '43', 'Jesus Nazareno');
INSERT INTO `ubicacion_distrito` VALUES ('453', '5', '44', 'Cangallo');
INSERT INTO `ubicacion_distrito` VALUES ('454', '5', '44', 'Chuschi');
INSERT INTO `ubicacion_distrito` VALUES ('455', '5', '44', 'Los Morochucos');
INSERT INTO `ubicacion_distrito` VALUES ('456', '5', '44', 'Maria Parado De Bellido');
INSERT INTO `ubicacion_distrito` VALUES ('457', '5', '44', 'Paras');
INSERT INTO `ubicacion_distrito` VALUES ('458', '5', '44', 'Totos');
INSERT INTO `ubicacion_distrito` VALUES ('459', '5', '45', 'Sancos');
INSERT INTO `ubicacion_distrito` VALUES ('460', '5', '45', 'Carapo');
INSERT INTO `ubicacion_distrito` VALUES ('461', '5', '45', 'Sacsamarca');
INSERT INTO `ubicacion_distrito` VALUES ('462', '5', '45', 'Santiago De Lucanamarca');
INSERT INTO `ubicacion_distrito` VALUES ('463', '5', '46', 'Huanta');
INSERT INTO `ubicacion_distrito` VALUES ('464', '5', '46', 'Ayahuanco');
INSERT INTO `ubicacion_distrito` VALUES ('465', '5', '46', 'Huamanguilla');
INSERT INTO `ubicacion_distrito` VALUES ('466', '5', '46', 'Iguain');
INSERT INTO `ubicacion_distrito` VALUES ('467', '5', '46', 'Luricocha');
INSERT INTO `ubicacion_distrito` VALUES ('468', '5', '46', 'Santillana');
INSERT INTO `ubicacion_distrito` VALUES ('469', '5', '46', 'Sivia');
INSERT INTO `ubicacion_distrito` VALUES ('470', '5', '46', 'Llochegua');
INSERT INTO `ubicacion_distrito` VALUES ('471', '5', '47', 'San Miguel');
INSERT INTO `ubicacion_distrito` VALUES ('472', '5', '47', 'Anco');
INSERT INTO `ubicacion_distrito` VALUES ('473', '5', '47', 'Ayna');
INSERT INTO `ubicacion_distrito` VALUES ('474', '5', '47', 'Chilcas');
INSERT INTO `ubicacion_distrito` VALUES ('475', '5', '47', 'Chungui');
INSERT INTO `ubicacion_distrito` VALUES ('476', '5', '47', 'Luis Carranza');
INSERT INTO `ubicacion_distrito` VALUES ('477', '1', '6', 'Santa Rosa');
INSERT INTO `ubicacion_distrito` VALUES ('478', '5', '47', 'Tambo');
INSERT INTO `ubicacion_distrito` VALUES ('479', '5', '48', 'Puquio');
INSERT INTO `ubicacion_distrito` VALUES ('480', '5', '48', 'Aucara');
INSERT INTO `ubicacion_distrito` VALUES ('481', '2', '22', 'Cabana');
INSERT INTO `ubicacion_distrito` VALUES ('482', '5', '48', 'Carmen Salcedo');
INSERT INTO `ubicacion_distrito` VALUES ('483', '5', '48', 'Chavia');
INSERT INTO `ubicacion_distrito` VALUES ('484', '5', '48', 'Chipao');
INSERT INTO `ubicacion_distrito` VALUES ('485', '5', '48', 'Huac-Huas');
INSERT INTO `ubicacion_distrito` VALUES ('486', '5', '48', 'Laramate');
INSERT INTO `ubicacion_distrito` VALUES ('487', '5', '48', 'Leoncio Prado');
INSERT INTO `ubicacion_distrito` VALUES ('488', '5', '48', 'Llauta');
INSERT INTO `ubicacion_distrito` VALUES ('489', '5', '48', 'Lucanas');
INSERT INTO `ubicacion_distrito` VALUES ('490', '5', '48', 'Ocaa');
INSERT INTO `ubicacion_distrito` VALUES ('491', '5', '48', 'Otoca');
INSERT INTO `ubicacion_distrito` VALUES ('492', '5', '48', 'Saisa');
INSERT INTO `ubicacion_distrito` VALUES ('493', '1', '5', 'San Cristobal');
INSERT INTO `ubicacion_distrito` VALUES ('494', '2', '26', 'San Juan');
INSERT INTO `ubicacion_distrito` VALUES ('495', '2', '21', 'San Pedro');
INSERT INTO `ubicacion_distrito` VALUES ('496', '5', '48', 'San Pedro De Palco');
INSERT INTO `ubicacion_distrito` VALUES ('497', '5', '45', 'Sancos');
INSERT INTO `ubicacion_distrito` VALUES ('498', '5', '48', 'Santa Ana De Huaycahuacho');
INSERT INTO `ubicacion_distrito` VALUES ('499', '5', '48', 'Santa Lucia');
INSERT INTO `ubicacion_distrito` VALUES ('500', '5', '49', 'Coracora');
INSERT INTO `ubicacion_distrito` VALUES ('501', '5', '49', 'Chumpi');
INSERT INTO `ubicacion_distrito` VALUES ('502', '5', '49', 'Coronel Castaeda');
INSERT INTO `ubicacion_distrito` VALUES ('503', '5', '49', 'Pacapausa');
INSERT INTO `ubicacion_distrito` VALUES ('504', '5', '49', 'Pullo');
INSERT INTO `ubicacion_distrito` VALUES ('505', '5', '49', 'Puyusca');
INSERT INTO `ubicacion_distrito` VALUES ('506', '5', '49', 'San Francisco De Ravacayco');
INSERT INTO `ubicacion_distrito` VALUES ('507', '5', '49', 'Upahuacho');
INSERT INTO `ubicacion_distrito` VALUES ('508', '5', '50', 'Pausa');
INSERT INTO `ubicacion_distrito` VALUES ('509', '5', '50', 'Colta');
INSERT INTO `ubicacion_distrito` VALUES ('510', '5', '50', 'Corculla');
INSERT INTO `ubicacion_distrito` VALUES ('511', '5', '50', 'Lampa');
INSERT INTO `ubicacion_distrito` VALUES ('512', '5', '50', 'Marcabamba');
INSERT INTO `ubicacion_distrito` VALUES ('513', '5', '50', 'Oyolo');
INSERT INTO `ubicacion_distrito` VALUES ('514', '5', '50', 'Pararca');
INSERT INTO `ubicacion_distrito` VALUES ('515', '5', '50', 'San Javier De Alpabamba');
INSERT INTO `ubicacion_distrito` VALUES ('516', '5', '50', 'San Jose De Ushua');
INSERT INTO `ubicacion_distrito` VALUES ('517', '5', '50', 'Sara Sara');
INSERT INTO `ubicacion_distrito` VALUES ('518', '5', '51', 'Querobamba');
INSERT INTO `ubicacion_distrito` VALUES ('519', '5', '51', 'Belen');
INSERT INTO `ubicacion_distrito` VALUES ('520', '5', '51', 'Chalcos');
INSERT INTO `ubicacion_distrito` VALUES ('521', '5', '51', 'Chilcayoc');
INSERT INTO `ubicacion_distrito` VALUES ('522', '5', '51', 'Huacaa');
INSERT INTO `ubicacion_distrito` VALUES ('523', '5', '51', 'Morcolla');
INSERT INTO `ubicacion_distrito` VALUES ('524', '5', '51', 'Paico');
INSERT INTO `ubicacion_distrito` VALUES ('525', '5', '51', 'San Pedro De Larcay');
INSERT INTO `ubicacion_distrito` VALUES ('526', '5', '51', 'San Salvador De Quije');
INSERT INTO `ubicacion_distrito` VALUES ('527', '5', '51', 'Santiago De Paucaray');
INSERT INTO `ubicacion_distrito` VALUES ('528', '5', '51', 'Soras');
INSERT INTO `ubicacion_distrito` VALUES ('529', '5', '52', 'Huancapi');
INSERT INTO `ubicacion_distrito` VALUES ('530', '5', '52', 'Alcamenca');
INSERT INTO `ubicacion_distrito` VALUES ('531', '5', '52', 'Apongo');
INSERT INTO `ubicacion_distrito` VALUES ('532', '5', '52', 'Asquipata');
INSERT INTO `ubicacion_distrito` VALUES ('533', '5', '52', 'Canaria');
INSERT INTO `ubicacion_distrito` VALUES ('534', '5', '52', 'Cayara');
INSERT INTO `ubicacion_distrito` VALUES ('535', '5', '52', 'Colca');
INSERT INTO `ubicacion_distrito` VALUES ('536', '5', '52', 'Huamanquiquia');
INSERT INTO `ubicacion_distrito` VALUES ('537', '5', '52', 'Huancaraylla');
INSERT INTO `ubicacion_distrito` VALUES ('538', '5', '52', 'Huaya');
INSERT INTO `ubicacion_distrito` VALUES ('539', '5', '52', 'Sarhua');
INSERT INTO `ubicacion_distrito` VALUES ('540', '5', '52', 'Vilcanchos');
INSERT INTO `ubicacion_distrito` VALUES ('541', '5', '53', 'Vilcas Huaman');
INSERT INTO `ubicacion_distrito` VALUES ('542', '5', '53', 'Accomarca');
INSERT INTO `ubicacion_distrito` VALUES ('543', '5', '53', 'Carhuanca');
INSERT INTO `ubicacion_distrito` VALUES ('544', '5', '53', 'Concepcion');
INSERT INTO `ubicacion_distrito` VALUES ('545', '5', '53', 'Huambalpa');
INSERT INTO `ubicacion_distrito` VALUES ('546', '2', '8', 'Independencia');
INSERT INTO `ubicacion_distrito` VALUES ('547', '5', '53', 'Saurama');
INSERT INTO `ubicacion_distrito` VALUES ('548', '5', '53', 'Vischongo');
INSERT INTO `ubicacion_distrito` VALUES ('549', '6', '54', 'Cajamarca');
INSERT INTO `ubicacion_distrito` VALUES ('550', '1', '1', 'Asuncion');
INSERT INTO `ubicacion_distrito` VALUES ('551', '6', '54', 'Chetilla');
INSERT INTO `ubicacion_distrito` VALUES ('552', '6', '54', 'Cospan');
INSERT INTO `ubicacion_distrito` VALUES ('553', '6', '54', 'Encaada');
INSERT INTO `ubicacion_distrito` VALUES ('554', '6', '54', 'Jesus');
INSERT INTO `ubicacion_distrito` VALUES ('555', '6', '54', 'Llacanora');
INSERT INTO `ubicacion_distrito` VALUES ('556', '6', '54', 'Los Baos Del Inca');
INSERT INTO `ubicacion_distrito` VALUES ('557', '1', '1', 'Magdalena');
INSERT INTO `ubicacion_distrito` VALUES ('558', '6', '54', 'Matara');
INSERT INTO `ubicacion_distrito` VALUES ('559', '6', '54', 'Namora');
INSERT INTO `ubicacion_distrito` VALUES ('560', '2', '26', 'San Juan');
INSERT INTO `ubicacion_distrito` VALUES ('561', '6', '55', 'Cajabamba');
INSERT INTO `ubicacion_distrito` VALUES ('562', '6', '55', 'Cachachi');
INSERT INTO `ubicacion_distrito` VALUES ('563', '6', '55', 'Condebamba');
INSERT INTO `ubicacion_distrito` VALUES ('564', '6', '55', 'Sitacocha');
INSERT INTO `ubicacion_distrito` VALUES ('565', '6', '56', 'Celendin');
INSERT INTO `ubicacion_distrito` VALUES ('566', '6', '56', 'Chumuch');
INSERT INTO `ubicacion_distrito` VALUES ('567', '6', '56', 'Cortegana');
INSERT INTO `ubicacion_distrito` VALUES ('568', '6', '56', 'Huasmin');
INSERT INTO `ubicacion_distrito` VALUES ('569', '6', '56', 'Jorge Chavez');
INSERT INTO `ubicacion_distrito` VALUES ('570', '6', '56', 'Jose Galvez');
INSERT INTO `ubicacion_distrito` VALUES ('571', '6', '56', 'Miguel Iglesias');
INSERT INTO `ubicacion_distrito` VALUES ('572', '6', '56', 'Oxamarca');
INSERT INTO `ubicacion_distrito` VALUES ('573', '6', '56', 'Sorochuco');
INSERT INTO `ubicacion_distrito` VALUES ('574', '6', '56', 'Sucre');
INSERT INTO `ubicacion_distrito` VALUES ('575', '6', '56', 'Utco');
INSERT INTO `ubicacion_distrito` VALUES ('576', '6', '56', 'La Libertad De Pallan');
INSERT INTO `ubicacion_distrito` VALUES ('577', '6', '57', 'Chota');
INSERT INTO `ubicacion_distrito` VALUES ('578', '6', '57', 'Anguia');
INSERT INTO `ubicacion_distrito` VALUES ('579', '6', '57', 'Chadin');
INSERT INTO `ubicacion_distrito` VALUES ('580', '6', '57', 'Chiguirip');
INSERT INTO `ubicacion_distrito` VALUES ('581', '6', '57', 'Chimban');
INSERT INTO `ubicacion_distrito` VALUES ('582', '6', '57', 'Choropampa');
INSERT INTO `ubicacion_distrito` VALUES ('583', '2', '8', 'Cochabamba');
INSERT INTO `ubicacion_distrito` VALUES ('584', '6', '57', 'Conchan');
INSERT INTO `ubicacion_distrito` VALUES ('585', '6', '57', 'Huambos');
INSERT INTO `ubicacion_distrito` VALUES ('586', '6', '57', 'Lajas');
INSERT INTO `ubicacion_distrito` VALUES ('587', '2', '20', 'Llama');
INSERT INTO `ubicacion_distrito` VALUES ('588', '6', '57', 'Miracosta');
INSERT INTO `ubicacion_distrito` VALUES ('589', '6', '57', 'Paccha');
INSERT INTO `ubicacion_distrito` VALUES ('590', '6', '57', 'Pion');
INSERT INTO `ubicacion_distrito` VALUES ('591', '6', '57', 'Querocoto');
INSERT INTO `ubicacion_distrito` VALUES ('592', '6', '57', 'San Juan De Licupis');
INSERT INTO `ubicacion_distrito` VALUES ('593', '6', '57', 'Tacabamba');
INSERT INTO `ubicacion_distrito` VALUES ('594', '6', '57', 'Tocmoche');
INSERT INTO `ubicacion_distrito` VALUES ('595', '6', '57', 'Chalamarca');
INSERT INTO `ubicacion_distrito` VALUES ('596', '6', '58', 'Contumaza');
INSERT INTO `ubicacion_distrito` VALUES ('597', '6', '58', 'Chilete');
INSERT INTO `ubicacion_distrito` VALUES ('598', '6', '58', 'Cupisnique');
INSERT INTO `ubicacion_distrito` VALUES ('599', '6', '58', 'Guzmango');
INSERT INTO `ubicacion_distrito` VALUES ('600', '6', '58', 'San Benito');
INSERT INTO `ubicacion_distrito` VALUES ('601', '6', '58', 'Santa Cruz De Toled');
INSERT INTO `ubicacion_distrito` VALUES ('602', '6', '58', 'Tantarica');
INSERT INTO `ubicacion_distrito` VALUES ('603', '6', '58', 'Yonan');
INSERT INTO `ubicacion_distrito` VALUES ('604', '6', '59', 'Cutervo');
INSERT INTO `ubicacion_distrito` VALUES ('605', '6', '59', 'Callayuc');
INSERT INTO `ubicacion_distrito` VALUES ('606', '6', '59', 'Choros');
INSERT INTO `ubicacion_distrito` VALUES ('607', '6', '59', 'Cujillo');
INSERT INTO `ubicacion_distrito` VALUES ('608', '6', '59', 'La Ramada');
INSERT INTO `ubicacion_distrito` VALUES ('609', '6', '59', 'Pimpingos');
INSERT INTO `ubicacion_distrito` VALUES ('610', '6', '59', 'Querocotillo');
INSERT INTO `ubicacion_distrito` VALUES ('611', '6', '59', 'San Andres De Cutervo');
INSERT INTO `ubicacion_distrito` VALUES ('612', '6', '59', 'San Juan De Cutervo');
INSERT INTO `ubicacion_distrito` VALUES ('613', '6', '59', 'San Luis De Lucma');
INSERT INTO `ubicacion_distrito` VALUES ('614', '2', '19', 'Santa Cruz');
INSERT INTO `ubicacion_distrito` VALUES ('615', '6', '59', 'Santo Domingo De La Capilla');
INSERT INTO `ubicacion_distrito` VALUES ('616', '1', '5', 'Santo Tomas');
INSERT INTO `ubicacion_distrito` VALUES ('617', '6', '59', 'Socota');
INSERT INTO `ubicacion_distrito` VALUES ('618', '6', '59', 'Toribio Casanova');
INSERT INTO `ubicacion_distrito` VALUES ('619', '6', '60', 'Bambamarca');
INSERT INTO `ubicacion_distrito` VALUES ('620', '6', '60', 'Chugur');
INSERT INTO `ubicacion_distrito` VALUES ('621', '6', '60', 'Hualgayoc');
INSERT INTO `ubicacion_distrito` VALUES ('622', '6', '61', 'Jaen');
INSERT INTO `ubicacion_distrito` VALUES ('623', '6', '61', 'Bellavista');
INSERT INTO `ubicacion_distrito` VALUES ('624', '6', '61', 'Chontali');
INSERT INTO `ubicacion_distrito` VALUES ('625', '6', '61', 'Colasay');
INSERT INTO `ubicacion_distrito` VALUES ('626', '6', '61', 'Huabal');
INSERT INTO `ubicacion_distrito` VALUES ('627', '6', '61', 'Las Pirias');
INSERT INTO `ubicacion_distrito` VALUES ('628', '6', '61', 'Pomahuaca');
INSERT INTO `ubicacion_distrito` VALUES ('629', '6', '61', 'Pucara');
INSERT INTO `ubicacion_distrito` VALUES ('630', '6', '61', 'Sallique');
INSERT INTO `ubicacion_distrito` VALUES ('631', '6', '61', 'San Felipe');
INSERT INTO `ubicacion_distrito` VALUES ('632', '6', '61', 'San Jose Del Alto');
INSERT INTO `ubicacion_distrito` VALUES ('633', '1', '6', 'Santa Rosa');
INSERT INTO `ubicacion_distrito` VALUES ('634', '6', '62', 'San Ignacio');
INSERT INTO `ubicacion_distrito` VALUES ('635', '6', '62', 'Chirinos');
INSERT INTO `ubicacion_distrito` VALUES ('636', '6', '62', 'Huarango');
INSERT INTO `ubicacion_distrito` VALUES ('637', '6', '62', 'La Coipa');
INSERT INTO `ubicacion_distrito` VALUES ('638', '6', '62', 'Namballe');
INSERT INTO `ubicacion_distrito` VALUES ('639', '6', '62', 'San Jose De Lourdes');
INSERT INTO `ubicacion_distrito` VALUES ('640', '6', '62', 'Tabaconas');
INSERT INTO `ubicacion_distrito` VALUES ('641', '6', '63', 'Pedro Galvez');
INSERT INTO `ubicacion_distrito` VALUES ('642', '6', '63', 'Chancay');
INSERT INTO `ubicacion_distrito` VALUES ('643', '6', '63', 'Eduardo Villanueva');
INSERT INTO `ubicacion_distrito` VALUES ('644', '6', '63', 'Gregorio Pita');
INSERT INTO `ubicacion_distrito` VALUES ('645', '6', '63', 'Ichocan');
INSERT INTO `ubicacion_distrito` VALUES ('646', '6', '63', 'Jose Manuel Quiroz');
INSERT INTO `ubicacion_distrito` VALUES ('647', '6', '63', 'Jose Sabogal');
INSERT INTO `ubicacion_distrito` VALUES ('648', '5', '47', 'San Miguel');
INSERT INTO `ubicacion_distrito` VALUES ('649', '6', '64', 'Bolivar');
INSERT INTO `ubicacion_distrito` VALUES ('650', '6', '64', 'Calquis');
INSERT INTO `ubicacion_distrito` VALUES ('651', '6', '64', 'Catilluc');
INSERT INTO `ubicacion_distrito` VALUES ('652', '6', '64', 'El Prado');
INSERT INTO `ubicacion_distrito` VALUES ('653', '6', '64', 'La Florida');
INSERT INTO `ubicacion_distrito` VALUES ('654', '6', '64', 'Llapa');
INSERT INTO `ubicacion_distrito` VALUES ('655', '6', '64', 'Nanchoc');
INSERT INTO `ubicacion_distrito` VALUES ('656', '6', '64', 'Niepos');
INSERT INTO `ubicacion_distrito` VALUES ('657', '6', '64', 'San Gregorio');
INSERT INTO `ubicacion_distrito` VALUES ('658', '6', '64', 'San Silvestre De Cochan');
INSERT INTO `ubicacion_distrito` VALUES ('659', '6', '64', 'Tongod');
INSERT INTO `ubicacion_distrito` VALUES ('660', '6', '64', 'Union Agua Blanca');
INSERT INTO `ubicacion_distrito` VALUES ('661', '6', '65', 'San Pablo');
INSERT INTO `ubicacion_distrito` VALUES ('662', '6', '65', 'San Bernardino');
INSERT INTO `ubicacion_distrito` VALUES ('663', '2', '14', 'San Luis');
INSERT INTO `ubicacion_distrito` VALUES ('664', '6', '65', 'Tumbaden');
INSERT INTO `ubicacion_distrito` VALUES ('665', '2', '19', 'Santa Cruz');
INSERT INTO `ubicacion_distrito` VALUES ('666', '6', '66', 'Andabamba');
INSERT INTO `ubicacion_distrito` VALUES ('667', '6', '66', 'Catache');
INSERT INTO `ubicacion_distrito` VALUES ('668', '6', '66', 'Chancaybaos');
INSERT INTO `ubicacion_distrito` VALUES ('669', '6', '66', 'La Esperanza');
INSERT INTO `ubicacion_distrito` VALUES ('670', '6', '66', 'Ninabamba');
INSERT INTO `ubicacion_distrito` VALUES ('671', '6', '66', 'Pulan');
INSERT INTO `ubicacion_distrito` VALUES ('672', '6', '66', 'Saucepampa');
INSERT INTO `ubicacion_distrito` VALUES ('673', '6', '66', 'Sexi');
INSERT INTO `ubicacion_distrito` VALUES ('674', '6', '66', 'Uticyacu');
INSERT INTO `ubicacion_distrito` VALUES ('675', '6', '66', 'Yauyucan');
INSERT INTO `ubicacion_distrito` VALUES ('676', '7', '67', 'Callao');
INSERT INTO `ubicacion_distrito` VALUES ('677', '6', '61', 'Bellavista');
INSERT INTO `ubicacion_distrito` VALUES ('678', '7', '67', 'Carmen De La Legua Reynoso');
INSERT INTO `ubicacion_distrito` VALUES ('679', '7', '67', 'La Perla');
INSERT INTO `ubicacion_distrito` VALUES ('680', '7', '67', 'La Punta');
INSERT INTO `ubicacion_distrito` VALUES ('681', '7', '67', 'Ventanilla');
INSERT INTO `ubicacion_distrito` VALUES ('682', '8', '68', 'Cusco');
INSERT INTO `ubicacion_distrito` VALUES ('683', '8', '68', 'Ccorca');
INSERT INTO `ubicacion_distrito` VALUES ('684', '8', '68', 'Poroy');
INSERT INTO `ubicacion_distrito` VALUES ('685', '1', '5', 'San Jeronimo');
INSERT INTO `ubicacion_distrito` VALUES ('686', '8', '68', 'San Sebastian');
INSERT INTO `ubicacion_distrito` VALUES ('687', '8', '68', 'Santiago');
INSERT INTO `ubicacion_distrito` VALUES ('688', '8', '68', 'Saylla');
INSERT INTO `ubicacion_distrito` VALUES ('689', '8', '68', 'Wanchaq');
INSERT INTO `ubicacion_distrito` VALUES ('690', '8', '69', 'Acomayo');
INSERT INTO `ubicacion_distrito` VALUES ('691', '8', '69', 'Acopia');
INSERT INTO `ubicacion_distrito` VALUES ('692', '8', '69', 'Acos');
INSERT INTO `ubicacion_distrito` VALUES ('693', '8', '69', 'Mosoc Llacta');
INSERT INTO `ubicacion_distrito` VALUES ('694', '8', '69', 'Pomacanchi');
INSERT INTO `ubicacion_distrito` VALUES ('695', '8', '69', 'Rondocan');
INSERT INTO `ubicacion_distrito` VALUES ('696', '8', '69', 'Sangarara');
INSERT INTO `ubicacion_distrito` VALUES ('697', '2', '13', 'Anta');
INSERT INTO `ubicacion_distrito` VALUES ('698', '8', '70', 'Ancahuasi');
INSERT INTO `ubicacion_distrito` VALUES ('699', '8', '70', 'Cachimayo');
INSERT INTO `ubicacion_distrito` VALUES ('700', '8', '70', 'Chinchaypujio');
INSERT INTO `ubicacion_distrito` VALUES ('701', '8', '70', 'Huarocondo');
INSERT INTO `ubicacion_distrito` VALUES ('702', '8', '70', 'Limatambo');
INSERT INTO `ubicacion_distrito` VALUES ('703', '8', '70', 'Mollepata');
INSERT INTO `ubicacion_distrito` VALUES ('704', '8', '70', 'Pucyura');
INSERT INTO `ubicacion_distrito` VALUES ('705', '8', '70', 'Zurite');
INSERT INTO `ubicacion_distrito` VALUES ('706', '8', '71', 'Calca');
INSERT INTO `ubicacion_distrito` VALUES ('707', '8', '71', 'Coya');
INSERT INTO `ubicacion_distrito` VALUES ('708', '8', '71', 'Lamay');
INSERT INTO `ubicacion_distrito` VALUES ('709', '8', '71', 'Lares');
INSERT INTO `ubicacion_distrito` VALUES ('710', '8', '71', 'Pisac');
INSERT INTO `ubicacion_distrito` VALUES ('711', '8', '71', 'San Salvador');
INSERT INTO `ubicacion_distrito` VALUES ('712', '8', '71', 'Taray');
INSERT INTO `ubicacion_distrito` VALUES ('713', '8', '71', 'Yanatile');
INSERT INTO `ubicacion_distrito` VALUES ('714', '8', '72', 'Yanaoca');
INSERT INTO `ubicacion_distrito` VALUES ('715', '8', '72', 'Checca');
INSERT INTO `ubicacion_distrito` VALUES ('716', '8', '72', 'Kunturkanki');
INSERT INTO `ubicacion_distrito` VALUES ('717', '8', '72', 'Langui');
INSERT INTO `ubicacion_distrito` VALUES ('718', '8', '72', 'Layo');
INSERT INTO `ubicacion_distrito` VALUES ('719', '4', '42', 'Pampamarca');
INSERT INTO `ubicacion_distrito` VALUES ('720', '8', '72', 'Quehue');
INSERT INTO `ubicacion_distrito` VALUES ('721', '8', '72', 'Tupac Amaru');
INSERT INTO `ubicacion_distrito` VALUES ('722', '8', '73', 'Sicuani');
INSERT INTO `ubicacion_distrito` VALUES ('723', '8', '73', 'Checacupe');
INSERT INTO `ubicacion_distrito` VALUES ('724', '8', '73', 'Combapata');
INSERT INTO `ubicacion_distrito` VALUES ('725', '8', '73', 'Marangani');
INSERT INTO `ubicacion_distrito` VALUES ('726', '8', '73', 'Pitumarca');
INSERT INTO `ubicacion_distrito` VALUES ('727', '6', '65', 'San Pablo');
INSERT INTO `ubicacion_distrito` VALUES ('728', '2', '21', 'San Pedro');
INSERT INTO `ubicacion_distrito` VALUES ('729', '8', '73', 'Tinta');
INSERT INTO `ubicacion_distrito` VALUES ('730', '1', '5', 'Santo Tomas');
INSERT INTO `ubicacion_distrito` VALUES ('731', '8', '74', 'Capacmarca');
INSERT INTO `ubicacion_distrito` VALUES ('732', '8', '74', 'Chamaca');
INSERT INTO `ubicacion_distrito` VALUES ('733', '8', '74', 'Colquemarca');
INSERT INTO `ubicacion_distrito` VALUES ('734', '8', '74', 'Livitaca');
INSERT INTO `ubicacion_distrito` VALUES ('735', '8', '74', 'Llusco');
INSERT INTO `ubicacion_distrito` VALUES ('736', '8', '74', 'Quiota');
INSERT INTO `ubicacion_distrito` VALUES ('737', '8', '74', 'Velille');
INSERT INTO `ubicacion_distrito` VALUES ('738', '8', '75', 'Espinar');
INSERT INTO `ubicacion_distrito` VALUES ('739', '8', '75', 'Condoroma');
INSERT INTO `ubicacion_distrito` VALUES ('740', '4', '39', 'Coporaque');
INSERT INTO `ubicacion_distrito` VALUES ('741', '8', '75', 'Ocoruro');
INSERT INTO `ubicacion_distrito` VALUES ('742', '8', '75', 'Pallpata');
INSERT INTO `ubicacion_distrito` VALUES ('743', '8', '75', 'Pichigua');
INSERT INTO `ubicacion_distrito` VALUES ('744', '8', '75', 'Suyckutambo');
INSERT INTO `ubicacion_distrito` VALUES ('745', '8', '75', 'Alto Pichigua');
INSERT INTO `ubicacion_distrito` VALUES ('746', '8', '76', 'Santa Ana');
INSERT INTO `ubicacion_distrito` VALUES ('747', '8', '76', 'Echarate');
INSERT INTO `ubicacion_distrito` VALUES ('748', '8', '76', 'Huayopata');
INSERT INTO `ubicacion_distrito` VALUES ('749', '8', '76', 'Maranura');
INSERT INTO `ubicacion_distrito` VALUES ('750', '3', '33', 'Ocobamba');
INSERT INTO `ubicacion_distrito` VALUES ('751', '8', '76', 'Quellouno');
INSERT INTO `ubicacion_distrito` VALUES ('752', '8', '76', 'Kimbiri');
INSERT INTO `ubicacion_distrito` VALUES ('753', '8', '76', 'Santa Teresa');
INSERT INTO `ubicacion_distrito` VALUES ('754', '3', '34', 'Vilcabamba');
INSERT INTO `ubicacion_distrito` VALUES ('755', '8', '76', 'Pichari');
INSERT INTO `ubicacion_distrito` VALUES ('756', '8', '77', 'Paruro');
INSERT INTO `ubicacion_distrito` VALUES ('757', '8', '77', 'Accha');
INSERT INTO `ubicacion_distrito` VALUES ('758', '8', '77', 'Ccapi');
INSERT INTO `ubicacion_distrito` VALUES ('759', '8', '77', 'Colcha');
INSERT INTO `ubicacion_distrito` VALUES ('760', '8', '77', 'Huanoquite');
INSERT INTO `ubicacion_distrito` VALUES ('761', '8', '77', 'Omacha');
INSERT INTO `ubicacion_distrito` VALUES ('762', '8', '77', 'Paccaritambo');
INSERT INTO `ubicacion_distrito` VALUES ('763', '8', '77', 'Pillpinto');
INSERT INTO `ubicacion_distrito` VALUES ('764', '8', '77', 'Yaurisque');
INSERT INTO `ubicacion_distrito` VALUES ('765', '8', '78', 'Paucartambo');
INSERT INTO `ubicacion_distrito` VALUES ('766', '8', '78', 'Caicay');
INSERT INTO `ubicacion_distrito` VALUES ('767', '8', '78', 'Challabamba');
INSERT INTO `ubicacion_distrito` VALUES ('768', '8', '78', 'Colquepata');
INSERT INTO `ubicacion_distrito` VALUES ('769', '8', '78', 'Huancarani');
INSERT INTO `ubicacion_distrito` VALUES ('770', '8', '78', 'Kosipata');
INSERT INTO `ubicacion_distrito` VALUES ('771', '8', '79', 'Urcos');
INSERT INTO `ubicacion_distrito` VALUES ('772', '8', '79', 'Andahuaylillas');
INSERT INTO `ubicacion_distrito` VALUES ('773', '8', '79', 'Camanti');
INSERT INTO `ubicacion_distrito` VALUES ('774', '8', '79', 'Ccarhuayo');
INSERT INTO `ubicacion_distrito` VALUES ('775', '8', '79', 'Ccatca');
INSERT INTO `ubicacion_distrito` VALUES ('776', '8', '79', 'Cusipata');
INSERT INTO `ubicacion_distrito` VALUES ('777', '8', '79', 'Huaro');
INSERT INTO `ubicacion_distrito` VALUES ('778', '3', '31', 'Lucre');
INSERT INTO `ubicacion_distrito` VALUES ('779', '8', '79', 'Marcapata');
INSERT INTO `ubicacion_distrito` VALUES ('780', '8', '79', 'Ocongate');
INSERT INTO `ubicacion_distrito` VALUES ('781', '3', '30', 'Oropesa');
INSERT INTO `ubicacion_distrito` VALUES ('782', '8', '79', 'Quiquijana');
INSERT INTO `ubicacion_distrito` VALUES ('783', '8', '80', 'Urubamba');
INSERT INTO `ubicacion_distrito` VALUES ('784', '8', '80', 'Chinchero');
INSERT INTO `ubicacion_distrito` VALUES ('785', '2', '26', 'Huayllabamba');
INSERT INTO `ubicacion_distrito` VALUES ('786', '8', '80', 'Machupicchu');
INSERT INTO `ubicacion_distrito` VALUES ('787', '8', '80', 'Maras');
INSERT INTO `ubicacion_distrito` VALUES ('788', '8', '80', 'Ollantaytambo');
INSERT INTO `ubicacion_distrito` VALUES ('789', '8', '80', 'Yucay');
INSERT INTO `ubicacion_distrito` VALUES ('790', '9', '81', 'Huancavelica');
INSERT INTO `ubicacion_distrito` VALUES ('791', '9', '81', 'Acobambilla');
INSERT INTO `ubicacion_distrito` VALUES ('792', '9', '81', 'Acoria');
INSERT INTO `ubicacion_distrito` VALUES ('793', '9', '81', 'Conayca');
INSERT INTO `ubicacion_distrito` VALUES ('794', '9', '81', 'Cuenca');
INSERT INTO `ubicacion_distrito` VALUES ('795', '9', '81', 'Huachocolpa');
INSERT INTO `ubicacion_distrito` VALUES ('796', '9', '81', 'Huayllahuara');
INSERT INTO `ubicacion_distrito` VALUES ('797', '9', '81', 'Izcuchaca');
INSERT INTO `ubicacion_distrito` VALUES ('798', '9', '81', 'Laria');
INSERT INTO `ubicacion_distrito` VALUES ('799', '9', '81', 'Manta');
INSERT INTO `ubicacion_distrito` VALUES ('800', '4', '36', 'Mariscal Caceres');
INSERT INTO `ubicacion_distrito` VALUES ('801', '9', '81', 'Moya');
INSERT INTO `ubicacion_distrito` VALUES ('802', '9', '81', 'Nuevo Occoro');
INSERT INTO `ubicacion_distrito` VALUES ('803', '9', '81', 'Palca');
INSERT INTO `ubicacion_distrito` VALUES ('804', '9', '81', 'Pilchaca');
INSERT INTO `ubicacion_distrito` VALUES ('805', '9', '81', 'Vilca');
INSERT INTO `ubicacion_distrito` VALUES ('806', '9', '81', 'Yauli');
INSERT INTO `ubicacion_distrito` VALUES ('807', '9', '81', 'Ascension');
INSERT INTO `ubicacion_distrito` VALUES ('808', '2', '26', 'Acobamba');
INSERT INTO `ubicacion_distrito` VALUES ('809', '6', '66', 'Andabamba');
INSERT INTO `ubicacion_distrito` VALUES ('810', '2', '13', 'Anta');
INSERT INTO `ubicacion_distrito` VALUES ('811', '9', '82', 'Caja');
INSERT INTO `ubicacion_distrito` VALUES ('812', '9', '82', 'Marcas');
INSERT INTO `ubicacion_distrito` VALUES ('813', '9', '82', 'Paucara');
INSERT INTO `ubicacion_distrito` VALUES ('814', '3', '29', 'Pomacocha');
INSERT INTO `ubicacion_distrito` VALUES ('815', '9', '82', 'Rosario');
INSERT INTO `ubicacion_distrito` VALUES ('816', '9', '83', 'Lircay');
INSERT INTO `ubicacion_distrito` VALUES ('817', '9', '83', 'Anchonga');
INSERT INTO `ubicacion_distrito` VALUES ('818', '9', '83', 'Callanmarca');
INSERT INTO `ubicacion_distrito` VALUES ('819', '9', '83', 'Ccochaccasa');
INSERT INTO `ubicacion_distrito` VALUES ('820', '9', '83', 'Chincho');
INSERT INTO `ubicacion_distrito` VALUES ('821', '9', '83', 'Congalla');
INSERT INTO `ubicacion_distrito` VALUES ('822', '9', '83', 'Huanca-Huanca');
INSERT INTO `ubicacion_distrito` VALUES ('823', '9', '83', 'Huayllay Grande');
INSERT INTO `ubicacion_distrito` VALUES ('824', '9', '83', 'Julcamarca');
INSERT INTO `ubicacion_distrito` VALUES ('825', '9', '83', 'San Antonio De Antaparco');
INSERT INTO `ubicacion_distrito` VALUES ('826', '9', '83', 'Santo Tomas De Pata');
INSERT INTO `ubicacion_distrito` VALUES ('827', '9', '83', 'Secclla');
INSERT INTO `ubicacion_distrito` VALUES ('828', '9', '84', 'Castrovirreyna');
INSERT INTO `ubicacion_distrito` VALUES ('829', '9', '84', 'Arma');
INSERT INTO `ubicacion_distrito` VALUES ('830', '9', '84', 'Aurahua');
INSERT INTO `ubicacion_distrito` VALUES ('831', '9', '84', 'Capillas');
INSERT INTO `ubicacion_distrito` VALUES ('832', '9', '84', 'Chupamarca');
INSERT INTO `ubicacion_distrito` VALUES ('833', '9', '84', 'Cocas');
INSERT INTO `ubicacion_distrito` VALUES ('834', '9', '84', 'Huachos');
INSERT INTO `ubicacion_distrito` VALUES ('835', '9', '84', 'Huamatambo');
INSERT INTO `ubicacion_distrito` VALUES ('836', '9', '84', 'Mollepampa');
INSERT INTO `ubicacion_distrito` VALUES ('837', '2', '26', 'San Juan');
INSERT INTO `ubicacion_distrito` VALUES ('838', '8', '76', 'Santa Ana');
INSERT INTO `ubicacion_distrito` VALUES ('839', '9', '84', 'Tantara');
INSERT INTO `ubicacion_distrito` VALUES ('840', '9', '84', 'Ticrapo');
INSERT INTO `ubicacion_distrito` VALUES ('841', '9', '85', 'Churcampa');
INSERT INTO `ubicacion_distrito` VALUES ('842', '5', '47', 'Anco');
INSERT INTO `ubicacion_distrito` VALUES ('843', '9', '85', 'Chinchihuasi');
INSERT INTO `ubicacion_distrito` VALUES ('844', '9', '85', 'El Carmen');
INSERT INTO `ubicacion_distrito` VALUES ('845', '2', '9', 'La Merced');
INSERT INTO `ubicacion_distrito` VALUES ('846', '9', '85', 'Locroja');
INSERT INTO `ubicacion_distrito` VALUES ('847', '9', '85', 'Paucarbamba');
INSERT INTO `ubicacion_distrito` VALUES ('848', '9', '85', 'San Miguel De Mayocc');
INSERT INTO `ubicacion_distrito` VALUES ('849', '9', '85', 'San Pedro De Coris');
INSERT INTO `ubicacion_distrito` VALUES ('850', '9', '85', 'Pachamarca');
INSERT INTO `ubicacion_distrito` VALUES ('851', '9', '86', 'Huaytara');
INSERT INTO `ubicacion_distrito` VALUES ('852', '9', '86', 'Ayavi');
INSERT INTO `ubicacion_distrito` VALUES ('853', '9', '86', 'Cordova');
INSERT INTO `ubicacion_distrito` VALUES ('854', '9', '86', 'Huayacundo Arma');
INSERT INTO `ubicacion_distrito` VALUES ('855', '9', '86', 'Laramarca');
INSERT INTO `ubicacion_distrito` VALUES ('856', '9', '86', 'Ocoyo');
INSERT INTO `ubicacion_distrito` VALUES ('857', '9', '86', 'Pilpichaca');
INSERT INTO `ubicacion_distrito` VALUES ('858', '9', '86', 'Querco');
INSERT INTO `ubicacion_distrito` VALUES ('859', '9', '86', 'Quito-Arma');
INSERT INTO `ubicacion_distrito` VALUES ('860', '9', '86', 'San Antonio De Cusicancha');
INSERT INTO `ubicacion_distrito` VALUES ('861', '9', '86', 'San Francisco De Sangayaico');
INSERT INTO `ubicacion_distrito` VALUES ('862', '9', '86', 'San Isidro');
INSERT INTO `ubicacion_distrito` VALUES ('863', '9', '86', 'Santiago De Chocorvos');
INSERT INTO `ubicacion_distrito` VALUES ('864', '9', '86', 'Santiago De Quirahuara');
INSERT INTO `ubicacion_distrito` VALUES ('865', '9', '86', 'Santo Domingo De Capillas');
INSERT INTO `ubicacion_distrito` VALUES ('866', '5', '47', 'Tambo');
INSERT INTO `ubicacion_distrito` VALUES ('867', '2', '8', 'Pampas');
INSERT INTO `ubicacion_distrito` VALUES ('868', '9', '87', 'Acostambo');
INSERT INTO `ubicacion_distrito` VALUES ('869', '9', '87', 'Acraquia');
INSERT INTO `ubicacion_distrito` VALUES ('870', '9', '87', 'Ahuaycha');
INSERT INTO `ubicacion_distrito` VALUES ('871', '2', '8', 'Colcabamba');
INSERT INTO `ubicacion_distrito` VALUES ('872', '9', '87', 'Daniel Hernandez');
INSERT INTO `ubicacion_distrito` VALUES ('873', '9', '81', 'Huachocolpa');
INSERT INTO `ubicacion_distrito` VALUES ('874', '9', '87', 'Huando');
INSERT INTO `ubicacion_distrito` VALUES ('875', '9', '87', 'Huaribamba');
INSERT INTO `ubicacion_distrito` VALUES ('876', '9', '87', 'ahuimpuquio');
INSERT INTO `ubicacion_distrito` VALUES ('877', '9', '87', 'Pazos');
INSERT INTO `ubicacion_distrito` VALUES ('878', '9', '87', 'Quishuar');
INSERT INTO `ubicacion_distrito` VALUES ('879', '9', '87', 'Salcabamba');
INSERT INTO `ubicacion_distrito` VALUES ('880', '9', '87', 'Salcahuasi');
INSERT INTO `ubicacion_distrito` VALUES ('881', '9', '87', 'San Marcos De Rocchac');
INSERT INTO `ubicacion_distrito` VALUES ('882', '9', '87', 'Surcubamba');
INSERT INTO `ubicacion_distrito` VALUES ('883', '9', '87', 'Tintay Puncu');
INSERT INTO `ubicacion_distrito` VALUES ('884', '10', '88', 'Huanuco');
INSERT INTO `ubicacion_distrito` VALUES ('885', '10', '88', 'Amarilis');
INSERT INTO `ubicacion_distrito` VALUES ('886', '10', '88', 'Chinchao');
INSERT INTO `ubicacion_distrito` VALUES ('887', '10', '88', 'Churubamba');
INSERT INTO `ubicacion_distrito` VALUES ('888', '10', '88', 'Margos');
INSERT INTO `ubicacion_distrito` VALUES ('889', '10', '88', 'Quisqui');
INSERT INTO `ubicacion_distrito` VALUES ('890', '10', '88', 'San Francisco De Cayran');
INSERT INTO `ubicacion_distrito` VALUES ('891', '10', '88', 'San Pedro De Chaulan');
INSERT INTO `ubicacion_distrito` VALUES ('892', '10', '88', 'Santa Maria Del Valle');
INSERT INTO `ubicacion_distrito` VALUES ('893', '10', '88', 'Yarumayo');
INSERT INTO `ubicacion_distrito` VALUES ('894', '10', '88', 'Pillco Marca');
INSERT INTO `ubicacion_distrito` VALUES ('895', '10', '89', 'Ambo');
INSERT INTO `ubicacion_distrito` VALUES ('896', '10', '89', 'Cayna');
INSERT INTO `ubicacion_distrito` VALUES ('897', '10', '89', 'Colpas');
INSERT INTO `ubicacion_distrito` VALUES ('898', '10', '89', 'Conchamarca');
INSERT INTO `ubicacion_distrito` VALUES ('899', '10', '89', 'Huacar');
INSERT INTO `ubicacion_distrito` VALUES ('900', '10', '89', 'San Francisco');
INSERT INTO `ubicacion_distrito` VALUES ('901', '10', '89', 'San Rafael');
INSERT INTO `ubicacion_distrito` VALUES ('902', '10', '89', 'Tomay Kichwa');
INSERT INTO `ubicacion_distrito` VALUES ('903', '10', '90', 'La Union');
INSERT INTO `ubicacion_distrito` VALUES ('904', '10', '90', 'Chuquis');
INSERT INTO `ubicacion_distrito` VALUES ('905', '10', '90', 'Marias');
INSERT INTO `ubicacion_distrito` VALUES ('906', '10', '90', 'Pachas');
INSERT INTO `ubicacion_distrito` VALUES ('907', '10', '90', 'Quivilla');
INSERT INTO `ubicacion_distrito` VALUES ('908', '10', '90', 'Ripan');
INSERT INTO `ubicacion_distrito` VALUES ('909', '10', '90', 'Shunqui');
INSERT INTO `ubicacion_distrito` VALUES ('910', '10', '90', 'Sillapata');
INSERT INTO `ubicacion_distrito` VALUES ('911', '10', '90', 'Yanas');
INSERT INTO `ubicacion_distrito` VALUES ('912', '10', '91', 'Huacaybamba');
INSERT INTO `ubicacion_distrito` VALUES ('913', '10', '91', 'Canchabamba');
INSERT INTO `ubicacion_distrito` VALUES ('914', '2', '8', 'Cochabamba');
INSERT INTO `ubicacion_distrito` VALUES ('915', '10', '91', 'Pinra');
INSERT INTO `ubicacion_distrito` VALUES ('916', '10', '92', 'Llata');
INSERT INTO `ubicacion_distrito` VALUES ('917', '10', '92', 'Arancay');
INSERT INTO `ubicacion_distrito` VALUES ('918', '10', '92', 'Chavin De Pariarca');
INSERT INTO `ubicacion_distrito` VALUES ('919', '10', '92', 'Jacas Grande');
INSERT INTO `ubicacion_distrito` VALUES ('920', '10', '92', 'Jircan');
INSERT INTO `ubicacion_distrito` VALUES ('921', '4', '35', 'Miraflores');
INSERT INTO `ubicacion_distrito` VALUES ('922', '10', '92', 'Monzon');
INSERT INTO `ubicacion_distrito` VALUES ('923', '10', '92', 'Punchao');
INSERT INTO `ubicacion_distrito` VALUES ('924', '10', '92', 'Puos');
INSERT INTO `ubicacion_distrito` VALUES ('925', '10', '92', 'Singa');
INSERT INTO `ubicacion_distrito` VALUES ('926', '10', '92', 'Tantamayo');
INSERT INTO `ubicacion_distrito` VALUES ('927', '10', '93', 'Rupa-Rupa');
INSERT INTO `ubicacion_distrito` VALUES ('928', '10', '93', 'Daniel Alomia Robles');
INSERT INTO `ubicacion_distrito` VALUES ('929', '10', '93', 'Hermilio Valdizan');
INSERT INTO `ubicacion_distrito` VALUES ('930', '10', '93', 'Jose Crespo Y Castillo');
INSERT INTO `ubicacion_distrito` VALUES ('931', '10', '93', 'Luyando');
INSERT INTO `ubicacion_distrito` VALUES ('932', '10', '93', 'Mariano Damaso Beraun');
INSERT INTO `ubicacion_distrito` VALUES ('933', '10', '94', 'Huacrachuco');
INSERT INTO `ubicacion_distrito` VALUES ('934', '10', '94', 'Cholon');
INSERT INTO `ubicacion_distrito` VALUES ('935', '10', '94', 'San Buenaventura');
INSERT INTO `ubicacion_distrito` VALUES ('936', '10', '95', 'Panao');
INSERT INTO `ubicacion_distrito` VALUES ('937', '10', '95', 'Chaglla');
INSERT INTO `ubicacion_distrito` VALUES ('938', '10', '95', 'Molino');
INSERT INTO `ubicacion_distrito` VALUES ('939', '10', '95', 'Umari');
INSERT INTO `ubicacion_distrito` VALUES ('940', '10', '96', 'Puerto Inca');
INSERT INTO `ubicacion_distrito` VALUES ('941', '10', '96', 'Codo Del Pozuzo');
INSERT INTO `ubicacion_distrito` VALUES ('942', '10', '96', 'Honoria');
INSERT INTO `ubicacion_distrito` VALUES ('943', '10', '96', 'Tournavista');
INSERT INTO `ubicacion_distrito` VALUES ('944', '10', '96', 'Yuyapichis');
INSERT INTO `ubicacion_distrito` VALUES ('945', '6', '54', 'Jesus');
INSERT INTO `ubicacion_distrito` VALUES ('946', '10', '97', 'Baos');
INSERT INTO `ubicacion_distrito` VALUES ('947', '10', '97', 'Jivia');
INSERT INTO `ubicacion_distrito` VALUES ('948', '10', '97', 'Queropalca');
INSERT INTO `ubicacion_distrito` VALUES ('949', '10', '97', 'Rondos');
INSERT INTO `ubicacion_distrito` VALUES ('950', '10', '97', 'San Francisco De Asis');
INSERT INTO `ubicacion_distrito` VALUES ('951', '10', '97', 'San Miguel De Cauri');
INSERT INTO `ubicacion_distrito` VALUES ('952', '10', '98', 'Chavinillo');
INSERT INTO `ubicacion_distrito` VALUES ('953', '10', '98', 'Cahuac');
INSERT INTO `ubicacion_distrito` VALUES ('954', '10', '98', 'Chacabamba');
INSERT INTO `ubicacion_distrito` VALUES ('955', '10', '98', 'Aparicio Pomares');
INSERT INTO `ubicacion_distrito` VALUES ('956', '10', '98', 'Jacas Chico');
INSERT INTO `ubicacion_distrito` VALUES ('957', '10', '98', 'Obas');
INSERT INTO `ubicacion_distrito` VALUES ('958', '4', '42', 'Pampamarca');
INSERT INTO `ubicacion_distrito` VALUES ('959', '10', '98', 'Choras');
INSERT INTO `ubicacion_distrito` VALUES ('960', '11', '99', 'Ica');
INSERT INTO `ubicacion_distrito` VALUES ('961', '11', '99', 'La Tinguia');
INSERT INTO `ubicacion_distrito` VALUES ('962', '11', '99', 'Los Aquijes');
INSERT INTO `ubicacion_distrito` VALUES ('963', '11', '99', 'Ocucaje');
INSERT INTO `ubicacion_distrito` VALUES ('964', '11', '99', 'Pachacutec');
INSERT INTO `ubicacion_distrito` VALUES ('965', '11', '99', 'Parcona');
INSERT INTO `ubicacion_distrito` VALUES ('966', '11', '99', 'Pueblo Nuevo');
INSERT INTO `ubicacion_distrito` VALUES ('967', '11', '99', 'Salas');
INSERT INTO `ubicacion_distrito` VALUES ('968', '11', '99', 'San Jose De Los Molinos');
INSERT INTO `ubicacion_distrito` VALUES ('969', '5', '43', 'San Juan Bautista');
INSERT INTO `ubicacion_distrito` VALUES ('970', '8', '68', 'Santiago');
INSERT INTO `ubicacion_distrito` VALUES ('971', '11', '99', 'Subtanjalla');
INSERT INTO `ubicacion_distrito` VALUES ('972', '11', '99', 'Tate');
INSERT INTO `ubicacion_distrito` VALUES ('973', '11', '99', 'Yauca Del Rosario');
INSERT INTO `ubicacion_distrito` VALUES ('974', '11', '100', 'Chincha Alta');
INSERT INTO `ubicacion_distrito` VALUES ('975', '11', '100', 'Alto Laran');
INSERT INTO `ubicacion_distrito` VALUES ('976', '11', '100', 'Chavin');
INSERT INTO `ubicacion_distrito` VALUES ('977', '11', '100', 'Chincha Baja');
INSERT INTO `ubicacion_distrito` VALUES ('978', '9', '85', 'El Carmen');
INSERT INTO `ubicacion_distrito` VALUES ('979', '11', '100', 'Grocio Prado');
INSERT INTO `ubicacion_distrito` VALUES ('980', '11', '99', 'Pueblo Nuevo');
INSERT INTO `ubicacion_distrito` VALUES ('981', '11', '100', 'San Juan De Yanac');
INSERT INTO `ubicacion_distrito` VALUES ('982', '11', '100', 'San Pedro De Huacarpana');
INSERT INTO `ubicacion_distrito` VALUES ('983', '11', '100', 'Sunampe');
INSERT INTO `ubicacion_distrito` VALUES ('984', '11', '100', 'Tambo De Mora');
INSERT INTO `ubicacion_distrito` VALUES ('985', '11', '101', 'Nazca');
INSERT INTO `ubicacion_distrito` VALUES ('986', '11', '101', 'Changuillo');
INSERT INTO `ubicacion_distrito` VALUES ('987', '11', '101', 'El Ingenio');
INSERT INTO `ubicacion_distrito` VALUES ('988', '11', '101', 'Marcona');
INSERT INTO `ubicacion_distrito` VALUES ('989', '1', '6', 'Vista Alegre');
INSERT INTO `ubicacion_distrito` VALUES ('990', '11', '102', 'Palpa');
INSERT INTO `ubicacion_distrito` VALUES ('991', '11', '102', 'Llipata');
INSERT INTO `ubicacion_distrito` VALUES ('992', '4', '40', 'Rio Grande');
INSERT INTO `ubicacion_distrito` VALUES ('993', '2', '19', 'Santa Cruz');
INSERT INTO `ubicacion_distrito` VALUES ('994', '11', '102', 'Tibillo');
INSERT INTO `ubicacion_distrito` VALUES ('995', '11', '103', 'Pisco');
INSERT INTO `ubicacion_distrito` VALUES ('996', '11', '103', 'Huancano');
INSERT INTO `ubicacion_distrito` VALUES ('997', '11', '103', 'Humay');
INSERT INTO `ubicacion_distrito` VALUES ('998', '2', '8', 'Independencia');
INSERT INTO `ubicacion_distrito` VALUES ('999', '11', '103', 'Paracas');
INSERT INTO `ubicacion_distrito` VALUES ('1000', '11', '103', 'San Andres');
INSERT INTO `ubicacion_distrito` VALUES ('1001', '11', '103', 'San Clemente');
INSERT INTO `ubicacion_distrito` VALUES ('1002', '11', '103', 'Tupac Amaru Inca');
INSERT INTO `ubicacion_distrito` VALUES ('1003', '12', '104', 'Huancayo');
INSERT INTO `ubicacion_distrito` VALUES ('1004', '12', '104', 'Carhuacallanga');
INSERT INTO `ubicacion_distrito` VALUES ('1005', '12', '104', 'Chacapampa');
INSERT INTO `ubicacion_distrito` VALUES ('1006', '12', '104', 'Chicche');
INSERT INTO `ubicacion_distrito` VALUES ('1007', '12', '104', 'Chilca');
INSERT INTO `ubicacion_distrito` VALUES ('1008', '12', '104', 'Chongos Alto');
INSERT INTO `ubicacion_distrito` VALUES ('1009', '12', '104', 'Chupuro');
INSERT INTO `ubicacion_distrito` VALUES ('1010', '5', '52', 'Colca');
INSERT INTO `ubicacion_distrito` VALUES ('1011', '12', '104', 'Cullhuas');
INSERT INTO `ubicacion_distrito` VALUES ('1012', '12', '104', 'El Tambo');
INSERT INTO `ubicacion_distrito` VALUES ('1013', '12', '104', 'Huacrapuquio');
INSERT INTO `ubicacion_distrito` VALUES ('1014', '12', '104', 'Hualhuas');
INSERT INTO `ubicacion_distrito` VALUES ('1015', '12', '104', 'Huancan');
INSERT INTO `ubicacion_distrito` VALUES ('1016', '12', '104', 'Huasicancha');
INSERT INTO `ubicacion_distrito` VALUES ('1017', '12', '104', 'Huayucachi');
INSERT INTO `ubicacion_distrito` VALUES ('1018', '12', '104', 'Ingenio');
INSERT INTO `ubicacion_distrito` VALUES ('1019', '2', '13', 'Pariahuanca');
INSERT INTO `ubicacion_distrito` VALUES ('1020', '12', '104', 'Pilcomayo');
INSERT INTO `ubicacion_distrito` VALUES ('1021', '6', '61', 'Pucara');
INSERT INTO `ubicacion_distrito` VALUES ('1022', '12', '104', 'Quichuay');
INSERT INTO `ubicacion_distrito` VALUES ('1023', '12', '104', 'Quilcas');
INSERT INTO `ubicacion_distrito` VALUES ('1024', '12', '104', 'San Agustin');
INSERT INTO `ubicacion_distrito` VALUES ('1025', '12', '104', 'San Jeronimo De Tunan');
INSERT INTO `ubicacion_distrito` VALUES ('1026', '12', '104', 'Sao');
INSERT INTO `ubicacion_distrito` VALUES ('1027', '12', '104', 'Sapallanga');
INSERT INTO `ubicacion_distrito` VALUES ('1028', '12', '104', 'Sicaya');
INSERT INTO `ubicacion_distrito` VALUES ('1029', '12', '104', 'Santo Domingo De Acobamba');
INSERT INTO `ubicacion_distrito` VALUES ('1030', '12', '104', 'Viques');
INSERT INTO `ubicacion_distrito` VALUES ('1031', '5', '53', 'Concepcion');
INSERT INTO `ubicacion_distrito` VALUES ('1032', '2', '16', 'Aco');
INSERT INTO `ubicacion_distrito` VALUES ('1033', '12', '105', 'Andamarca');
INSERT INTO `ubicacion_distrito` VALUES ('1034', '12', '105', 'Chambara');
INSERT INTO `ubicacion_distrito` VALUES ('1035', '2', '21', 'Cochas');
INSERT INTO `ubicacion_distrito` VALUES ('1036', '12', '105', 'Comas');
INSERT INTO `ubicacion_distrito` VALUES ('1037', '12', '105', 'Heroinas Toledo');
INSERT INTO `ubicacion_distrito` VALUES ('1038', '12', '105', 'Manzanares');
INSERT INTO `ubicacion_distrito` VALUES ('1039', '1', '1', 'Mariscal Castilla');
INSERT INTO `ubicacion_distrito` VALUES ('1040', '12', '105', 'Matahuasi');
INSERT INTO `ubicacion_distrito` VALUES ('1041', '12', '105', 'Mito');
INSERT INTO `ubicacion_distrito` VALUES ('1042', '12', '105', 'Nueve De Julio');
INSERT INTO `ubicacion_distrito` VALUES ('1043', '12', '105', 'Orcotuna');
INSERT INTO `ubicacion_distrito` VALUES ('1044', '12', '105', 'San Jose De Quero');
INSERT INTO `ubicacion_distrito` VALUES ('1045', '12', '105', 'Santa Rosa De Ocopa');
INSERT INTO `ubicacion_distrito` VALUES ('1046', '12', '106', 'Chanchamayo');
INSERT INTO `ubicacion_distrito` VALUES ('1047', '12', '106', 'Perene');
INSERT INTO `ubicacion_distrito` VALUES ('1048', '12', '106', 'Pichanaqui');
INSERT INTO `ubicacion_distrito` VALUES ('1049', '12', '106', 'San Luis De Shuaro');
INSERT INTO `ubicacion_distrito` VALUES ('1050', '12', '106', 'San Ramon');
INSERT INTO `ubicacion_distrito` VALUES ('1051', '12', '106', 'Vitoc');
INSERT INTO `ubicacion_distrito` VALUES ('1052', '12', '107', 'Jauja');
INSERT INTO `ubicacion_distrito` VALUES ('1053', '12', '107', 'Acolla');
INSERT INTO `ubicacion_distrito` VALUES ('1054', '12', '107', 'Apata');
INSERT INTO `ubicacion_distrito` VALUES ('1055', '12', '107', 'Ataura');
INSERT INTO `ubicacion_distrito` VALUES ('1056', '12', '107', 'Canchayllo');
INSERT INTO `ubicacion_distrito` VALUES ('1057', '12', '107', 'Curicaca');
INSERT INTO `ubicacion_distrito` VALUES ('1058', '12', '107', 'El Mantaro');
INSERT INTO `ubicacion_distrito` VALUES ('1059', '12', '107', 'Huamali');
INSERT INTO `ubicacion_distrito` VALUES ('1060', '12', '107', 'Huaripampa');
INSERT INTO `ubicacion_distrito` VALUES ('1061', '12', '107', 'Huertas');
INSERT INTO `ubicacion_distrito` VALUES ('1062', '12', '107', 'Janjaillo');
INSERT INTO `ubicacion_distrito` VALUES ('1063', '12', '107', 'Julcan');
INSERT INTO `ubicacion_distrito` VALUES ('1064', '12', '107', 'Leonor Ordoez');
INSERT INTO `ubicacion_distrito` VALUES ('1065', '12', '107', 'Llocllapampa');
INSERT INTO `ubicacion_distrito` VALUES ('1066', '12', '107', 'Marco');
INSERT INTO `ubicacion_distrito` VALUES ('1067', '12', '107', 'Masma');
INSERT INTO `ubicacion_distrito` VALUES ('1068', '12', '107', 'Masma Chicche');
INSERT INTO `ubicacion_distrito` VALUES ('1069', '12', '107', 'Molinos');
INSERT INTO `ubicacion_distrito` VALUES ('1070', '12', '107', 'Monobamba');
INSERT INTO `ubicacion_distrito` VALUES ('1071', '12', '107', 'Muqui');
INSERT INTO `ubicacion_distrito` VALUES ('1072', '12', '107', 'Muquiyauyo');
INSERT INTO `ubicacion_distrito` VALUES ('1073', '12', '107', 'Paca');
INSERT INTO `ubicacion_distrito` VALUES ('1074', '6', '57', 'Paccha');
INSERT INTO `ubicacion_distrito` VALUES ('1075', '12', '107', 'Pancan');
INSERT INTO `ubicacion_distrito` VALUES ('1076', '12', '107', 'Parco');
INSERT INTO `ubicacion_distrito` VALUES ('1077', '12', '107', 'Pomacancha');
INSERT INTO `ubicacion_distrito` VALUES ('1078', '12', '107', 'Ricran');
INSERT INTO `ubicacion_distrito` VALUES ('1079', '12', '107', 'San Lorenzo');
INSERT INTO `ubicacion_distrito` VALUES ('1080', '12', '107', 'San Pedro De Chunan');
INSERT INTO `ubicacion_distrito` VALUES ('1081', '12', '107', 'Sausa');
INSERT INTO `ubicacion_distrito` VALUES ('1082', '12', '107', 'Sincos');
INSERT INTO `ubicacion_distrito` VALUES ('1083', '12', '107', 'Tunan Marca');
INSERT INTO `ubicacion_distrito` VALUES ('1084', '9', '81', 'Yauli');
INSERT INTO `ubicacion_distrito` VALUES ('1085', '12', '107', 'Yauyos');
INSERT INTO `ubicacion_distrito` VALUES ('1086', '12', '108', 'Junin');
INSERT INTO `ubicacion_distrito` VALUES ('1087', '12', '108', 'Carhuamayo');
INSERT INTO `ubicacion_distrito` VALUES ('1088', '12', '108', 'Ondores');
INSERT INTO `ubicacion_distrito` VALUES ('1089', '12', '108', 'Ulcumayo');
INSERT INTO `ubicacion_distrito` VALUES ('1090', '12', '109', 'Satipo');
INSERT INTO `ubicacion_distrito` VALUES ('1091', '12', '109', 'Coviriali');
INSERT INTO `ubicacion_distrito` VALUES ('1092', '12', '109', 'Llaylla');
INSERT INTO `ubicacion_distrito` VALUES ('1093', '12', '109', 'Mazamari');
INSERT INTO `ubicacion_distrito` VALUES ('1094', '12', '109', 'Pampa Hermosa');
INSERT INTO `ubicacion_distrito` VALUES ('1095', '12', '109', 'Pangoa');
INSERT INTO `ubicacion_distrito` VALUES ('1096', '12', '109', 'Rio Negro');
INSERT INTO `ubicacion_distrito` VALUES ('1097', '12', '109', 'Rio Tambo');
INSERT INTO `ubicacion_distrito` VALUES ('1098', '12', '110', 'Tarma');
INSERT INTO `ubicacion_distrito` VALUES ('1099', '2', '26', 'Acobamba');
INSERT INTO `ubicacion_distrito` VALUES ('1100', '12', '110', 'Huaricolca');
INSERT INTO `ubicacion_distrito` VALUES ('1101', '12', '110', 'Huasahuasi');
INSERT INTO `ubicacion_distrito` VALUES ('1102', '10', '90', 'La Union');
INSERT INTO `ubicacion_distrito` VALUES ('1103', '9', '81', 'Palca');
INSERT INTO `ubicacion_distrito` VALUES ('1104', '12', '110', 'Palcamayo');
INSERT INTO `ubicacion_distrito` VALUES ('1105', '12', '110', 'San Pedro De Cajas');
INSERT INTO `ubicacion_distrito` VALUES ('1106', '12', '110', 'Tapo');
INSERT INTO `ubicacion_distrito` VALUES ('1107', '12', '111', 'La Oroya');
INSERT INTO `ubicacion_distrito` VALUES ('1108', '12', '111', 'Chacapalpa');
INSERT INTO `ubicacion_distrito` VALUES ('1109', '12', '111', 'Huay-Huay');
INSERT INTO `ubicacion_distrito` VALUES ('1110', '12', '111', 'Marcapomacocha');
INSERT INTO `ubicacion_distrito` VALUES ('1111', '12', '111', 'Morococha');
INSERT INTO `ubicacion_distrito` VALUES ('1112', '6', '57', 'Paccha');
INSERT INTO `ubicacion_distrito` VALUES ('1113', '12', '111', 'Santa Barbara De Carhuacaya');
INSERT INTO `ubicacion_distrito` VALUES ('1114', '12', '111', 'Santa Rosa De Sacco');
INSERT INTO `ubicacion_distrito` VALUES ('1115', '12', '111', 'Suitucancha');
INSERT INTO `ubicacion_distrito` VALUES ('1116', '9', '81', 'Yauli');
INSERT INTO `ubicacion_distrito` VALUES ('1117', '12', '112', 'Chupaca');
INSERT INTO `ubicacion_distrito` VALUES ('1118', '12', '112', 'Ahuac');
INSERT INTO `ubicacion_distrito` VALUES ('1119', '12', '112', 'Chongos Bajo');
INSERT INTO `ubicacion_distrito` VALUES ('1120', '12', '112', 'Huachac');
INSERT INTO `ubicacion_distrito` VALUES ('1121', '12', '112', 'Huamancaca Chico');
INSERT INTO `ubicacion_distrito` VALUES ('1122', '12', '112', 'San Juan De Iscos');
INSERT INTO `ubicacion_distrito` VALUES ('1123', '12', '112', 'San Juan De Jarpa');
INSERT INTO `ubicacion_distrito` VALUES ('1124', '12', '112', 'Tres De Diciembre');
INSERT INTO `ubicacion_distrito` VALUES ('1125', '12', '112', 'Yanacancha');
INSERT INTO `ubicacion_distrito` VALUES ('1126', '13', '113', 'Trujillo');
INSERT INTO `ubicacion_distrito` VALUES ('1127', '13', '113', 'El Porvenir');
INSERT INTO `ubicacion_distrito` VALUES ('1128', '13', '113', 'Florencia De Mora');
INSERT INTO `ubicacion_distrito` VALUES ('1129', '13', '113', 'Huanchaco');
INSERT INTO `ubicacion_distrito` VALUES ('1130', '6', '66', 'La Esperanza');
INSERT INTO `ubicacion_distrito` VALUES ('1131', '13', '113', 'Laredo');
INSERT INTO `ubicacion_distrito` VALUES ('1132', '13', '113', 'Moche');
INSERT INTO `ubicacion_distrito` VALUES ('1133', '13', '113', 'Poroto');
INSERT INTO `ubicacion_distrito` VALUES ('1134', '13', '113', 'Salaverry');
INSERT INTO `ubicacion_distrito` VALUES ('1135', '13', '113', 'Simbal');
INSERT INTO `ubicacion_distrito` VALUES ('1136', '13', '113', 'Victor Larco Herrera');
INSERT INTO `ubicacion_distrito` VALUES ('1137', '13', '114', 'Ascope');
INSERT INTO `ubicacion_distrito` VALUES ('1138', '13', '114', 'Chicama');
INSERT INTO `ubicacion_distrito` VALUES ('1139', '13', '114', 'Chocope');
INSERT INTO `ubicacion_distrito` VALUES ('1140', '13', '114', 'Magdalena De Cao');
INSERT INTO `ubicacion_distrito` VALUES ('1141', '13', '114', 'Paijan');
INSERT INTO `ubicacion_distrito` VALUES ('1142', '13', '114', 'Razuri');
INSERT INTO `ubicacion_distrito` VALUES ('1143', '13', '114', 'Santiago De Cao');
INSERT INTO `ubicacion_distrito` VALUES ('1144', '13', '114', 'Casa Grande');
INSERT INTO `ubicacion_distrito` VALUES ('1145', '6', '64', 'Bolivar');
INSERT INTO `ubicacion_distrito` VALUES ('1146', '6', '60', 'Bambamarca');
INSERT INTO `ubicacion_distrito` VALUES ('1147', '13', '115', 'Condormarca');
INSERT INTO `ubicacion_distrito` VALUES ('1148', '13', '115', 'Longotea');
INSERT INTO `ubicacion_distrito` VALUES ('1149', '13', '115', 'Uchumarca');
INSERT INTO `ubicacion_distrito` VALUES ('1150', '13', '115', 'Ucuncha');
INSERT INTO `ubicacion_distrito` VALUES ('1151', '13', '116', 'Chepen');
INSERT INTO `ubicacion_distrito` VALUES ('1152', '13', '116', 'Pacanga');
INSERT INTO `ubicacion_distrito` VALUES ('1153', '11', '99', 'Pueblo Nuevo');
INSERT INTO `ubicacion_distrito` VALUES ('1154', '12', '107', 'Julcan');
INSERT INTO `ubicacion_distrito` VALUES ('1155', '13', '117', 'Calamarca');
INSERT INTO `ubicacion_distrito` VALUES ('1156', '13', '117', 'Carabamba');
INSERT INTO `ubicacion_distrito` VALUES ('1157', '13', '117', 'Huaso');
INSERT INTO `ubicacion_distrito` VALUES ('1158', '13', '118', 'Otuzco');
INSERT INTO `ubicacion_distrito` VALUES ('1159', '13', '118', 'Agallpampa');
INSERT INTO `ubicacion_distrito` VALUES ('1160', '13', '118', 'Charat');
INSERT INTO `ubicacion_distrito` VALUES ('1161', '13', '118', 'Huaranchal');
INSERT INTO `ubicacion_distrito` VALUES ('1162', '13', '118', 'La Cuesta');
INSERT INTO `ubicacion_distrito` VALUES ('1163', '13', '118', 'Mache');
INSERT INTO `ubicacion_distrito` VALUES ('1164', '13', '118', 'Paranday');
INSERT INTO `ubicacion_distrito` VALUES ('1165', '13', '118', 'Salpo');
INSERT INTO `ubicacion_distrito` VALUES ('1166', '13', '118', 'Sinsicap');
INSERT INTO `ubicacion_distrito` VALUES ('1167', '13', '118', 'Usquil');
INSERT INTO `ubicacion_distrito` VALUES ('1168', '13', '119', 'San Pedro De Lloc');
INSERT INTO `ubicacion_distrito` VALUES ('1169', '13', '119', 'Guadalupe');
INSERT INTO `ubicacion_distrito` VALUES ('1170', '13', '119', 'Jequetepeque');
INSERT INTO `ubicacion_distrito` VALUES ('1171', '13', '119', 'Pacasmayo');
INSERT INTO `ubicacion_distrito` VALUES ('1172', '13', '119', 'San Jose');
INSERT INTO `ubicacion_distrito` VALUES ('1173', '13', '120', 'Tayabamba');
INSERT INTO `ubicacion_distrito` VALUES ('1174', '13', '120', 'Buldibuyo');
INSERT INTO `ubicacion_distrito` VALUES ('1175', '13', '120', 'Chillia');
INSERT INTO `ubicacion_distrito` VALUES ('1176', '13', '120', 'Huancaspata');
INSERT INTO `ubicacion_distrito` VALUES ('1177', '13', '120', 'Huaylillas');
INSERT INTO `ubicacion_distrito` VALUES ('1178', '13', '120', 'Huayo');
INSERT INTO `ubicacion_distrito` VALUES ('1179', '13', '120', 'Ongon');
INSERT INTO `ubicacion_distrito` VALUES ('1180', '13', '120', 'Parcoy');
INSERT INTO `ubicacion_distrito` VALUES ('1181', '13', '120', 'Pataz');
INSERT INTO `ubicacion_distrito` VALUES ('1182', '13', '120', 'Pias');
INSERT INTO `ubicacion_distrito` VALUES ('1183', '13', '120', 'Santiago De Challas');
INSERT INTO `ubicacion_distrito` VALUES ('1184', '13', '120', 'Taurija');
INSERT INTO `ubicacion_distrito` VALUES ('1185', '13', '120', 'Urpay');
INSERT INTO `ubicacion_distrito` VALUES ('1186', '13', '121', 'Huamachuco');
INSERT INTO `ubicacion_distrito` VALUES ('1187', '13', '121', 'Chugay');
INSERT INTO `ubicacion_distrito` VALUES ('1188', '13', '121', 'Cochorco');
INSERT INTO `ubicacion_distrito` VALUES ('1189', '13', '121', 'Curgos');
INSERT INTO `ubicacion_distrito` VALUES ('1190', '13', '121', 'Marcabal');
INSERT INTO `ubicacion_distrito` VALUES ('1191', '13', '121', 'Sanagoran');
INSERT INTO `ubicacion_distrito` VALUES ('1192', '13', '121', 'Sarin');
INSERT INTO `ubicacion_distrito` VALUES ('1193', '13', '121', 'Sartimbamba');
INSERT INTO `ubicacion_distrito` VALUES ('1194', '13', '122', 'Santiago De Chuco');
INSERT INTO `ubicacion_distrito` VALUES ('1195', '13', '122', 'Angasmarca');
INSERT INTO `ubicacion_distrito` VALUES ('1196', '13', '122', 'Cachicadan');
INSERT INTO `ubicacion_distrito` VALUES ('1197', '13', '122', 'Mollebamba');
INSERT INTO `ubicacion_distrito` VALUES ('1198', '8', '70', 'Mollepata');
INSERT INTO `ubicacion_distrito` VALUES ('1199', '13', '122', 'Quiruvilca');
INSERT INTO `ubicacion_distrito` VALUES ('1200', '13', '122', 'Santa Cruz De Chuca');
INSERT INTO `ubicacion_distrito` VALUES ('1201', '13', '122', 'Sitabamba');
INSERT INTO `ubicacion_distrito` VALUES ('1202', '13', '123', 'Cascas');
INSERT INTO `ubicacion_distrito` VALUES ('1203', '2', '20', 'Lucma');
INSERT INTO `ubicacion_distrito` VALUES ('1204', '13', '123', 'Marmot');
INSERT INTO `ubicacion_distrito` VALUES ('1205', '13', '123', 'Sayapullo');
INSERT INTO `ubicacion_distrito` VALUES ('1206', '13', '124', 'Viru');
INSERT INTO `ubicacion_distrito` VALUES ('1207', '13', '124', 'Chao');
INSERT INTO `ubicacion_distrito` VALUES ('1208', '13', '124', 'Guadalupito');
INSERT INTO `ubicacion_distrito` VALUES ('1209', '14', '125', 'Chiclayo');
INSERT INTO `ubicacion_distrito` VALUES ('1210', '14', '125', 'Chongoyape');
INSERT INTO `ubicacion_distrito` VALUES ('1211', '14', '125', 'Eten');
INSERT INTO `ubicacion_distrito` VALUES ('1212', '14', '125', 'Eten Puerto');
INSERT INTO `ubicacion_distrito` VALUES ('1213', '14', '125', 'Jose Leonardo Ortiz');
INSERT INTO `ubicacion_distrito` VALUES ('1214', '14', '125', 'La Victoria');
INSERT INTO `ubicacion_distrito` VALUES ('1215', '14', '125', 'Lagunas');
INSERT INTO `ubicacion_distrito` VALUES ('1216', '14', '125', 'Monsefu');
INSERT INTO `ubicacion_distrito` VALUES ('1217', '14', '125', 'Nueva Arica');
INSERT INTO `ubicacion_distrito` VALUES ('1218', '14', '125', 'Oyotun');
INSERT INTO `ubicacion_distrito` VALUES ('1219', '14', '125', 'Picsi');
INSERT INTO `ubicacion_distrito` VALUES ('1220', '14', '125', 'Pimentel');
INSERT INTO `ubicacion_distrito` VALUES ('1221', '14', '125', 'Reque');
INSERT INTO `ubicacion_distrito` VALUES ('1222', '1', '6', 'Santa Rosa');
INSERT INTO `ubicacion_distrito` VALUES ('1223', '14', '125', 'Saa');
INSERT INTO `ubicacion_distrito` VALUES ('1224', '14', '125', 'Cayalti');
INSERT INTO `ubicacion_distrito` VALUES ('1225', '14', '125', 'Patapo');
INSERT INTO `ubicacion_distrito` VALUES ('1226', '14', '125', 'Pomalca');
INSERT INTO `ubicacion_distrito` VALUES ('1227', '14', '125', 'Pucala');
INSERT INTO `ubicacion_distrito` VALUES ('1228', '14', '125', 'Tuman');
INSERT INTO `ubicacion_distrito` VALUES ('1229', '14', '126', 'Ferreafe');
INSERT INTO `ubicacion_distrito` VALUES ('1230', '14', '126', 'Caaris');
INSERT INTO `ubicacion_distrito` VALUES ('1231', '14', '126', 'Incahuasi');
INSERT INTO `ubicacion_distrito` VALUES ('1232', '14', '126', 'Manuel Antonio Mesones');
INSERT INTO `ubicacion_distrito` VALUES ('1233', '14', '126', 'o');
INSERT INTO `ubicacion_distrito` VALUES ('1234', '14', '126', 'Pitipo');
INSERT INTO `ubicacion_distrito` VALUES ('1235', '11', '99', 'Pueblo Nuevo');
INSERT INTO `ubicacion_distrito` VALUES ('1236', '14', '127', 'Lambayeque');
INSERT INTO `ubicacion_distrito` VALUES ('1237', '14', '127', 'Chochope');
INSERT INTO `ubicacion_distrito` VALUES ('1238', '14', '127', 'Illimo');
INSERT INTO `ubicacion_distrito` VALUES ('1239', '14', '127', 'Jayanca');
INSERT INTO `ubicacion_distrito` VALUES ('1240', '14', '127', 'Mochumi');
INSERT INTO `ubicacion_distrito` VALUES ('1241', '14', '127', 'Morrope');
INSERT INTO `ubicacion_distrito` VALUES ('1242', '14', '127', 'Motupe');
INSERT INTO `ubicacion_distrito` VALUES ('1243', '14', '127', 'Olmos');
INSERT INTO `ubicacion_distrito` VALUES ('1244', '14', '127', 'Pacora');
INSERT INTO `ubicacion_distrito` VALUES ('1245', '11', '99', 'Salas');
INSERT INTO `ubicacion_distrito` VALUES ('1246', '13', '119', 'San Jose');
INSERT INTO `ubicacion_distrito` VALUES ('1247', '14', '127', 'Tucume');
INSERT INTO `ubicacion_distrito` VALUES ('1248', '15', '128', 'Lima');
INSERT INTO `ubicacion_distrito` VALUES ('1249', '15', '128', 'Ancon');
INSERT INTO `ubicacion_distrito` VALUES ('1250', '15', '128', 'Ate');
INSERT INTO `ubicacion_distrito` VALUES ('1251', '15', '128', 'Barranco');
INSERT INTO `ubicacion_distrito` VALUES ('1252', '15', '128', 'Brea');
INSERT INTO `ubicacion_distrito` VALUES ('1253', '15', '128', 'Carabayllo');
INSERT INTO `ubicacion_distrito` VALUES ('1254', '15', '128', 'Chaclacayo');
INSERT INTO `ubicacion_distrito` VALUES ('1255', '15', '128', 'Chorrillos');
INSERT INTO `ubicacion_distrito` VALUES ('1256', '15', '128', 'Cieneguilla');
INSERT INTO `ubicacion_distrito` VALUES ('1257', '12', '105', 'Comas');
INSERT INTO `ubicacion_distrito` VALUES ('1258', '15', '128', 'El Agustino');
INSERT INTO `ubicacion_distrito` VALUES ('1259', '2', '8', 'Independencia');
INSERT INTO `ubicacion_distrito` VALUES ('1260', '15', '128', 'Jesus Maria');
INSERT INTO `ubicacion_distrito` VALUES ('1261', '15', '128', 'La Molina');
INSERT INTO `ubicacion_distrito` VALUES ('1262', '14', '125', 'La Victoria');
INSERT INTO `ubicacion_distrito` VALUES ('1263', '15', '128', 'Lince');
INSERT INTO `ubicacion_distrito` VALUES ('1264', '15', '128', 'Los Olivos');
INSERT INTO `ubicacion_distrito` VALUES ('1265', '15', '128', 'Lurigancho');
INSERT INTO `ubicacion_distrito` VALUES ('1266', '15', '128', 'Lurin');
INSERT INTO `ubicacion_distrito` VALUES ('1267', '15', '128', 'Magdalena Del Mar');
INSERT INTO `ubicacion_distrito` VALUES ('1268', '2', '19', 'Pueblo Libre');
INSERT INTO `ubicacion_distrito` VALUES ('1269', '4', '35', 'Miraflores');
INSERT INTO `ubicacion_distrito` VALUES ('1270', '15', '128', 'Pachacamac');
INSERT INTO `ubicacion_distrito` VALUES ('1271', '15', '128', 'Pucusana');
INSERT INTO `ubicacion_distrito` VALUES ('1272', '15', '128', 'Puente Piedra');
INSERT INTO `ubicacion_distrito` VALUES ('1273', '15', '128', 'Punta Hermosa');
INSERT INTO `ubicacion_distrito` VALUES ('1274', '15', '128', 'Punta Negra');
INSERT INTO `ubicacion_distrito` VALUES ('1275', '15', '128', 'Rimac');
INSERT INTO `ubicacion_distrito` VALUES ('1276', '15', '128', 'San Bartolo');
INSERT INTO `ubicacion_distrito` VALUES ('1277', '15', '128', 'San Borja');
INSERT INTO `ubicacion_distrito` VALUES ('1278', '9', '86', 'San Isidro');
INSERT INTO `ubicacion_distrito` VALUES ('1279', '15', '128', 'San Juan De Lurigancho');
INSERT INTO `ubicacion_distrito` VALUES ('1280', '15', '128', 'San Juan De Miraflores');
INSERT INTO `ubicacion_distrito` VALUES ('1281', '2', '14', 'San Luis');
INSERT INTO `ubicacion_distrito` VALUES ('1282', '15', '128', 'San Martin De Porres');
INSERT INTO `ubicacion_distrito` VALUES ('1283', '5', '47', 'San Miguel');
INSERT INTO `ubicacion_distrito` VALUES ('1284', '15', '128', 'Santa Anita');
INSERT INTO `ubicacion_distrito` VALUES ('1285', '15', '128', 'Santa Maria Del Mar');
INSERT INTO `ubicacion_distrito` VALUES ('1286', '1', '6', 'Santa Rosa');
INSERT INTO `ubicacion_distrito` VALUES ('1287', '15', '128', 'Santiago De Surco');
INSERT INTO `ubicacion_distrito` VALUES ('1288', '15', '128', 'Surquillo');
INSERT INTO `ubicacion_distrito` VALUES ('1289', '15', '128', 'Villa El Salvador');
INSERT INTO `ubicacion_distrito` VALUES ('1290', '15', '128', 'Villa Maria Del Triunfo');
INSERT INTO `ubicacion_distrito` VALUES ('1291', '15', '129', 'Barranca');
INSERT INTO `ubicacion_distrito` VALUES ('1292', '15', '129', 'Paramonga');
INSERT INTO `ubicacion_distrito` VALUES ('1293', '15', '129', 'Pativilca');
INSERT INTO `ubicacion_distrito` VALUES ('1294', '15', '129', 'Supe');
INSERT INTO `ubicacion_distrito` VALUES ('1295', '15', '129', 'Supe Puerto');
INSERT INTO `ubicacion_distrito` VALUES ('1296', '15', '130', 'Cajatambo');
INSERT INTO `ubicacion_distrito` VALUES ('1297', '15', '130', 'Copa');
INSERT INTO `ubicacion_distrito` VALUES ('1298', '15', '130', 'Gorgor');
INSERT INTO `ubicacion_distrito` VALUES ('1299', '15', '130', 'Huancapon');
INSERT INTO `ubicacion_distrito` VALUES ('1300', '15', '130', 'Manas');
INSERT INTO `ubicacion_distrito` VALUES ('1301', '15', '131', 'Canta');
INSERT INTO `ubicacion_distrito` VALUES ('1302', '15', '131', 'Arahuay');
INSERT INTO `ubicacion_distrito` VALUES ('1303', '15', '131', 'Huamantanga');
INSERT INTO `ubicacion_distrito` VALUES ('1304', '15', '131', 'Huaros');
INSERT INTO `ubicacion_distrito` VALUES ('1305', '15', '131', 'Lachaqui');
INSERT INTO `ubicacion_distrito` VALUES ('1306', '10', '94', 'San Buenaventura');
INSERT INTO `ubicacion_distrito` VALUES ('1307', '15', '131', 'Santa Rosa De Quives');
INSERT INTO `ubicacion_distrito` VALUES ('1308', '15', '132', 'San Vicente De Caete');
INSERT INTO `ubicacion_distrito` VALUES ('1309', '15', '132', 'Asia');
INSERT INTO `ubicacion_distrito` VALUES ('1310', '15', '132', 'Calango');
INSERT INTO `ubicacion_distrito` VALUES ('1311', '15', '132', 'Cerro Azul');
INSERT INTO `ubicacion_distrito` VALUES ('1312', '12', '104', 'Chilca');
INSERT INTO `ubicacion_distrito` VALUES ('1313', '15', '132', 'Coayllo');
INSERT INTO `ubicacion_distrito` VALUES ('1314', '15', '132', 'Imperial');
INSERT INTO `ubicacion_distrito` VALUES ('1315', '15', '132', 'Lunahuana');
INSERT INTO `ubicacion_distrito` VALUES ('1316', '15', '132', 'Mala');
INSERT INTO `ubicacion_distrito` VALUES ('1317', '15', '132', 'Nuevo Imperial');
INSERT INTO `ubicacion_distrito` VALUES ('1318', '15', '132', 'Pacaran');
INSERT INTO `ubicacion_distrito` VALUES ('1319', '15', '132', 'Quilmana');
INSERT INTO `ubicacion_distrito` VALUES ('1320', '3', '34', 'San Antonio');
INSERT INTO `ubicacion_distrito` VALUES ('1321', '2', '14', 'San Luis');
INSERT INTO `ubicacion_distrito` VALUES ('1322', '15', '132', 'Santa Cruz De Flores');
INSERT INTO `ubicacion_distrito` VALUES ('1323', '15', '132', 'Zuiga');
INSERT INTO `ubicacion_distrito` VALUES ('1324', '15', '133', 'Huaral');
INSERT INTO `ubicacion_distrito` VALUES ('1325', '15', '133', 'Atavillos Alto');
INSERT INTO `ubicacion_distrito` VALUES ('1326', '15', '133', 'Atavillos Bajo');
INSERT INTO `ubicacion_distrito` VALUES ('1327', '15', '133', 'Aucallama');
INSERT INTO `ubicacion_distrito` VALUES ('1328', '6', '63', 'Chancay');
INSERT INTO `ubicacion_distrito` VALUES ('1329', '15', '133', 'Ihuari');
INSERT INTO `ubicacion_distrito` VALUES ('1330', '15', '133', 'Lampian');
INSERT INTO `ubicacion_distrito` VALUES ('1331', '15', '133', 'Pacaraos');
INSERT INTO `ubicacion_distrito` VALUES ('1332', '15', '133', 'San Miguel De Acos');
INSERT INTO `ubicacion_distrito` VALUES ('1333', '15', '133', 'Santa Cruz De Andamarca');
INSERT INTO `ubicacion_distrito` VALUES ('1334', '15', '133', 'Sumbilca');
INSERT INTO `ubicacion_distrito` VALUES ('1335', '15', '133', 'Veintisiete De Noviembre');
INSERT INTO `ubicacion_distrito` VALUES ('1336', '15', '134', 'Matucana');
INSERT INTO `ubicacion_distrito` VALUES ('1337', '15', '134', 'Antioquia');
INSERT INTO `ubicacion_distrito` VALUES ('1338', '15', '134', 'Callahuanca');
INSERT INTO `ubicacion_distrito` VALUES ('1339', '15', '134', 'Carampoma');
INSERT INTO `ubicacion_distrito` VALUES ('1340', '15', '134', 'Chicla');
INSERT INTO `ubicacion_distrito` VALUES ('1341', '9', '81', 'Cuenca');
INSERT INTO `ubicacion_distrito` VALUES ('1342', '15', '134', 'Huachupampa');
INSERT INTO `ubicacion_distrito` VALUES ('1343', '15', '134', 'Huanza');
INSERT INTO `ubicacion_distrito` VALUES ('1344', '15', '134', 'Huarochiri');
INSERT INTO `ubicacion_distrito` VALUES ('1345', '15', '134', 'Lahuaytambo');
INSERT INTO `ubicacion_distrito` VALUES ('1346', '15', '134', 'Langa');
INSERT INTO `ubicacion_distrito` VALUES ('1347', '15', '134', 'Laraos');
INSERT INTO `ubicacion_distrito` VALUES ('1348', '15', '134', 'Mariatana');
INSERT INTO `ubicacion_distrito` VALUES ('1349', '15', '134', 'Ricardo Palma');
INSERT INTO `ubicacion_distrito` VALUES ('1350', '15', '134', 'San Andres De Tupicocha');
INSERT INTO `ubicacion_distrito` VALUES ('1351', '3', '34', 'San Antonio');
INSERT INTO `ubicacion_distrito` VALUES ('1352', '15', '134', 'San Bartolome');
INSERT INTO `ubicacion_distrito` VALUES ('1353', '15', '134', 'San Damian');
INSERT INTO `ubicacion_distrito` VALUES ('1354', '15', '134', 'San Juan De Iris');
INSERT INTO `ubicacion_distrito` VALUES ('1355', '15', '134', 'San Juan De Tantaranche');
INSERT INTO `ubicacion_distrito` VALUES ('1356', '15', '134', 'San Lorenzo De Quinti');
INSERT INTO `ubicacion_distrito` VALUES ('1357', '15', '134', 'San Mateo');
INSERT INTO `ubicacion_distrito` VALUES ('1358', '15', '134', 'San Mateo De Otao');
INSERT INTO `ubicacion_distrito` VALUES ('1359', '15', '134', 'San Pedro De Casta');
INSERT INTO `ubicacion_distrito` VALUES ('1360', '15', '134', 'San Pedro De Huancayre');
INSERT INTO `ubicacion_distrito` VALUES ('1361', '15', '134', 'Sangallaya');
INSERT INTO `ubicacion_distrito` VALUES ('1362', '15', '134', 'Santa Cruz De Cocachacra');
INSERT INTO `ubicacion_distrito` VALUES ('1363', '15', '134', 'Santa Eulalia');
INSERT INTO `ubicacion_distrito` VALUES ('1364', '15', '134', 'Santiago De Anchucaya');
INSERT INTO `ubicacion_distrito` VALUES ('1365', '15', '134', 'Santiago De Tuna');
INSERT INTO `ubicacion_distrito` VALUES ('1366', '15', '134', 'Santo Domingo De Los Ollero');
INSERT INTO `ubicacion_distrito` VALUES ('1367', '15', '134', 'Surco');
INSERT INTO `ubicacion_distrito` VALUES ('1368', '15', '135', 'Huacho');
INSERT INTO `ubicacion_distrito` VALUES ('1369', '15', '135', 'Ambar');
INSERT INTO `ubicacion_distrito` VALUES ('1370', '15', '135', 'Caleta De Carquin');
INSERT INTO `ubicacion_distrito` VALUES ('1371', '15', '135', 'Checras');
INSERT INTO `ubicacion_distrito` VALUES ('1372', '15', '135', 'Hualmay');
INSERT INTO `ubicacion_distrito` VALUES ('1373', '15', '135', 'Huaura');
INSERT INTO `ubicacion_distrito` VALUES ('1374', '5', '48', 'Leoncio Prado');
INSERT INTO `ubicacion_distrito` VALUES ('1375', '15', '135', 'Paccho');
INSERT INTO `ubicacion_distrito` VALUES ('1376', '15', '135', 'Santa Leonor');
INSERT INTO `ubicacion_distrito` VALUES ('1377', '15', '135', 'Santa Maria');
INSERT INTO `ubicacion_distrito` VALUES ('1378', '15', '135', 'Sayan');
INSERT INTO `ubicacion_distrito` VALUES ('1379', '15', '135', 'Vegueta');
INSERT INTO `ubicacion_distrito` VALUES ('1380', '15', '136', 'Oyon');
INSERT INTO `ubicacion_distrito` VALUES ('1381', '15', '136', 'Andajes');
INSERT INTO `ubicacion_distrito` VALUES ('1382', '15', '136', 'Caujul');
INSERT INTO `ubicacion_distrito` VALUES ('1383', '15', '136', 'Cochamarca');
INSERT INTO `ubicacion_distrito` VALUES ('1384', '15', '136', 'Navan');
INSERT INTO `ubicacion_distrito` VALUES ('1385', '15', '136', 'Pachangara');
INSERT INTO `ubicacion_distrito` VALUES ('1386', '12', '107', 'Yauyos');
INSERT INTO `ubicacion_distrito` VALUES ('1387', '15', '137', 'Alis');
INSERT INTO `ubicacion_distrito` VALUES ('1388', '15', '137', 'Ayauca');
INSERT INTO `ubicacion_distrito` VALUES ('1389', '15', '137', 'Ayaviri');
INSERT INTO `ubicacion_distrito` VALUES ('1390', '15', '137', 'Azangaro');
INSERT INTO `ubicacion_distrito` VALUES ('1391', '15', '137', 'Cacra');
INSERT INTO `ubicacion_distrito` VALUES ('1392', '15', '137', 'Carania');
INSERT INTO `ubicacion_distrito` VALUES ('1393', '15', '137', 'Catahuasi');
INSERT INTO `ubicacion_distrito` VALUES ('1394', '15', '137', 'Chocos');
INSERT INTO `ubicacion_distrito` VALUES ('1395', '2', '21', 'Cochas');
INSERT INTO `ubicacion_distrito` VALUES ('1396', '15', '137', 'Colonia');
INSERT INTO `ubicacion_distrito` VALUES ('1397', '15', '137', 'Hongos');
INSERT INTO `ubicacion_distrito` VALUES ('1398', '15', '137', 'Huampara');
INSERT INTO `ubicacion_distrito` VALUES ('1399', '15', '137', 'Huancaya');
INSERT INTO `ubicacion_distrito` VALUES ('1400', '15', '137', 'Huangascar');
INSERT INTO `ubicacion_distrito` VALUES ('1401', '15', '137', 'Huantan');
INSERT INTO `ubicacion_distrito` VALUES ('1402', '15', '137', 'Huaec');
INSERT INTO `ubicacion_distrito` VALUES ('1403', '15', '134', 'Laraos');
INSERT INTO `ubicacion_distrito` VALUES ('1404', '15', '137', 'Lincha');
INSERT INTO `ubicacion_distrito` VALUES ('1405', '15', '137', 'Madean');
INSERT INTO `ubicacion_distrito` VALUES ('1406', '4', '35', 'Miraflores');
INSERT INTO `ubicacion_distrito` VALUES ('1407', '15', '137', 'Omas');
INSERT INTO `ubicacion_distrito` VALUES ('1408', '15', '137', 'Putinza');
INSERT INTO `ubicacion_distrito` VALUES ('1409', '15', '137', 'Quinches');
INSERT INTO `ubicacion_distrito` VALUES ('1410', '15', '137', 'Quinocay');
INSERT INTO `ubicacion_distrito` VALUES ('1411', '15', '137', 'San Joaquin');
INSERT INTO `ubicacion_distrito` VALUES ('1412', '15', '137', 'San Pedro De Pilas');
INSERT INTO `ubicacion_distrito` VALUES ('1413', '15', '137', 'Tanta');
INSERT INTO `ubicacion_distrito` VALUES ('1414', '15', '137', 'Tauripampa');
INSERT INTO `ubicacion_distrito` VALUES ('1415', '15', '137', 'Tomas');
INSERT INTO `ubicacion_distrito` VALUES ('1416', '15', '137', 'Tupe');
INSERT INTO `ubicacion_distrito` VALUES ('1417', '15', '137', 'Viac');
INSERT INTO `ubicacion_distrito` VALUES ('1418', '15', '137', 'Vitis');
INSERT INTO `ubicacion_distrito` VALUES ('1419', '16', '138', 'Iquitos');
INSERT INTO `ubicacion_distrito` VALUES ('1420', '16', '138', 'Alto Nanay');
INSERT INTO `ubicacion_distrito` VALUES ('1421', '16', '138', 'Fernando Lores');
INSERT INTO `ubicacion_distrito` VALUES ('1422', '16', '138', 'Indiana');
INSERT INTO `ubicacion_distrito` VALUES ('1423', '16', '138', 'Las Amazonas');
INSERT INTO `ubicacion_distrito` VALUES ('1424', '16', '138', 'Mazan');
INSERT INTO `ubicacion_distrito` VALUES ('1425', '16', '138', 'Napo');
INSERT INTO `ubicacion_distrito` VALUES ('1426', '16', '138', 'Punchana');
INSERT INTO `ubicacion_distrito` VALUES ('1427', '16', '138', 'Putumayo');
INSERT INTO `ubicacion_distrito` VALUES ('1428', '16', '138', 'Torres Causana');
INSERT INTO `ubicacion_distrito` VALUES ('1429', '5', '51', 'Belen');
INSERT INTO `ubicacion_distrito` VALUES ('1430', '5', '43', 'San Juan Bautista');
INSERT INTO `ubicacion_distrito` VALUES ('1431', '16', '139', 'Yurimaguas');
INSERT INTO `ubicacion_distrito` VALUES ('1432', '16', '139', 'Balsapuerto');
INSERT INTO `ubicacion_distrito` VALUES ('1433', '15', '129', 'Barranca');
INSERT INTO `ubicacion_distrito` VALUES ('1434', '16', '139', 'Cahuapanas');
INSERT INTO `ubicacion_distrito` VALUES ('1435', '16', '139', 'Jeberos');
INSERT INTO `ubicacion_distrito` VALUES ('1436', '14', '125', 'Lagunas');
INSERT INTO `ubicacion_distrito` VALUES ('1437', '16', '139', 'Manseriche');
INSERT INTO `ubicacion_distrito` VALUES ('1438', '16', '139', 'Morona');
INSERT INTO `ubicacion_distrito` VALUES ('1439', '16', '139', 'Pastaza');
INSERT INTO `ubicacion_distrito` VALUES ('1440', '2', '19', 'Santa Cruz');
INSERT INTO `ubicacion_distrito` VALUES ('1441', '16', '139', 'Teniente Cesar Lopez Rojas');
INSERT INTO `ubicacion_distrito` VALUES ('1442', '16', '140', 'Nauta');
INSERT INTO `ubicacion_distrito` VALUES ('1443', '16', '140', 'Parinari');
INSERT INTO `ubicacion_distrito` VALUES ('1444', '16', '140', 'Tigre');
INSERT INTO `ubicacion_distrito` VALUES ('1445', '16', '140', 'Trompeteros');
INSERT INTO `ubicacion_distrito` VALUES ('1446', '16', '140', 'Urarinas');
INSERT INTO `ubicacion_distrito` VALUES ('1447', '16', '141', 'Ramon Castilla');
INSERT INTO `ubicacion_distrito` VALUES ('1448', '16', '141', 'Pebas');
INSERT INTO `ubicacion_distrito` VALUES ('1449', '16', '141', 'Yavari');
INSERT INTO `ubicacion_distrito` VALUES ('1450', '6', '65', 'San Pablo');
INSERT INTO `ubicacion_distrito` VALUES ('1451', '16', '142', 'Requena');
INSERT INTO `ubicacion_distrito` VALUES ('1452', '16', '142', 'Alto Tapiche');
INSERT INTO `ubicacion_distrito` VALUES ('1453', '16', '142', 'Capelo');
INSERT INTO `ubicacion_distrito` VALUES ('1454', '16', '142', 'Emilio San Martin');
INSERT INTO `ubicacion_distrito` VALUES ('1455', '16', '142', 'Maquia');
INSERT INTO `ubicacion_distrito` VALUES ('1456', '16', '142', 'Puinahua');
INSERT INTO `ubicacion_distrito` VALUES ('1457', '16', '142', 'Saquena');
INSERT INTO `ubicacion_distrito` VALUES ('1458', '16', '142', 'Soplin');
INSERT INTO `ubicacion_distrito` VALUES ('1459', '16', '142', 'Tapiche');
INSERT INTO `ubicacion_distrito` VALUES ('1460', '16', '142', 'Jenaro Herrera');
INSERT INTO `ubicacion_distrito` VALUES ('1461', '16', '142', 'Yaquerana');
INSERT INTO `ubicacion_distrito` VALUES ('1462', '16', '143', 'Contamana');
INSERT INTO `ubicacion_distrito` VALUES ('1463', '16', '143', 'Inahuaya');
INSERT INTO `ubicacion_distrito` VALUES ('1464', '16', '143', 'Padre Marquez');
INSERT INTO `ubicacion_distrito` VALUES ('1465', '12', '109', 'Pampa Hermosa');
INSERT INTO `ubicacion_distrito` VALUES ('1466', '16', '143', 'Sarayacu');
INSERT INTO `ubicacion_distrito` VALUES ('1467', '16', '143', 'Vargas Guerra');
INSERT INTO `ubicacion_distrito` VALUES ('1468', '17', '144', 'Tambopata');
INSERT INTO `ubicacion_distrito` VALUES ('1469', '17', '144', 'Inambari');
INSERT INTO `ubicacion_distrito` VALUES ('1470', '17', '144', 'Las Piedras');
INSERT INTO `ubicacion_distrito` VALUES ('1471', '17', '144', 'Laberinto');
INSERT INTO `ubicacion_distrito` VALUES ('1472', '17', '145', 'Manu');
INSERT INTO `ubicacion_distrito` VALUES ('1473', '17', '145', 'Fitzcarrald');
INSERT INTO `ubicacion_distrito` VALUES ('1474', '17', '145', 'Madre De Dios');
INSERT INTO `ubicacion_distrito` VALUES ('1475', '17', '145', 'Huepetuhe');
INSERT INTO `ubicacion_distrito` VALUES ('1476', '17', '146', 'Iapari');
INSERT INTO `ubicacion_distrito` VALUES ('1477', '17', '146', 'Iberia');
INSERT INTO `ubicacion_distrito` VALUES ('1478', '17', '146', 'Tahuamanu');
INSERT INTO `ubicacion_distrito` VALUES ('1479', '18', '147', 'Moquegua');
INSERT INTO `ubicacion_distrito` VALUES ('1480', '18', '147', 'Carumas');
INSERT INTO `ubicacion_distrito` VALUES ('1481', '18', '147', 'Cuchumbaya');
INSERT INTO `ubicacion_distrito` VALUES ('1482', '18', '147', 'Samegua');
INSERT INTO `ubicacion_distrito` VALUES ('1483', '1', '5', 'San Cristobal');
INSERT INTO `ubicacion_distrito` VALUES ('1484', '18', '147', 'Torata');
INSERT INTO `ubicacion_distrito` VALUES ('1485', '18', '148', 'Omate');
INSERT INTO `ubicacion_distrito` VALUES ('1486', '18', '148', 'Chojata');
INSERT INTO `ubicacion_distrito` VALUES ('1487', '18', '148', 'Coalaque');
INSERT INTO `ubicacion_distrito` VALUES ('1488', '18', '148', 'Ichua');
INSERT INTO `ubicacion_distrito` VALUES ('1489', '18', '148', 'La Capilla');
INSERT INTO `ubicacion_distrito` VALUES ('1490', '18', '148', 'Lloque');
INSERT INTO `ubicacion_distrito` VALUES ('1491', '18', '148', 'Matalaque');
INSERT INTO `ubicacion_distrito` VALUES ('1492', '18', '148', 'Puquina');
INSERT INTO `ubicacion_distrito` VALUES ('1493', '18', '148', 'Quinistaquillas');
INSERT INTO `ubicacion_distrito` VALUES ('1494', '18', '148', 'Ubinas');
INSERT INTO `ubicacion_distrito` VALUES ('1495', '18', '148', 'Yunga');
INSERT INTO `ubicacion_distrito` VALUES ('1496', '18', '149', 'Ilo');
INSERT INTO `ubicacion_distrito` VALUES ('1497', '18', '149', 'El Algarrobal');
INSERT INTO `ubicacion_distrito` VALUES ('1498', '18', '149', 'Pacocha');
INSERT INTO `ubicacion_distrito` VALUES ('1499', '19', '150', 'Chaupimarca');
INSERT INTO `ubicacion_distrito` VALUES ('1500', '19', '150', 'Huachon');
INSERT INTO `ubicacion_distrito` VALUES ('1501', '19', '150', 'Huariaca');
INSERT INTO `ubicacion_distrito` VALUES ('1502', '19', '150', 'Huayllay');
INSERT INTO `ubicacion_distrito` VALUES ('1503', '19', '150', 'Ninacaca');
INSERT INTO `ubicacion_distrito` VALUES ('1504', '19', '150', 'Pallanchacra');
INSERT INTO `ubicacion_distrito` VALUES ('1505', '8', '78', 'Paucartambo');
INSERT INTO `ubicacion_distrito` VALUES ('1506', '19', '150', 'San Fco.De As is De Yarusyac');
INSERT INTO `ubicacion_distrito` VALUES ('1507', '19', '150', 'Simon Bolivar');
INSERT INTO `ubicacion_distrito` VALUES ('1508', '19', '150', 'Ticlacayan');
INSERT INTO `ubicacion_distrito` VALUES ('1509', '19', '150', 'Tinyahuarco');
INSERT INTO `ubicacion_distrito` VALUES ('1510', '19', '150', 'Vicco');
INSERT INTO `ubicacion_distrito` VALUES ('1511', '12', '112', 'Yanacancha');
INSERT INTO `ubicacion_distrito` VALUES ('1512', '19', '151', 'Yanahuanca');
INSERT INTO `ubicacion_distrito` VALUES ('1513', '19', '151', 'Chacayan');
INSERT INTO `ubicacion_distrito` VALUES ('1514', '19', '151', 'Goyllarisquizga');
INSERT INTO `ubicacion_distrito` VALUES ('1515', '19', '151', 'Paucar');
INSERT INTO `ubicacion_distrito` VALUES ('1516', '19', '151', 'San Pedro De Pillao');
INSERT INTO `ubicacion_distrito` VALUES ('1517', '19', '151', 'Santa Ana De Tusi');
INSERT INTO `ubicacion_distrito` VALUES ('1518', '19', '151', 'Tapuc');
INSERT INTO `ubicacion_distrito` VALUES ('1519', '3', '34', 'Vilcabamba');
INSERT INTO `ubicacion_distrito` VALUES ('1520', '19', '152', 'Oxapampa');
INSERT INTO `ubicacion_distrito` VALUES ('1521', '19', '152', 'Chontabamba');
INSERT INTO `ubicacion_distrito` VALUES ('1522', '19', '152', 'Huancabamba');
INSERT INTO `ubicacion_distrito` VALUES ('1523', '19', '152', 'Palcazu');
INSERT INTO `ubicacion_distrito` VALUES ('1524', '19', '152', 'Pozuzo');
INSERT INTO `ubicacion_distrito` VALUES ('1525', '19', '152', 'Puerto Bermudez');
INSERT INTO `ubicacion_distrito` VALUES ('1526', '19', '152', 'Villa Rica');
INSERT INTO `ubicacion_distrito` VALUES ('1527', '20', '153', 'Piura');
INSERT INTO `ubicacion_distrito` VALUES ('1528', '20', '153', 'Castilla');
INSERT INTO `ubicacion_distrito` VALUES ('1529', '20', '153', 'Catacaos');
INSERT INTO `ubicacion_distrito` VALUES ('1530', '20', '153', 'Cura Mori');
INSERT INTO `ubicacion_distrito` VALUES ('1531', '20', '153', 'El Tallan');
INSERT INTO `ubicacion_distrito` VALUES ('1532', '20', '153', 'La Arena');
INSERT INTO `ubicacion_distrito` VALUES ('1533', '10', '90', 'La Union');
INSERT INTO `ubicacion_distrito` VALUES ('1534', '20', '153', 'Las Lomas');
INSERT INTO `ubicacion_distrito` VALUES ('1535', '20', '153', 'Tambo Grande');
INSERT INTO `ubicacion_distrito` VALUES ('1536', '20', '154', 'Ayabaca');
INSERT INTO `ubicacion_distrito` VALUES ('1537', '20', '154', 'Frias');
INSERT INTO `ubicacion_distrito` VALUES ('1538', '20', '154', 'Jilili');
INSERT INTO `ubicacion_distrito` VALUES ('1539', '14', '125', 'Lagunas');
INSERT INTO `ubicacion_distrito` VALUES ('1540', '20', '154', 'Montero');
INSERT INTO `ubicacion_distrito` VALUES ('1541', '20', '154', 'Pacaipampa');
INSERT INTO `ubicacion_distrito` VALUES ('1542', '20', '154', 'Paimas');
INSERT INTO `ubicacion_distrito` VALUES ('1543', '20', '154', 'Sapillica');
INSERT INTO `ubicacion_distrito` VALUES ('1544', '20', '154', 'Sicchez');
INSERT INTO `ubicacion_distrito` VALUES ('1545', '20', '154', 'Suyo');
INSERT INTO `ubicacion_distrito` VALUES ('1546', '19', '152', 'Huancabamba');
INSERT INTO `ubicacion_distrito` VALUES ('1547', '20', '155', 'Canchaque');
INSERT INTO `ubicacion_distrito` VALUES ('1548', '20', '155', 'El Carmen De La Frontera');
INSERT INTO `ubicacion_distrito` VALUES ('1549', '20', '155', 'Huarmaca');
INSERT INTO `ubicacion_distrito` VALUES ('1550', '20', '155', 'Lalaquiz');
INSERT INTO `ubicacion_distrito` VALUES ('1551', '20', '155', 'San Miguel De El Faique');
INSERT INTO `ubicacion_distrito` VALUES ('1552', '20', '155', 'Sondor');
INSERT INTO `ubicacion_distrito` VALUES ('1553', '20', '155', 'Sondorillo');
INSERT INTO `ubicacion_distrito` VALUES ('1554', '20', '156', 'Chulucanas');
INSERT INTO `ubicacion_distrito` VALUES ('1555', '20', '156', 'Buenos Aires');
INSERT INTO `ubicacion_distrito` VALUES ('1556', '20', '156', 'Chalaco');
INSERT INTO `ubicacion_distrito` VALUES ('1557', '20', '156', 'La Matanza');
INSERT INTO `ubicacion_distrito` VALUES ('1558', '20', '156', 'Morropon');
INSERT INTO `ubicacion_distrito` VALUES ('1559', '20', '156', 'Salitral');
INSERT INTO `ubicacion_distrito` VALUES ('1560', '20', '156', 'San Juan De Bigote');
INSERT INTO `ubicacion_distrito` VALUES ('1561', '20', '156', 'Santa Catalina De Mossa');
INSERT INTO `ubicacion_distrito` VALUES ('1562', '20', '156', 'Santo Domingo');
INSERT INTO `ubicacion_distrito` VALUES ('1563', '20', '156', 'Yamango');
INSERT INTO `ubicacion_distrito` VALUES ('1564', '20', '157', 'Paita');
INSERT INTO `ubicacion_distrito` VALUES ('1565', '20', '157', 'Amotape');
INSERT INTO `ubicacion_distrito` VALUES ('1566', '20', '157', 'Arenal');
INSERT INTO `ubicacion_distrito` VALUES ('1567', '20', '157', 'Colan');
INSERT INTO `ubicacion_distrito` VALUES ('1568', '20', '157', 'La Huaca');
INSERT INTO `ubicacion_distrito` VALUES ('1569', '20', '157', 'Tamarindo');
INSERT INTO `ubicacion_distrito` VALUES ('1570', '20', '157', 'Vichayal');
INSERT INTO `ubicacion_distrito` VALUES ('1571', '20', '158', 'Sullana');
INSERT INTO `ubicacion_distrito` VALUES ('1572', '6', '61', 'Bellavista');
INSERT INTO `ubicacion_distrito` VALUES ('1573', '20', '158', 'Ignacio Escudero');
INSERT INTO `ubicacion_distrito` VALUES ('1574', '20', '158', 'Lancones');
INSERT INTO `ubicacion_distrito` VALUES ('1575', '20', '158', 'Marcavelica');
INSERT INTO `ubicacion_distrito` VALUES ('1576', '20', '158', 'Miguel Checa');
INSERT INTO `ubicacion_distrito` VALUES ('1577', '20', '158', 'Querecotillo');
INSERT INTO `ubicacion_distrito` VALUES ('1578', '20', '156', 'Salitral');
INSERT INTO `ubicacion_distrito` VALUES ('1579', '20', '159', 'Parias');
INSERT INTO `ubicacion_distrito` VALUES ('1580', '20', '159', 'El Alto');
INSERT INTO `ubicacion_distrito` VALUES ('1581', '20', '159', 'La Brea');
INSERT INTO `ubicacion_distrito` VALUES ('1582', '20', '159', 'Lobitos');
INSERT INTO `ubicacion_distrito` VALUES ('1583', '20', '159', 'Los Organos');
INSERT INTO `ubicacion_distrito` VALUES ('1584', '20', '159', 'Mancora');
INSERT INTO `ubicacion_distrito` VALUES ('1585', '20', '160', 'Sechura');
INSERT INTO `ubicacion_distrito` VALUES ('1586', '20', '160', 'Bellavista De La Union');
INSERT INTO `ubicacion_distrito` VALUES ('1587', '20', '160', 'Bernal');
INSERT INTO `ubicacion_distrito` VALUES ('1588', '20', '160', 'Cristo Nos Valga');
INSERT INTO `ubicacion_distrito` VALUES ('1589', '20', '160', 'Vice');
INSERT INTO `ubicacion_distrito` VALUES ('1590', '20', '160', 'Rinconada Llicuar');
INSERT INTO `ubicacion_distrito` VALUES ('1591', '21', '161', 'Puno');
INSERT INTO `ubicacion_distrito` VALUES ('1592', '21', '161', 'Acora');
INSERT INTO `ubicacion_distrito` VALUES ('1593', '21', '161', 'Amantani');
INSERT INTO `ubicacion_distrito` VALUES ('1594', '21', '161', 'Atuncolla');
INSERT INTO `ubicacion_distrito` VALUES ('1595', '21', '161', 'Capachica');
INSERT INTO `ubicacion_distrito` VALUES ('1596', '21', '161', 'Chucuito');
INSERT INTO `ubicacion_distrito` VALUES ('1597', '21', '161', 'Coata');
INSERT INTO `ubicacion_distrito` VALUES ('1598', '2', '19', 'Huata');
INSERT INTO `ubicacion_distrito` VALUES ('1599', '21', '161', 'Maazo');
INSERT INTO `ubicacion_distrito` VALUES ('1600', '21', '161', 'Paucarcolla');
INSERT INTO `ubicacion_distrito` VALUES ('1601', '21', '161', 'Pichacani');
INSERT INTO `ubicacion_distrito` VALUES ('1602', '21', '161', 'Plateria');
INSERT INTO `ubicacion_distrito` VALUES ('1603', '3', '34', 'San Antonio');
INSERT INTO `ubicacion_distrito` VALUES ('1604', '21', '161', 'Tiquillaca');
INSERT INTO `ubicacion_distrito` VALUES ('1605', '21', '161', 'Vilque');
INSERT INTO `ubicacion_distrito` VALUES ('1606', '15', '137', 'Azangaro');
INSERT INTO `ubicacion_distrito` VALUES ('1607', '21', '162', 'Achaya');
INSERT INTO `ubicacion_distrito` VALUES ('1608', '21', '162', 'Arapa');
INSERT INTO `ubicacion_distrito` VALUES ('1609', '21', '162', 'Asillo');
INSERT INTO `ubicacion_distrito` VALUES ('1610', '21', '162', 'Caminaca');
INSERT INTO `ubicacion_distrito` VALUES ('1611', '21', '162', 'Chupa');
INSERT INTO `ubicacion_distrito` VALUES ('1612', '21', '162', 'Jose Domingo Choquehuanca');
INSERT INTO `ubicacion_distrito` VALUES ('1613', '21', '162', 'Muani');
INSERT INTO `ubicacion_distrito` VALUES ('1614', '21', '162', 'Potoni');
INSERT INTO `ubicacion_distrito` VALUES ('1615', '21', '162', 'Saman');
INSERT INTO `ubicacion_distrito` VALUES ('1616', '21', '162', 'San Anton');
INSERT INTO `ubicacion_distrito` VALUES ('1617', '13', '119', 'San Jose');
INSERT INTO `ubicacion_distrito` VALUES ('1618', '21', '162', 'San Juan De Salinas');
INSERT INTO `ubicacion_distrito` VALUES ('1619', '21', '162', 'Santiago De Pupuja');
INSERT INTO `ubicacion_distrito` VALUES ('1620', '21', '162', 'Tirapata');
INSERT INTO `ubicacion_distrito` VALUES ('1621', '21', '163', 'Macusani');
INSERT INTO `ubicacion_distrito` VALUES ('1622', '21', '163', 'Ajoyani');
INSERT INTO `ubicacion_distrito` VALUES ('1623', '21', '163', 'Ayapata');
INSERT INTO `ubicacion_distrito` VALUES ('1624', '21', '163', 'Coasa');
INSERT INTO `ubicacion_distrito` VALUES ('1625', '21', '163', 'Corani');
INSERT INTO `ubicacion_distrito` VALUES ('1626', '21', '163', 'Crucero');
INSERT INTO `ubicacion_distrito` VALUES ('1627', '21', '163', 'Ituata');
INSERT INTO `ubicacion_distrito` VALUES ('1628', '21', '163', 'Ollachea');
INSERT INTO `ubicacion_distrito` VALUES ('1629', '21', '163', 'San Gaban');
INSERT INTO `ubicacion_distrito` VALUES ('1630', '21', '163', 'Usicayos');
INSERT INTO `ubicacion_distrito` VALUES ('1631', '21', '164', 'Juli');
INSERT INTO `ubicacion_distrito` VALUES ('1632', '21', '164', 'Desaguadero');
INSERT INTO `ubicacion_distrito` VALUES ('1633', '21', '164', 'Huacullani');
INSERT INTO `ubicacion_distrito` VALUES ('1634', '21', '164', 'Kelluyo');
INSERT INTO `ubicacion_distrito` VALUES ('1635', '21', '164', 'Pisacoma');
INSERT INTO `ubicacion_distrito` VALUES ('1636', '21', '164', 'Pomata');
INSERT INTO `ubicacion_distrito` VALUES ('1637', '21', '164', 'Zepita');
INSERT INTO `ubicacion_distrito` VALUES ('1638', '21', '165', 'Ilave');
INSERT INTO `ubicacion_distrito` VALUES ('1639', '21', '165', 'Capazo');
INSERT INTO `ubicacion_distrito` VALUES ('1640', '21', '165', 'Pilcuyo');
INSERT INTO `ubicacion_distrito` VALUES ('1641', '1', '6', 'Santa Rosa');
INSERT INTO `ubicacion_distrito` VALUES ('1642', '21', '165', 'Conduriri');
INSERT INTO `ubicacion_distrito` VALUES ('1643', '21', '166', 'Huancane');
INSERT INTO `ubicacion_distrito` VALUES ('1644', '21', '166', 'Cojata');
INSERT INTO `ubicacion_distrito` VALUES ('1645', '21', '166', 'Huatasani');
INSERT INTO `ubicacion_distrito` VALUES ('1646', '21', '166', 'Inchupalla');
INSERT INTO `ubicacion_distrito` VALUES ('1647', '21', '166', 'Pusi');
INSERT INTO `ubicacion_distrito` VALUES ('1648', '21', '166', 'Rosaspata');
INSERT INTO `ubicacion_distrito` VALUES ('1649', '21', '166', 'Taraco');
INSERT INTO `ubicacion_distrito` VALUES ('1650', '21', '166', 'Vilque Chico');
INSERT INTO `ubicacion_distrito` VALUES ('1651', '5', '50', 'Lampa');
INSERT INTO `ubicacion_distrito` VALUES ('1652', '21', '167', 'Cabanilla');
INSERT INTO `ubicacion_distrito` VALUES ('1653', '21', '167', 'Calapuja');
INSERT INTO `ubicacion_distrito` VALUES ('1654', '21', '167', 'Nicasio');
INSERT INTO `ubicacion_distrito` VALUES ('1655', '21', '167', 'Ocuviri');
INSERT INTO `ubicacion_distrito` VALUES ('1656', '9', '81', 'Palca');
INSERT INTO `ubicacion_distrito` VALUES ('1657', '21', '167', 'Paratia');
INSERT INTO `ubicacion_distrito` VALUES ('1658', '6', '61', 'Pucara');
INSERT INTO `ubicacion_distrito` VALUES ('1659', '5', '48', 'Santa Lucia');
INSERT INTO `ubicacion_distrito` VALUES ('1660', '21', '167', 'Vilavila');
INSERT INTO `ubicacion_distrito` VALUES ('1661', '15', '137', 'Ayaviri');
INSERT INTO `ubicacion_distrito` VALUES ('1662', '21', '168', 'Antauta');
INSERT INTO `ubicacion_distrito` VALUES ('1663', '21', '168', 'Cupi');
INSERT INTO `ubicacion_distrito` VALUES ('1664', '21', '168', 'Llalli');
INSERT INTO `ubicacion_distrito` VALUES ('1665', '21', '168', 'Macari');
INSERT INTO `ubicacion_distrito` VALUES ('1666', '21', '168', 'Nuoa');
INSERT INTO `ubicacion_distrito` VALUES ('1667', '21', '168', 'Orurillo');
INSERT INTO `ubicacion_distrito` VALUES ('1668', '1', '6', 'Santa Rosa');
INSERT INTO `ubicacion_distrito` VALUES ('1669', '21', '168', 'Umachiri');
INSERT INTO `ubicacion_distrito` VALUES ('1670', '21', '169', 'Moho');
INSERT INTO `ubicacion_distrito` VALUES ('1671', '21', '169', 'Conima');
INSERT INTO `ubicacion_distrito` VALUES ('1672', '21', '169', 'Huayrapata');
INSERT INTO `ubicacion_distrito` VALUES ('1673', '21', '169', 'Tilali');
INSERT INTO `ubicacion_distrito` VALUES ('1674', '21', '170', 'Putina');
INSERT INTO `ubicacion_distrito` VALUES ('1675', '21', '170', 'Ananea');
INSERT INTO `ubicacion_distrito` VALUES ('1676', '21', '170', 'Pedro Vilca Apaza');
INSERT INTO `ubicacion_distrito` VALUES ('1677', '21', '170', 'Quilcapuncu');
INSERT INTO `ubicacion_distrito` VALUES ('1678', '21', '170', 'Sina');
INSERT INTO `ubicacion_distrito` VALUES ('1679', '21', '171', 'Juliaca');
INSERT INTO `ubicacion_distrito` VALUES ('1680', '2', '22', 'Cabana');
INSERT INTO `ubicacion_distrito` VALUES ('1681', '21', '171', 'Cabanillas');
INSERT INTO `ubicacion_distrito` VALUES ('1682', '21', '171', 'Caracoto');
INSERT INTO `ubicacion_distrito` VALUES ('1683', '21', '172', 'Sandia');
INSERT INTO `ubicacion_distrito` VALUES ('1684', '21', '172', 'Cuyocuyo');
INSERT INTO `ubicacion_distrito` VALUES ('1685', '21', '172', 'Limbani');
INSERT INTO `ubicacion_distrito` VALUES ('1686', '21', '172', 'Patambuco');
INSERT INTO `ubicacion_distrito` VALUES ('1687', '21', '172', 'Phara');
INSERT INTO `ubicacion_distrito` VALUES ('1688', '21', '172', 'Quiaca');
INSERT INTO `ubicacion_distrito` VALUES ('1689', '21', '172', 'San Juan Del Oro');
INSERT INTO `ubicacion_distrito` VALUES ('1690', '21', '172', 'Yanahuaya');
INSERT INTO `ubicacion_distrito` VALUES ('1691', '21', '172', 'Alto Inambari');
INSERT INTO `ubicacion_distrito` VALUES ('1692', '21', '173', 'Yunguyo');
INSERT INTO `ubicacion_distrito` VALUES ('1693', '21', '173', 'Anapia');
INSERT INTO `ubicacion_distrito` VALUES ('1694', '21', '173', 'Copani');
INSERT INTO `ubicacion_distrito` VALUES ('1695', '21', '173', 'Cuturapi');
INSERT INTO `ubicacion_distrito` VALUES ('1696', '21', '173', 'Ollaraya');
INSERT INTO `ubicacion_distrito` VALUES ('1697', '21', '173', 'Tinicachi');
INSERT INTO `ubicacion_distrito` VALUES ('1698', '21', '173', 'Unicachi');
INSERT INTO `ubicacion_distrito` VALUES ('1699', '22', '174', 'Moyobamba');
INSERT INTO `ubicacion_distrito` VALUES ('1700', '22', '174', 'Calzada');
INSERT INTO `ubicacion_distrito` VALUES ('1701', '22', '174', 'Habana');
INSERT INTO `ubicacion_distrito` VALUES ('1702', '22', '174', 'Jepelacio');
INSERT INTO `ubicacion_distrito` VALUES ('1703', '22', '174', 'Soritor');
INSERT INTO `ubicacion_distrito` VALUES ('1704', '22', '174', 'Yantalo');
INSERT INTO `ubicacion_distrito` VALUES ('1705', '6', '61', 'Bellavista');
INSERT INTO `ubicacion_distrito` VALUES ('1706', '22', '175', 'Alto Biavo');
INSERT INTO `ubicacion_distrito` VALUES ('1707', '22', '175', 'Bajo Biavo');
INSERT INTO `ubicacion_distrito` VALUES ('1708', '22', '175', 'Huallaga');
INSERT INTO `ubicacion_distrito` VALUES ('1709', '6', '65', 'San Pablo');
INSERT INTO `ubicacion_distrito` VALUES ('1710', '10', '89', 'San Rafael');
INSERT INTO `ubicacion_distrito` VALUES ('1711', '22', '176', 'San Jose De Sisa');
INSERT INTO `ubicacion_distrito` VALUES ('1712', '22', '176', 'Agua Blanca');
INSERT INTO `ubicacion_distrito` VALUES ('1713', '22', '176', 'San Martin');
INSERT INTO `ubicacion_distrito` VALUES ('1714', '1', '6', 'Santa Rosa');
INSERT INTO `ubicacion_distrito` VALUES ('1715', '22', '176', 'Shatoja');
INSERT INTO `ubicacion_distrito` VALUES ('1716', '22', '177', 'Saposoa');
INSERT INTO `ubicacion_distrito` VALUES ('1717', '22', '177', 'Alto Saposoa');
INSERT INTO `ubicacion_distrito` VALUES ('1718', '22', '177', 'El Eslabon');
INSERT INTO `ubicacion_distrito` VALUES ('1719', '22', '177', 'Piscoyacu');
INSERT INTO `ubicacion_distrito` VALUES ('1720', '22', '177', 'Sacanche');
INSERT INTO `ubicacion_distrito` VALUES ('1721', '22', '177', 'Tingo De Saposoa');
INSERT INTO `ubicacion_distrito` VALUES ('1722', '22', '178', 'Lamas');
INSERT INTO `ubicacion_distrito` VALUES ('1723', '22', '178', 'Alonso De Alvarado');
INSERT INTO `ubicacion_distrito` VALUES ('1724', '22', '178', 'Barranquita');
INSERT INTO `ubicacion_distrito` VALUES ('1725', '22', '178', 'Caynarachi 1/');
INSERT INTO `ubicacion_distrito` VALUES ('1726', '22', '178', 'Cuumbuqui');
INSERT INTO `ubicacion_distrito` VALUES ('1727', '22', '178', 'Pinto Recodo');
INSERT INTO `ubicacion_distrito` VALUES ('1728', '22', '178', 'Rumisapa');
INSERT INTO `ubicacion_distrito` VALUES ('1729', '22', '178', 'San Roque De Cumbaza');
INSERT INTO `ubicacion_distrito` VALUES ('1730', '22', '178', 'Shanao');
INSERT INTO `ubicacion_distrito` VALUES ('1731', '22', '178', 'Tabalosos');
INSERT INTO `ubicacion_distrito` VALUES ('1732', '22', '178', 'Zapatero');
INSERT INTO `ubicacion_distrito` VALUES ('1733', '22', '179', 'Juanjui');
INSERT INTO `ubicacion_distrito` VALUES ('1734', '22', '179', 'Campanilla');
INSERT INTO `ubicacion_distrito` VALUES ('1735', '22', '179', 'Huicungo');
INSERT INTO `ubicacion_distrito` VALUES ('1736', '22', '179', 'Pachiza');
INSERT INTO `ubicacion_distrito` VALUES ('1737', '22', '179', 'Pajarillo');
INSERT INTO `ubicacion_distrito` VALUES ('1738', '22', '180', 'Picota');
INSERT INTO `ubicacion_distrito` VALUES ('1739', '20', '156', 'Buenos Aires');
INSERT INTO `ubicacion_distrito` VALUES ('1740', '22', '180', 'Caspisapa');
INSERT INTO `ubicacion_distrito` VALUES ('1741', '22', '180', 'Pilluana');
INSERT INTO `ubicacion_distrito` VALUES ('1742', '22', '180', 'Pucacaca');
INSERT INTO `ubicacion_distrito` VALUES ('1743', '1', '5', 'San Cristobal');
INSERT INTO `ubicacion_distrito` VALUES ('1744', '22', '180', 'San Hilarion');
INSERT INTO `ubicacion_distrito` VALUES ('1745', '22', '180', 'Shamboyacu');
INSERT INTO `ubicacion_distrito` VALUES ('1746', '22', '180', 'Tingo De Ponasa');
INSERT INTO `ubicacion_distrito` VALUES ('1747', '22', '180', 'Tres Unidos');
INSERT INTO `ubicacion_distrito` VALUES ('1748', '22', '181', 'Rioja');
INSERT INTO `ubicacion_distrito` VALUES ('1749', '22', '181', 'Awajun');
INSERT INTO `ubicacion_distrito` VALUES ('1750', '22', '181', 'Elias Soplin Vargas');
INSERT INTO `ubicacion_distrito` VALUES ('1751', '22', '181', 'Nueva Cajamarca');
INSERT INTO `ubicacion_distrito` VALUES ('1752', '22', '181', 'Pardo Miguel');
INSERT INTO `ubicacion_distrito` VALUES ('1753', '22', '181', 'Posic');
INSERT INTO `ubicacion_distrito` VALUES ('1754', '22', '181', 'San Fernando');
INSERT INTO `ubicacion_distrito` VALUES ('1755', '22', '181', 'Yorongos');
INSERT INTO `ubicacion_distrito` VALUES ('1756', '22', '181', 'Yuracyacu');
INSERT INTO `ubicacion_distrito` VALUES ('1757', '22', '182', 'Tarapoto');
INSERT INTO `ubicacion_distrito` VALUES ('1758', '22', '182', 'Alberto Leveau');
INSERT INTO `ubicacion_distrito` VALUES ('1759', '22', '182', 'Cacatachi');
INSERT INTO `ubicacion_distrito` VALUES ('1760', '22', '182', 'Chazuta');
INSERT INTO `ubicacion_distrito` VALUES ('1761', '22', '182', 'Chipurana');
INSERT INTO `ubicacion_distrito` VALUES ('1762', '13', '113', 'El Porvenir');
INSERT INTO `ubicacion_distrito` VALUES ('1763', '22', '182', 'Huimbayoc');
INSERT INTO `ubicacion_distrito` VALUES ('1764', '22', '182', 'Juan Guerra');
INSERT INTO `ubicacion_distrito` VALUES ('1765', '22', '182', 'La Banda De Shilcayo');
INSERT INTO `ubicacion_distrito` VALUES ('1766', '22', '182', 'Morales');
INSERT INTO `ubicacion_distrito` VALUES ('1767', '22', '182', 'Papaplaya');
INSERT INTO `ubicacion_distrito` VALUES ('1768', '3', '34', 'San Antonio');
INSERT INTO `ubicacion_distrito` VALUES ('1769', '22', '182', 'Sauce');
INSERT INTO `ubicacion_distrito` VALUES ('1770', '22', '182', 'Shapaja');
INSERT INTO `ubicacion_distrito` VALUES ('1771', '22', '183', 'Tocache');
INSERT INTO `ubicacion_distrito` VALUES ('1772', '22', '183', 'Nuevo Progreso');
INSERT INTO `ubicacion_distrito` VALUES ('1773', '22', '183', 'Polvora');
INSERT INTO `ubicacion_distrito` VALUES ('1774', '22', '183', 'Shunte');
INSERT INTO `ubicacion_distrito` VALUES ('1775', '22', '183', 'Uchiza');
INSERT INTO `ubicacion_distrito` VALUES ('1776', '23', '184', 'Tacna');
INSERT INTO `ubicacion_distrito` VALUES ('1777', '23', '184', 'Alto De La Alianza');
INSERT INTO `ubicacion_distrito` VALUES ('1778', '23', '184', 'Calana');
INSERT INTO `ubicacion_distrito` VALUES ('1779', '23', '184', 'Ciudad Nueva');
INSERT INTO `ubicacion_distrito` VALUES ('1780', '23', '184', 'Inclan');
INSERT INTO `ubicacion_distrito` VALUES ('1781', '23', '184', 'Pachia');
INSERT INTO `ubicacion_distrito` VALUES ('1782', '9', '81', 'Palca');
INSERT INTO `ubicacion_distrito` VALUES ('1783', '23', '184', 'Pocollay');
INSERT INTO `ubicacion_distrito` VALUES ('1784', '23', '184', 'Sama');
INSERT INTO `ubicacion_distrito` VALUES ('1785', '23', '184', 'Coronel Gregorio Albarracn Lanchipa');
INSERT INTO `ubicacion_distrito` VALUES ('1786', '23', '185', 'Candarave');
INSERT INTO `ubicacion_distrito` VALUES ('1787', '23', '185', 'Cairani');
INSERT INTO `ubicacion_distrito` VALUES ('1788', '23', '185', 'Camilaca');
INSERT INTO `ubicacion_distrito` VALUES ('1789', '23', '185', 'Curibaya');
INSERT INTO `ubicacion_distrito` VALUES ('1790', '23', '185', 'Huanuara');
INSERT INTO `ubicacion_distrito` VALUES ('1791', '23', '185', 'Quilahuani');
INSERT INTO `ubicacion_distrito` VALUES ('1792', '23', '186', 'Locumba');
INSERT INTO `ubicacion_distrito` VALUES ('1793', '23', '186', 'Ilabaya');
INSERT INTO `ubicacion_distrito` VALUES ('1794', '23', '186', 'Ite');
INSERT INTO `ubicacion_distrito` VALUES ('1795', '23', '187', 'Tarata');
INSERT INTO `ubicacion_distrito` VALUES ('1796', '23', '187', 'Chucatamani');
INSERT INTO `ubicacion_distrito` VALUES ('1797', '23', '187', 'Estique');
INSERT INTO `ubicacion_distrito` VALUES ('1798', '23', '187', 'Estique-Pampa');
INSERT INTO `ubicacion_distrito` VALUES ('1799', '23', '187', 'Sitajara');
INSERT INTO `ubicacion_distrito` VALUES ('1800', '23', '187', 'Susapaya');
INSERT INTO `ubicacion_distrito` VALUES ('1801', '23', '187', 'Tarucachi');
INSERT INTO `ubicacion_distrito` VALUES ('1802', '23', '187', 'Ticaco');
INSERT INTO `ubicacion_distrito` VALUES ('1803', '24', '188', 'Tumbes');
INSERT INTO `ubicacion_distrito` VALUES ('1804', '24', '188', 'Corrales');
INSERT INTO `ubicacion_distrito` VALUES ('1805', '24', '188', 'La Cruz');
INSERT INTO `ubicacion_distrito` VALUES ('1806', '24', '188', 'Pampas De Hospital');
INSERT INTO `ubicacion_distrito` VALUES ('1807', '24', '188', 'San Jacinto');
INSERT INTO `ubicacion_distrito` VALUES ('1808', '24', '188', 'San Juan De La Virgen');
INSERT INTO `ubicacion_distrito` VALUES ('1809', '24', '189', 'Zorritos');
INSERT INTO `ubicacion_distrito` VALUES ('1810', '24', '189', 'Casitas');
INSERT INTO `ubicacion_distrito` VALUES ('1811', '24', '190', 'Zarumilla');
INSERT INTO `ubicacion_distrito` VALUES ('1812', '24', '190', 'Aguas Verdes');
INSERT INTO `ubicacion_distrito` VALUES ('1813', '24', '190', 'Matapalo');
INSERT INTO `ubicacion_distrito` VALUES ('1814', '24', '190', 'Papayal');
INSERT INTO `ubicacion_distrito` VALUES ('1815', '25', '191', 'Calleria');
INSERT INTO `ubicacion_distrito` VALUES ('1816', '25', '191', 'Campoverde');
INSERT INTO `ubicacion_distrito` VALUES ('1817', '25', '191', 'Iparia');
INSERT INTO `ubicacion_distrito` VALUES ('1818', '25', '191', 'Masisea');
INSERT INTO `ubicacion_distrito` VALUES ('1819', '25', '191', 'Yarinacocha');
INSERT INTO `ubicacion_distrito` VALUES ('1820', '25', '191', 'Nueva Requena');
INSERT INTO `ubicacion_distrito` VALUES ('1821', '25', '192', 'Raymondi');
INSERT INTO `ubicacion_distrito` VALUES ('1822', '25', '192', 'Sepahua');
INSERT INTO `ubicacion_distrito` VALUES ('1823', '25', '192', 'Tahuania');
INSERT INTO `ubicacion_distrito` VALUES ('1824', '25', '192', 'Yurua');
INSERT INTO `ubicacion_distrito` VALUES ('1825', '25', '193', 'Padre Abad');
INSERT INTO `ubicacion_distrito` VALUES ('1826', '25', '193', 'Irazola');
INSERT INTO `ubicacion_distrito` VALUES ('1827', '25', '193', 'Curimana');
INSERT INTO `ubicacion_distrito` VALUES ('1828', '25', '194', 'Puru');
INSERT INTO `ubicacion_distrito` VALUES ('1829', '15', '128', 'Pueblo Libre');

-- ----------------------------
-- Table structure for ubicacion_provincia
-- ----------------------------
DROP TABLE IF EXISTS `ubicacion_provincia`;
CREATE TABLE `ubicacion_provincia` (
  `idProvincia` int(11) unsigned NOT NULL AUTO_INCREMENT,
  `idDepartamento` int(11) unsigned NOT NULL,
  `Nombre` varchar(80) NOT NULL,
  PRIMARY KEY (`idProvincia`)
) ENGINE=MyISAM AUTO_INCREMENT=195 DEFAULT CHARSET=utf8;

-- ----------------------------
-- Records of ubicacion_provincia
-- ----------------------------
INSERT INTO `ubicacion_provincia` VALUES ('1', '1', 'Chachapoyas');
INSERT INTO `ubicacion_provincia` VALUES ('2', '1', 'Bagua');
INSERT INTO `ubicacion_provincia` VALUES ('3', '1', 'Bongara');
INSERT INTO `ubicacion_provincia` VALUES ('4', '1', 'Condorcanqui');
INSERT INTO `ubicacion_provincia` VALUES ('5', '1', 'Luya');
INSERT INTO `ubicacion_provincia` VALUES ('6', '1', 'Rodriguez De Mendo');
INSERT INTO `ubicacion_provincia` VALUES ('7', '1', 'Utcubamba');
INSERT INTO `ubicacion_provincia` VALUES ('8', '2', 'Huaraz');
INSERT INTO `ubicacion_provincia` VALUES ('9', '2', 'Aija');
INSERT INTO `ubicacion_provincia` VALUES ('10', '2', 'Antonio Raymondi');
INSERT INTO `ubicacion_provincia` VALUES ('11', '2', 'Asuncion');
INSERT INTO `ubicacion_provincia` VALUES ('12', '2', 'Bolognesi');
INSERT INTO `ubicacion_provincia` VALUES ('13', '2', 'Carhuaz');
INSERT INTO `ubicacion_provincia` VALUES ('14', '2', 'Carlos F. Fitzcarrald');
INSERT INTO `ubicacion_provincia` VALUES ('15', '2', 'Casma');
INSERT INTO `ubicacion_provincia` VALUES ('16', '2', 'Corongo');
INSERT INTO `ubicacion_provincia` VALUES ('17', '2', 'Huari');
INSERT INTO `ubicacion_provincia` VALUES ('18', '2', 'Huarmey');
INSERT INTO `ubicacion_provincia` VALUES ('19', '2', 'Huaylas');
INSERT INTO `ubicacion_provincia` VALUES ('20', '2', 'Mariscal Luzuriaga');
INSERT INTO `ubicacion_provincia` VALUES ('21', '2', 'Ocros');
INSERT INTO `ubicacion_provincia` VALUES ('22', '2', 'Pallasca');
INSERT INTO `ubicacion_provincia` VALUES ('23', '2', 'Pomabamba');
INSERT INTO `ubicacion_provincia` VALUES ('24', '2', 'Recuay');
INSERT INTO `ubicacion_provincia` VALUES ('25', '2', 'Santa');
INSERT INTO `ubicacion_provincia` VALUES ('26', '2', 'Sihuas');
INSERT INTO `ubicacion_provincia` VALUES ('27', '2', 'Yungay');
INSERT INTO `ubicacion_provincia` VALUES ('28', '3', 'Abancay');
INSERT INTO `ubicacion_provincia` VALUES ('29', '3', 'Andahuaylas');
INSERT INTO `ubicacion_provincia` VALUES ('30', '3', 'Antabamba');
INSERT INTO `ubicacion_provincia` VALUES ('31', '3', 'Aymaraes');
INSERT INTO `ubicacion_provincia` VALUES ('32', '3', 'Cotabambas');
INSERT INTO `ubicacion_provincia` VALUES ('33', '3', 'Chincheros');
INSERT INTO `ubicacion_provincia` VALUES ('34', '3', 'Grau');
INSERT INTO `ubicacion_provincia` VALUES ('35', '4', 'Arequipa');
INSERT INTO `ubicacion_provincia` VALUES ('36', '4', 'Camana');
INSERT INTO `ubicacion_provincia` VALUES ('37', '4', 'Caraveli');
INSERT INTO `ubicacion_provincia` VALUES ('38', '4', 'Castilla');
INSERT INTO `ubicacion_provincia` VALUES ('39', '4', 'Caylloma');
INSERT INTO `ubicacion_provincia` VALUES ('40', '4', 'Condesuyos');
INSERT INTO `ubicacion_provincia` VALUES ('41', '4', 'Islay');
INSERT INTO `ubicacion_provincia` VALUES ('42', '4', 'La Union');
INSERT INTO `ubicacion_provincia` VALUES ('43', '5', 'Huamanga');
INSERT INTO `ubicacion_provincia` VALUES ('44', '5', 'Cangallo');
INSERT INTO `ubicacion_provincia` VALUES ('45', '5', 'Huanca Sancos');
INSERT INTO `ubicacion_provincia` VALUES ('46', '5', 'Huanta');
INSERT INTO `ubicacion_provincia` VALUES ('47', '5', 'La Mar');
INSERT INTO `ubicacion_provincia` VALUES ('48', '5', 'Lucanas');
INSERT INTO `ubicacion_provincia` VALUES ('49', '5', 'Parinacochas');
INSERT INTO `ubicacion_provincia` VALUES ('50', '5', 'Paucar Del Sara Sara');
INSERT INTO `ubicacion_provincia` VALUES ('51', '5', 'Sucre');
INSERT INTO `ubicacion_provincia` VALUES ('52', '5', 'Victor Fajardo');
INSERT INTO `ubicacion_provincia` VALUES ('53', '5', 'Vilcas Huaman');
INSERT INTO `ubicacion_provincia` VALUES ('54', '6', 'Cajamarca');
INSERT INTO `ubicacion_provincia` VALUES ('55', '6', 'Cajabamba');
INSERT INTO `ubicacion_provincia` VALUES ('56', '6', 'Celendin');
INSERT INTO `ubicacion_provincia` VALUES ('57', '6', 'Chota');
INSERT INTO `ubicacion_provincia` VALUES ('58', '6', 'Contumaza');
INSERT INTO `ubicacion_provincia` VALUES ('59', '6', 'Cutervo');
INSERT INTO `ubicacion_provincia` VALUES ('60', '6', 'Hualgayoc');
INSERT INTO `ubicacion_provincia` VALUES ('61', '6', 'Jaen');
INSERT INTO `ubicacion_provincia` VALUES ('62', '6', 'San Ignacio');
INSERT INTO `ubicacion_provincia` VALUES ('63', '6', 'San Marcos');
INSERT INTO `ubicacion_provincia` VALUES ('64', '6', 'San Miguel');
INSERT INTO `ubicacion_provincia` VALUES ('65', '6', 'San Pablo');
INSERT INTO `ubicacion_provincia` VALUES ('66', '6', 'Santa Cruz');
INSERT INTO `ubicacion_provincia` VALUES ('67', '7', 'Callao');
INSERT INTO `ubicacion_provincia` VALUES ('68', '8', 'Cusco');
INSERT INTO `ubicacion_provincia` VALUES ('69', '8', 'Acomayo');
INSERT INTO `ubicacion_provincia` VALUES ('70', '8', 'Anta');
INSERT INTO `ubicacion_provincia` VALUES ('71', '8', 'Calca');
INSERT INTO `ubicacion_provincia` VALUES ('72', '8', 'Canas');
INSERT INTO `ubicacion_provincia` VALUES ('73', '8', 'Canchis');
INSERT INTO `ubicacion_provincia` VALUES ('74', '8', 'Chumbivilcas');
INSERT INTO `ubicacion_provincia` VALUES ('75', '8', 'Espinar');
INSERT INTO `ubicacion_provincia` VALUES ('76', '8', 'La Convencion');
INSERT INTO `ubicacion_provincia` VALUES ('77', '8', 'Paruro');
INSERT INTO `ubicacion_provincia` VALUES ('78', '8', 'Paucartambo');
INSERT INTO `ubicacion_provincia` VALUES ('79', '8', 'Quispicanchi');
INSERT INTO `ubicacion_provincia` VALUES ('80', '8', 'Urubamba');
INSERT INTO `ubicacion_provincia` VALUES ('81', '9', 'Huancavelica');
INSERT INTO `ubicacion_provincia` VALUES ('82', '9', 'Acobamba');
INSERT INTO `ubicacion_provincia` VALUES ('83', '9', 'Angaraes');
INSERT INTO `ubicacion_provincia` VALUES ('84', '9', 'Castrovirreyna');
INSERT INTO `ubicacion_provincia` VALUES ('85', '9', 'Churcampa');
INSERT INTO `ubicacion_provincia` VALUES ('86', '9', 'Huaytara');
INSERT INTO `ubicacion_provincia` VALUES ('87', '9', 'Tayacaja');
INSERT INTO `ubicacion_provincia` VALUES ('88', '10', 'Huanuco');
INSERT INTO `ubicacion_provincia` VALUES ('89', '10', 'Ambo');
INSERT INTO `ubicacion_provincia` VALUES ('90', '10', 'Dos De Mayo');
INSERT INTO `ubicacion_provincia` VALUES ('91', '10', 'Huacaybamba');
INSERT INTO `ubicacion_provincia` VALUES ('92', '10', 'Huamalies');
INSERT INTO `ubicacion_provincia` VALUES ('93', '10', 'Leoncio Prado');
INSERT INTO `ubicacion_provincia` VALUES ('94', '10', 'Maraon');
INSERT INTO `ubicacion_provincia` VALUES ('95', '10', 'Pachitea');
INSERT INTO `ubicacion_provincia` VALUES ('96', '10', 'Puerto Inca');
INSERT INTO `ubicacion_provincia` VALUES ('97', '10', 'Lauricocha');
INSERT INTO `ubicacion_provincia` VALUES ('98', '10', 'Yarowilca');
INSERT INTO `ubicacion_provincia` VALUES ('99', '11', 'Ica');
INSERT INTO `ubicacion_provincia` VALUES ('100', '11', 'Chincha');
INSERT INTO `ubicacion_provincia` VALUES ('101', '11', 'Nazca');
INSERT INTO `ubicacion_provincia` VALUES ('102', '11', 'Palpa');
INSERT INTO `ubicacion_provincia` VALUES ('103', '11', 'Pisco');
INSERT INTO `ubicacion_provincia` VALUES ('104', '12', 'Huancayo');
INSERT INTO `ubicacion_provincia` VALUES ('105', '12', 'Concepcion');
INSERT INTO `ubicacion_provincia` VALUES ('106', '12', 'Chanchamayo');
INSERT INTO `ubicacion_provincia` VALUES ('107', '12', 'Jauja');
INSERT INTO `ubicacion_provincia` VALUES ('108', '12', 'Junin');
INSERT INTO `ubicacion_provincia` VALUES ('109', '12', 'Satipo');
INSERT INTO `ubicacion_provincia` VALUES ('110', '12', 'Tarma');
INSERT INTO `ubicacion_provincia` VALUES ('111', '12', 'Yauli');
INSERT INTO `ubicacion_provincia` VALUES ('112', '12', 'Chupaca');
INSERT INTO `ubicacion_provincia` VALUES ('113', '13', 'Trujillo');
INSERT INTO `ubicacion_provincia` VALUES ('114', '13', 'Ascope');
INSERT INTO `ubicacion_provincia` VALUES ('115', '13', 'Bolivar');
INSERT INTO `ubicacion_provincia` VALUES ('116', '13', 'Chepen');
INSERT INTO `ubicacion_provincia` VALUES ('117', '13', 'Julcan');
INSERT INTO `ubicacion_provincia` VALUES ('118', '13', 'Otuzco');
INSERT INTO `ubicacion_provincia` VALUES ('119', '13', 'Pacasmayo');
INSERT INTO `ubicacion_provincia` VALUES ('120', '13', 'Pataz');
INSERT INTO `ubicacion_provincia` VALUES ('121', '13', 'Sanchez Carrion');
INSERT INTO `ubicacion_provincia` VALUES ('122', '13', 'Santiago De Chuco');
INSERT INTO `ubicacion_provincia` VALUES ('123', '13', 'Gran Chimu');
INSERT INTO `ubicacion_provincia` VALUES ('124', '13', 'Viru');
INSERT INTO `ubicacion_provincia` VALUES ('125', '14', 'Chiclayo');
INSERT INTO `ubicacion_provincia` VALUES ('126', '14', 'Ferreafe');
INSERT INTO `ubicacion_provincia` VALUES ('127', '14', 'Lambayeque');
INSERT INTO `ubicacion_provincia` VALUES ('128', '15', 'Lima');
INSERT INTO `ubicacion_provincia` VALUES ('129', '15', 'Barranca');
INSERT INTO `ubicacion_provincia` VALUES ('130', '15', 'Cajatambo');
INSERT INTO `ubicacion_provincia` VALUES ('131', '15', 'Canta');
INSERT INTO `ubicacion_provincia` VALUES ('132', '15', 'Caete');
INSERT INTO `ubicacion_provincia` VALUES ('133', '15', 'Huaral');
INSERT INTO `ubicacion_provincia` VALUES ('134', '15', 'Huarochiri');
INSERT INTO `ubicacion_provincia` VALUES ('135', '15', 'Huaura');
INSERT INTO `ubicacion_provincia` VALUES ('136', '15', 'Oyon');
INSERT INTO `ubicacion_provincia` VALUES ('137', '15', 'Yauyos');
INSERT INTO `ubicacion_provincia` VALUES ('138', '16', 'Maynas');
INSERT INTO `ubicacion_provincia` VALUES ('139', '16', 'Alto Amazonas');
INSERT INTO `ubicacion_provincia` VALUES ('140', '16', 'Loreto');
INSERT INTO `ubicacion_provincia` VALUES ('141', '16', 'Mariscal Ramon Castilla');
INSERT INTO `ubicacion_provincia` VALUES ('142', '16', 'Requena');
INSERT INTO `ubicacion_provincia` VALUES ('143', '16', 'Ucayali');
INSERT INTO `ubicacion_provincia` VALUES ('144', '17', 'Tambopata');
INSERT INTO `ubicacion_provincia` VALUES ('145', '17', 'Manu');
INSERT INTO `ubicacion_provincia` VALUES ('146', '17', 'Tahuamanu');
INSERT INTO `ubicacion_provincia` VALUES ('147', '18', 'Mariscal Nieto');
INSERT INTO `ubicacion_provincia` VALUES ('148', '18', 'General Sanchez Cerro');
INSERT INTO `ubicacion_provincia` VALUES ('149', '18', 'Ilo');
INSERT INTO `ubicacion_provincia` VALUES ('150', '19', 'Pasco');
INSERT INTO `ubicacion_provincia` VALUES ('151', '19', 'Daniel Alcides Carrion');
INSERT INTO `ubicacion_provincia` VALUES ('152', '19', 'Oxapampa');
INSERT INTO `ubicacion_provincia` VALUES ('153', '20', 'Piura');
INSERT INTO `ubicacion_provincia` VALUES ('154', '20', 'Ayabaca');
INSERT INTO `ubicacion_provincia` VALUES ('155', '20', 'Huancabamba');
INSERT INTO `ubicacion_provincia` VALUES ('156', '20', 'Morropon');
INSERT INTO `ubicacion_provincia` VALUES ('157', '20', 'Paita');
INSERT INTO `ubicacion_provincia` VALUES ('158', '20', 'Sullana');
INSERT INTO `ubicacion_provincia` VALUES ('159', '20', 'Talara');
INSERT INTO `ubicacion_provincia` VALUES ('160', '20', 'Sechura');
INSERT INTO `ubicacion_provincia` VALUES ('161', '21', 'Puno');
INSERT INTO `ubicacion_provincia` VALUES ('162', '21', 'Azangaro');
INSERT INTO `ubicacion_provincia` VALUES ('163', '21', 'Carabaya');
INSERT INTO `ubicacion_provincia` VALUES ('164', '21', 'Chucuito');
INSERT INTO `ubicacion_provincia` VALUES ('165', '21', 'El Collao');
INSERT INTO `ubicacion_provincia` VALUES ('166', '21', 'Huancane');
INSERT INTO `ubicacion_provincia` VALUES ('167', '21', 'Lampa');
INSERT INTO `ubicacion_provincia` VALUES ('168', '21', 'Melgar');
INSERT INTO `ubicacion_provincia` VALUES ('169', '21', 'Moho');
INSERT INTO `ubicacion_provincia` VALUES ('170', '21', 'San Antonio De Putina');
INSERT INTO `ubicacion_provincia` VALUES ('171', '21', 'San Roman');
INSERT INTO `ubicacion_provincia` VALUES ('172', '21', 'Sandia');
INSERT INTO `ubicacion_provincia` VALUES ('173', '21', 'Yunguyo');
INSERT INTO `ubicacion_provincia` VALUES ('174', '22', 'Moyobamba');
INSERT INTO `ubicacion_provincia` VALUES ('175', '22', 'Bellavista');
INSERT INTO `ubicacion_provincia` VALUES ('176', '22', 'El Dorado');
INSERT INTO `ubicacion_provincia` VALUES ('177', '22', 'Huallaga');
INSERT INTO `ubicacion_provincia` VALUES ('178', '22', 'Lamas');
INSERT INTO `ubicacion_provincia` VALUES ('179', '22', 'Mariscal Caceres');
INSERT INTO `ubicacion_provincia` VALUES ('180', '22', 'Picota');
INSERT INTO `ubicacion_provincia` VALUES ('181', '22', 'Rioja');
INSERT INTO `ubicacion_provincia` VALUES ('182', '22', 'San Martin');
INSERT INTO `ubicacion_provincia` VALUES ('183', '22', 'Tocache');
INSERT INTO `ubicacion_provincia` VALUES ('184', '23', 'Tacna');
INSERT INTO `ubicacion_provincia` VALUES ('185', '23', 'Candarave');
INSERT INTO `ubicacion_provincia` VALUES ('186', '23', 'Jorge Basadre');
INSERT INTO `ubicacion_provincia` VALUES ('187', '23', 'Tarata');
INSERT INTO `ubicacion_provincia` VALUES ('188', '24', 'Tumbes');
INSERT INTO `ubicacion_provincia` VALUES ('189', '24', 'Contralmirante Villar');
INSERT INTO `ubicacion_provincia` VALUES ('190', '24', 'Zarumilla');
INSERT INTO `ubicacion_provincia` VALUES ('191', '25', 'Coronel Portillo');
INSERT INTO `ubicacion_provincia` VALUES ('192', '25', 'Atalaya');
INSERT INTO `ubicacion_provincia` VALUES ('193', '25', 'Padre Abad');
INSERT INTO `ubicacion_provincia` VALUES ('194', '25', 'Purus');

-- ----------------------------
-- Table structure for usuarios_accesos
-- ----------------------------
DROP TABLE IF EXISTS `usuarios_accesos`;
CREATE TABLE `usuarios_accesos` (
  `idAcceso` int(11) unsigned NOT NULL AUTO_INCREMENT,
  `idUsuario` int(11) unsigned NOT NULL,
  `Fecha` date NOT NULL,
  `Hora` time NOT NULL DEFAULT '00:00:00',
  PRIMARY KEY (`idAcceso`)
) ENGINE=MyISAM AUTO_INCREMENT=159 DEFAULT CHARSET=latin1;

-- ----------------------------
-- Records of usuarios_accesos
-- ----------------------------
INSERT INTO `usuarios_accesos` VALUES ('1', '2', '2014-09-23', '10:09:35');
INSERT INTO `usuarios_accesos` VALUES ('2', '2', '2014-09-23', '14:47:23');
INSERT INTO `usuarios_accesos` VALUES ('3', '2', '2014-09-23', '14:49:06');
INSERT INTO `usuarios_accesos` VALUES ('4', '2', '2014-09-23', '14:54:55');
INSERT INTO `usuarios_accesos` VALUES ('5', '2', '2014-09-23', '14:56:09');
INSERT INTO `usuarios_accesos` VALUES ('6', '2', '2014-09-24', '10:46:19');
INSERT INTO `usuarios_accesos` VALUES ('7', '2', '2014-09-24', '11:14:13');
INSERT INTO `usuarios_accesos` VALUES ('8', '2', '2014-09-24', '13:11:58');
INSERT INTO `usuarios_accesos` VALUES ('9', '2', '2014-09-24', '15:45:26');
INSERT INTO `usuarios_accesos` VALUES ('10', '2', '2014-09-24', '16:56:12');
INSERT INTO `usuarios_accesos` VALUES ('11', '2', '2014-09-25', '08:39:30');
INSERT INTO `usuarios_accesos` VALUES ('12', '2', '2014-09-25', '08:39:47');
INSERT INTO `usuarios_accesos` VALUES ('13', '2', '2014-09-25', '09:05:04');
INSERT INTO `usuarios_accesos` VALUES ('14', '2', '2014-09-25', '10:23:21');
INSERT INTO `usuarios_accesos` VALUES ('15', '2', '2014-09-25', '10:43:43');
INSERT INTO `usuarios_accesos` VALUES ('16', '2', '2014-09-25', '10:55:09');
INSERT INTO `usuarios_accesos` VALUES ('17', '2', '2014-09-26', '09:21:20');
INSERT INTO `usuarios_accesos` VALUES ('18', '2', '2014-10-08', '11:39:28');
INSERT INTO `usuarios_accesos` VALUES ('19', '2', '2014-10-08', '11:53:43');
INSERT INTO `usuarios_accesos` VALUES ('20', '2', '2014-10-08', '11:53:49');
INSERT INTO `usuarios_accesos` VALUES ('21', '2', '2014-10-09', '10:49:06');
INSERT INTO `usuarios_accesos` VALUES ('22', '2', '2014-10-09', '14:29:05');
INSERT INTO `usuarios_accesos` VALUES ('23', '2', '2014-10-09', '16:05:35');
INSERT INTO `usuarios_accesos` VALUES ('24', '2', '2014-10-09', '16:05:42');
INSERT INTO `usuarios_accesos` VALUES ('25', '2', '2014-10-10', '09:09:22');
INSERT INTO `usuarios_accesos` VALUES ('26', '2', '2014-10-10', '11:02:00');
INSERT INTO `usuarios_accesos` VALUES ('27', '2', '2014-10-10', '11:02:06');
INSERT INTO `usuarios_accesos` VALUES ('28', '2', '2014-10-10', '12:07:11');
INSERT INTO `usuarios_accesos` VALUES ('29', '2', '2014-10-10', '12:07:16');
INSERT INTO `usuarios_accesos` VALUES ('30', '2', '2014-10-10', '13:47:49');
INSERT INTO `usuarios_accesos` VALUES ('31', '1', '2014-10-10', '16:08:35');
INSERT INTO `usuarios_accesos` VALUES ('32', '2', '2014-10-10', '16:25:22');
INSERT INTO `usuarios_accesos` VALUES ('33', '2', '2014-10-13', '09:40:49');
INSERT INTO `usuarios_accesos` VALUES ('34', '2', '2014-10-13', '10:51:53');
INSERT INTO `usuarios_accesos` VALUES ('35', '2', '2014-10-13', '10:57:52');
INSERT INTO `usuarios_accesos` VALUES ('36', '2', '2014-10-13', '13:20:04');
INSERT INTO `usuarios_accesos` VALUES ('37', '3', '2014-10-13', '13:20:47');
INSERT INTO `usuarios_accesos` VALUES ('38', '3', '2014-10-13', '13:20:54');
INSERT INTO `usuarios_accesos` VALUES ('39', '2', '2014-10-13', '13:21:30');
INSERT INTO `usuarios_accesos` VALUES ('40', '2', '2014-10-13', '13:21:35');
INSERT INTO `usuarios_accesos` VALUES ('41', '3', '2014-10-13', '13:40:13');
INSERT INTO `usuarios_accesos` VALUES ('42', '3', '2014-10-13', '13:40:21');
INSERT INTO `usuarios_accesos` VALUES ('43', '2', '2014-10-13', '13:40:59');
INSERT INTO `usuarios_accesos` VALUES ('44', '2', '2014-10-13', '13:41:05');
INSERT INTO `usuarios_accesos` VALUES ('45', '2', '2014-10-13', '17:14:26');
INSERT INTO `usuarios_accesos` VALUES ('46', '2', '2014-10-13', '17:14:31');
INSERT INTO `usuarios_accesos` VALUES ('47', '2', '2014-10-14', '10:04:51');
INSERT INTO `usuarios_accesos` VALUES ('48', '2', '2014-10-14', '14:25:33');
INSERT INTO `usuarios_accesos` VALUES ('49', '2', '2014-10-14', '14:25:39');
INSERT INTO `usuarios_accesos` VALUES ('50', '2', '2014-10-20', '13:01:41');
INSERT INTO `usuarios_accesos` VALUES ('51', '2', '2014-10-21', '15:40:34');
INSERT INTO `usuarios_accesos` VALUES ('52', '2', '2014-10-21', '16:46:37');
INSERT INTO `usuarios_accesos` VALUES ('53', '2', '2014-10-21', '16:46:45');
INSERT INTO `usuarios_accesos` VALUES ('54', '2', '2014-10-21', '16:47:15');
INSERT INTO `usuarios_accesos` VALUES ('55', '2', '2014-10-24', '15:26:31');
INSERT INTO `usuarios_accesos` VALUES ('56', '2', '2014-11-03', '10:14:24');
INSERT INTO `usuarios_accesos` VALUES ('57', '2', '2014-11-03', '10:15:12');
INSERT INTO `usuarios_accesos` VALUES ('58', '2', '2014-11-03', '10:15:32');
INSERT INTO `usuarios_accesos` VALUES ('59', '2', '2014-11-03', '10:15:53');
INSERT INTO `usuarios_accesos` VALUES ('60', '2', '2014-11-03', '11:06:45');
INSERT INTO `usuarios_accesos` VALUES ('61', '2', '2014-11-03', '11:07:30');
INSERT INTO `usuarios_accesos` VALUES ('62', '2', '2014-11-03', '11:09:37');
INSERT INTO `usuarios_accesos` VALUES ('63', '2', '2014-11-03', '11:10:07');
INSERT INTO `usuarios_accesos` VALUES ('64', '2', '2014-11-03', '11:10:09');
INSERT INTO `usuarios_accesos` VALUES ('65', '2', '2014-11-03', '11:10:36');
INSERT INTO `usuarios_accesos` VALUES ('66', '2', '2014-11-04', '09:07:05');
INSERT INTO `usuarios_accesos` VALUES ('67', '2', '2014-11-04', '09:18:23');
INSERT INTO `usuarios_accesos` VALUES ('68', '2', '2014-11-04', '09:18:42');
INSERT INTO `usuarios_accesos` VALUES ('69', '2', '2014-11-04', '10:03:21');
INSERT INTO `usuarios_accesos` VALUES ('70', '2', '2014-11-04', '10:03:34');
INSERT INTO `usuarios_accesos` VALUES ('71', '2', '2014-11-06', '16:36:29');
INSERT INTO `usuarios_accesos` VALUES ('72', '2', '2014-11-07', '13:27:30');
INSERT INTO `usuarios_accesos` VALUES ('73', '3', '2014-11-07', '14:55:20');
INSERT INTO `usuarios_accesos` VALUES ('74', '3', '2014-11-07', '14:55:36');
INSERT INTO `usuarios_accesos` VALUES ('75', '3', '2014-11-07', '16:57:27');
INSERT INTO `usuarios_accesos` VALUES ('76', '2', '2014-11-07', '17:50:07');
INSERT INTO `usuarios_accesos` VALUES ('77', '2', '2014-11-10', '11:55:45');
INSERT INTO `usuarios_accesos` VALUES ('78', '2', '2014-11-10', '15:13:27');
INSERT INTO `usuarios_accesos` VALUES ('79', '2', '2014-11-10', '17:43:37');
INSERT INTO `usuarios_accesos` VALUES ('80', '2', '2014-11-10', '17:46:06');
INSERT INTO `usuarios_accesos` VALUES ('81', '2', '2014-11-10', '18:18:17');
INSERT INTO `usuarios_accesos` VALUES ('82', '2', '2014-11-11', '08:41:25');
INSERT INTO `usuarios_accesos` VALUES ('83', '2', '2014-11-11', '08:47:20');
INSERT INTO `usuarios_accesos` VALUES ('84', '2', '2014-11-11', '09:21:51');
INSERT INTO `usuarios_accesos` VALUES ('85', '2', '2014-11-11', '09:27:22');
INSERT INTO `usuarios_accesos` VALUES ('86', '4', '2014-11-11', '09:34:04');
INSERT INTO `usuarios_accesos` VALUES ('87', '4', '2014-11-11', '09:34:09');
INSERT INTO `usuarios_accesos` VALUES ('88', '2', '2014-11-11', '09:36:26');
INSERT INTO `usuarios_accesos` VALUES ('89', '2', '2014-11-11', '09:36:31');
INSERT INTO `usuarios_accesos` VALUES ('90', '4', '2014-11-11', '09:42:47');
INSERT INTO `usuarios_accesos` VALUES ('91', '4', '2014-11-11', '09:42:54');
INSERT INTO `usuarios_accesos` VALUES ('92', '4', '2014-11-11', '09:43:33');
INSERT INTO `usuarios_accesos` VALUES ('93', '4', '2014-11-11', '09:54:46');
INSERT INTO `usuarios_accesos` VALUES ('94', '4', '2014-11-11', '11:02:38');
INSERT INTO `usuarios_accesos` VALUES ('95', '2', '2014-11-11', '11:15:40');
INSERT INTO `usuarios_accesos` VALUES ('96', '4', '2014-11-11', '11:18:15');
INSERT INTO `usuarios_accesos` VALUES ('97', '4', '2014-11-11', '11:18:52');
INSERT INTO `usuarios_accesos` VALUES ('98', '4', '2014-11-11', '13:09:17');
INSERT INTO `usuarios_accesos` VALUES ('99', '4', '2014-11-11', '13:46:41');
INSERT INTO `usuarios_accesos` VALUES ('100', '4', '2014-11-11', '14:51:32');
INSERT INTO `usuarios_accesos` VALUES ('101', '4', '2014-11-11', '15:01:58');
INSERT INTO `usuarios_accesos` VALUES ('102', '4', '2014-11-11', '15:14:52');
INSERT INTO `usuarios_accesos` VALUES ('103', '2', '2014-11-11', '15:17:34');
INSERT INTO `usuarios_accesos` VALUES ('104', '4', '2014-11-11', '15:23:28');
INSERT INTO `usuarios_accesos` VALUES ('105', '4', '2014-11-11', '15:25:41');
INSERT INTO `usuarios_accesos` VALUES ('106', '2', '2014-11-11', '15:57:20');
INSERT INTO `usuarios_accesos` VALUES ('107', '4', '2014-11-11', '18:08:34');
INSERT INTO `usuarios_accesos` VALUES ('108', '4', '2014-11-11', '18:49:44');
INSERT INTO `usuarios_accesos` VALUES ('109', '2', '2014-11-12', '09:52:17');
INSERT INTO `usuarios_accesos` VALUES ('110', '2', '2014-11-12', '09:52:40');
INSERT INTO `usuarios_accesos` VALUES ('111', '4', '2014-11-12', '13:20:43');
INSERT INTO `usuarios_accesos` VALUES ('112', '4', '2014-11-12', '14:58:53');
INSERT INTO `usuarios_accesos` VALUES ('113', '4', '2014-11-12', '15:17:25');
INSERT INTO `usuarios_accesos` VALUES ('114', '4', '2014-11-12', '15:29:14');
INSERT INTO `usuarios_accesos` VALUES ('115', '4', '2014-11-12', '15:38:59');
INSERT INTO `usuarios_accesos` VALUES ('116', '4', '2014-11-12', '15:55:36');
INSERT INTO `usuarios_accesos` VALUES ('117', '2', '2014-11-13', '09:27:57');
INSERT INTO `usuarios_accesos` VALUES ('118', '4', '2014-11-13', '17:26:41');
INSERT INTO `usuarios_accesos` VALUES ('119', '2', '2014-11-14', '10:11:17');
INSERT INTO `usuarios_accesos` VALUES ('120', '4', '2014-11-14', '12:34:03');
INSERT INTO `usuarios_accesos` VALUES ('121', '2', '2014-11-17', '10:02:10');
INSERT INTO `usuarios_accesos` VALUES ('122', '2', '2014-11-18', '10:21:47');
INSERT INTO `usuarios_accesos` VALUES ('123', '3', '2014-11-18', '10:34:29');
INSERT INTO `usuarios_accesos` VALUES ('124', '3', '2014-11-18', '10:34:38');
INSERT INTO `usuarios_accesos` VALUES ('125', '2', '2014-11-18', '10:35:02');
INSERT INTO `usuarios_accesos` VALUES ('126', '2', '2014-11-18', '10:35:08');
INSERT INTO `usuarios_accesos` VALUES ('127', '2', '2014-11-18', '17:13:49');
INSERT INTO `usuarios_accesos` VALUES ('128', '2', '2014-11-19', '09:38:39');
INSERT INTO `usuarios_accesos` VALUES ('129', '2', '2014-11-19', '17:51:59');
INSERT INTO `usuarios_accesos` VALUES ('130', '2', '2014-11-20', '10:02:48');
INSERT INTO `usuarios_accesos` VALUES ('131', '2', '2014-11-20', '14:20:17');
INSERT INTO `usuarios_accesos` VALUES ('132', '3', '2014-11-20', '14:20:35');
INSERT INTO `usuarios_accesos` VALUES ('133', '3', '2014-11-20', '14:20:43');
INSERT INTO `usuarios_accesos` VALUES ('134', '2', '2014-11-20', '14:27:08');
INSERT INTO `usuarios_accesos` VALUES ('135', '2', '2014-11-20', '14:27:13');
INSERT INTO `usuarios_accesos` VALUES ('136', '3', '2014-11-20', '14:28:10');
INSERT INTO `usuarios_accesos` VALUES ('137', '3', '2014-11-20', '14:28:21');
INSERT INTO `usuarios_accesos` VALUES ('138', '2', '2014-11-20', '14:34:05');
INSERT INTO `usuarios_accesos` VALUES ('139', '2', '2014-11-20', '14:34:11');
INSERT INTO `usuarios_accesos` VALUES ('140', '3', '2014-11-20', '14:35:07');
INSERT INTO `usuarios_accesos` VALUES ('141', '3', '2014-11-20', '14:35:17');
INSERT INTO `usuarios_accesos` VALUES ('142', '3', '2014-11-20', '19:23:05');
INSERT INTO `usuarios_accesos` VALUES ('143', '2', '2014-11-21', '09:29:02');
INSERT INTO `usuarios_accesos` VALUES ('144', '2', '2014-11-24', '11:17:55');
INSERT INTO `usuarios_accesos` VALUES ('145', '2', '2014-11-27', '15:18:20');
INSERT INTO `usuarios_accesos` VALUES ('146', '2', '2014-12-01', '14:49:59');
INSERT INTO `usuarios_accesos` VALUES ('147', '2', '2014-12-02', '12:02:58');
INSERT INTO `usuarios_accesos` VALUES ('148', '2', '2014-12-02', '17:26:36');
INSERT INTO `usuarios_accesos` VALUES ('149', '2', '2014-12-04', '11:39:59');
INSERT INTO `usuarios_accesos` VALUES ('150', '2', '2014-12-04', '14:18:52');
INSERT INTO `usuarios_accesos` VALUES ('151', '2', '2014-12-04', '14:20:39');
INSERT INTO `usuarios_accesos` VALUES ('152', '2', '2014-12-04', '18:14:44');
INSERT INTO `usuarios_accesos` VALUES ('153', '2', '2014-12-05', '09:17:34');
INSERT INTO `usuarios_accesos` VALUES ('154', '2', '2014-12-09', '09:37:28');
INSERT INTO `usuarios_accesos` VALUES ('155', '2', '2014-12-11', '10:51:42');
INSERT INTO `usuarios_accesos` VALUES ('156', '3', '2014-12-15', '13:02:16');
INSERT INTO `usuarios_accesos` VALUES ('157', '2', '2015-01-21', '17:39:14');
INSERT INTO `usuarios_accesos` VALUES ('158', '2', '2015-01-23', '18:11:03');

-- ----------------------------
-- Table structure for usuarios_listado
-- ----------------------------
DROP TABLE IF EXISTS `usuarios_listado`;
CREATE TABLE `usuarios_listado` (
  `idUsuario` int(11) unsigned NOT NULL AUTO_INCREMENT,
  `usuario` varchar(20) NOT NULL,
  `password` char(32) NOT NULL,
  `tipo` varchar(13) NOT NULL,
  `Estado` tinyint(3) unsigned NOT NULL,
  `email` varchar(60) NOT NULL,
  `Nombre` varchar(60) NOT NULL,
  `Rut` varchar(13) NOT NULL,
  `fNacimiento` date NOT NULL,
  `Direccion` varchar(60) NOT NULL,
  `Fono` varchar(15) NOT NULL,
  `Ciudad` varchar(60) NOT NULL,
  `Comuna` varchar(60) NOT NULL,
  `Direccion_img` varchar(120) NOT NULL,
  `Ultimo_acceso` date NOT NULL,
  `mode` tinyint(3) unsigned NOT NULL,
  PRIMARY KEY (`idUsuario`)
) ENGINE=MyISAM AUTO_INCREMENT=5 DEFAULT CHARSET=latin1;

-- ----------------------------
-- Records of usuarios_listado
-- ----------------------------
INSERT INTO `usuarios_listado` VALUES ('1', 'tenshi98', 'b9ad227539cc03cd8199e23aa9078065', 'SuperAdmin', '1', 'asd@bla1.cl', 'Victor Reyes', '16029464-7', '2014-05-14', 'Los Lirios 0936', '8512517', 'Santiago', 'Puente Alto', '', '2014-10-10', '1');
INSERT INTO `usuarios_listado` VALUES ('2', 'admin', 'd7657fe782f73a745dc5aa9ae8806e64', 'SuperAdmin', '1', 'marcelolopezb@gmail.com', 'marcelo ', '', '0000-00-00', 'aqui', '98215180', '', '', '', '2015-01-23', '1');
INSERT INTO `usuarios_listado` VALUES ('3', 'adminamerica', '81dc9bdb52d04dc20036dbd8313ed055', 'Administrador', '1', 'Nose@nose.cl', 'Administrador America TV', '', '2014-10-13', 'Montero Rosas 1099', '5114194000', 'Lima', 'Santa Beatriz', '', '2014-12-15', '1');

-- ----------------------------
-- Table structure for usuarios_permisos
-- ----------------------------
DROP TABLE IF EXISTS `usuarios_permisos`;
CREATE TABLE `usuarios_permisos` (
  `idPermisos` int(11) unsigned NOT NULL AUTO_INCREMENT,
  `idUsuario` int(11) unsigned NOT NULL,
  `idAdmpm` int(11) unsigned NOT NULL,
  `level` char(1) NOT NULL,
  PRIMARY KEY (`idPermisos`)
) ENGINE=MyISAM AUTO_INCREMENT=54 DEFAULT CHARSET=latin1;

-- ----------------------------
-- Records of usuarios_permisos
-- ----------------------------
INSERT INTO `usuarios_permisos` VALUES ('1', '1', '1', '4');
INSERT INTO `usuarios_permisos` VALUES ('2', '1', '2', '4');
INSERT INTO `usuarios_permisos` VALUES ('3', '1', '8', '4');
INSERT INTO `usuarios_permisos` VALUES ('4', '1', '3', '4');
INSERT INTO `usuarios_permisos` VALUES ('5', '1', '5', '4');
INSERT INTO `usuarios_permisos` VALUES ('6', '1', '4', '4');
INSERT INTO `usuarios_permisos` VALUES ('7', '1', '6', '4');
INSERT INTO `usuarios_permisos` VALUES ('8', '1', '7', '4');
INSERT INTO `usuarios_permisos` VALUES ('9', '1', '9', '4');
INSERT INTO `usuarios_permisos` VALUES ('10', '1', '10', '4');
INSERT INTO `usuarios_permisos` VALUES ('11', '1', '11', '4');
INSERT INTO `usuarios_permisos` VALUES ('12', '1', '12', '4');
INSERT INTO `usuarios_permisos` VALUES ('13', '1', '13', '4');
INSERT INTO `usuarios_permisos` VALUES ('14', '1', '14', '4');
INSERT INTO `usuarios_permisos` VALUES ('15', '1', '15', '4');
INSERT INTO `usuarios_permisos` VALUES ('16', '1', '16', '4');
INSERT INTO `usuarios_permisos` VALUES ('17', '1', '17', '4');
INSERT INTO `usuarios_permisos` VALUES ('18', '2', '1', '4');
INSERT INTO `usuarios_permisos` VALUES ('19', '2', '11', '4');
INSERT INTO `usuarios_permisos` VALUES ('20', '2', '2', '4');
INSERT INTO `usuarios_permisos` VALUES ('21', '2', '12', '4');
INSERT INTO `usuarios_permisos` VALUES ('22', '2', '13', '4');
INSERT INTO `usuarios_permisos` VALUES ('23', '2', '10', '4');
INSERT INTO `usuarios_permisos` VALUES ('24', '2', '9', '4');
INSERT INTO `usuarios_permisos` VALUES ('25', '2', '14', '4');
INSERT INTO `usuarios_permisos` VALUES ('26', '2', '15', '4');
INSERT INTO `usuarios_permisos` VALUES ('27', '2', '17', '4');
INSERT INTO `usuarios_permisos` VALUES ('28', '2', '8', '4');
INSERT INTO `usuarios_permisos` VALUES ('29', '2', '16', '4');
INSERT INTO `usuarios_permisos` VALUES ('30', '2', '3', '4');
INSERT INTO `usuarios_permisos` VALUES ('31', '2', '5', '4');
INSERT INTO `usuarios_permisos` VALUES ('32', '2', '4', '4');
INSERT INTO `usuarios_permisos` VALUES ('33', '2', '6', '4');
INSERT INTO `usuarios_permisos` VALUES ('34', '2', '7', '4');
INSERT INTO `usuarios_permisos` VALUES ('35', '3', '1', '1');
INSERT INTO `usuarios_permisos` VALUES ('36', '3', '2', '4');
INSERT INTO `usuarios_permisos` VALUES ('37', '3', '11', '1');
INSERT INTO `usuarios_permisos` VALUES ('38', '3', '12', '1');
INSERT INTO `usuarios_permisos` VALUES ('47', '4', '11', '4');
INSERT INTO `usuarios_permisos` VALUES ('48', '4', '12', '4');
INSERT INTO `usuarios_permisos` VALUES ('49', '4', '10', '4');

-- ----------------------------
-- Table structure for visitas
-- ----------------------------
DROP TABLE IF EXISTS `visitas`;
CREATE TABLE `visitas` (
  `id` int(11) NOT NULL AUTO_INCREMENT,
  `id_mensaje` int(11) NOT NULL,
  `gcmcode` varchar(500) NOT NULL,
  `fecha_hora` varchar(25) NOT NULL,
  `lon` varchar(30) NOT NULL,
  `lat` varchar(30) NOT NULL,
  `login` varchar(150) NOT NULL,
  PRIMARY KEY (`id`)
) ENGINE=MyISAM AUTO_INCREMENT=711 DEFAULT CHARSET=utf8;

-- ----------------------------
-- Records of visitas
-- ----------------------------
INSERT INTO `visitas` VALUES ('632', '54', 'APA91bFtbabUi40cN4Yn69vusP8nIBwT9c7AjJiOdC5ewe48MFHGdyssLZEQm5mMLPCFSrOxTe_-bTcXh2rZ-8J5EbMUwpdWnVkBxFrG9keAKWbIvsQiCJ3f9Ht1MMhXxGAP0HqftcwpXzehBCJr1nvogUjBHDwFm1i2z6-0WAJip2C2m95ECqI', '12/11/2014  18:00:00', '-70.64515985', '-33.38246249', '');
INSERT INTO `visitas` VALUES ('610', '935', 'APA91bFn1cYuxoa7HeDytryAQ6fqD5qqXh8D4oacRBVX9YekNXVpy0-izK8vBEjFqDR9DtbaKHpSg9C8No2kR3EpQTW5H6oE7PpDbiZ0ROLOm9akmmNp0pkx1piM_4JI5e6zWtmzYLKBk_bC4ndFeTS8bQewV_lNTOHFH2y1l9J-daWQcdyTgbU', '10/11/2014  11:50:50', '-70.6024264', '-33.5188221', '');
INSERT INTO `visitas` VALUES ('611', '948', 'APA91bHGfGrIKgDO-ZBf5fTtGFqXqf1M7DsFhguxWW34xsPUTE_2M4GxgbOIjyjVEdtl30X3YDI87JoH9Rm1O_nkXuqjSLs_6REO_NMG8GPg_UQicILGgIzv1Kt4L_CGsTtNV8NS36kHmFnd_gWqYqYqLHgA_spqKw', '10/11/2014  15:27:27', '-70.5779529', '-33.4026369', '');
INSERT INTO `visitas` VALUES ('612', '1', 'APA91bHGfGrIKgDO-ZBf5fTtGFqXqf1M7DsFhguxWW34xsPUTE_2M4GxgbOIjyjVEdtl30X3YDI87JoH9Rm1O_nkXuqjSLs_6REO_NMG8GPg_UQicILGgIzv1Kt4L_CGsTtNV8NS36kHmFnd_gWqYqYqLHgA_spqKw', '10/11/2014  15:30:30', '-70.5798016', '-33.4022914', '');
INSERT INTO `visitas` VALUES ('613', '3', 'APA91bGF37Yc2lKF7tN8brHy1jHBHUhqT51jOKG6iKovuV50T69dPDzrSm3AlLFuAtvbQulMPk4w2nshCdVdF2ifnZ09iuZNV67dG3G1-5mdnDCJ4lLC3IjE8JdA1AlYrxt-mThIk90Py8PfbdjwaM31rZomKTrj_A', '10/11/2014  15:32:32', '-70.5764399', '-33.4031582', '');
INSERT INTO `visitas` VALUES ('614', '4', 'APA91bF9k5EprGj1Bcbz2jQjNF47RkRiBaXhIY6p0FgHZanu-OYmbCOuqGHnAD401Kdkl5VdwoeWhcRGPN60NEWe32_Og4-mvjpjEZRZ4wdwfjij-uYHxUNUxJmLqMYsUD3oXvYP5svEnULUhf1t02lDRgVKxwh2Vi58O4CM1faMAZ4ktcWk4Lo', '10/11/2014  15:32:32', '-70.60086909', '-33.52084017', '');
INSERT INTO `visitas` VALUES ('615', '6', 'APA91bEe-NV3InA4VrCwm4UxxlD7qc-0RNW1r2ej7S2JTHxqu5Nm82GYLvKVvH6rDGO6MOtifNK-geM1mmyAbhKK3fBo4lhLq8TgBOwN_vOuJ5WIm39vmQSAXvrwaSDrbE_cI7ItYeLIlXLE2kJpHU7sIMIAWTX808FiP0Pvxw1YiuNACXeN44I', '10/11/2014  15:33:33', '-70.60084386', '-33.52083515', '');
INSERT INTO `visitas` VALUES ('616', '7', 'APA91bF9k5EprGj1Bcbz2jQjNF47RkRiBaXhIY6p0FgHZanu-OYmbCOuqGHnAD401Kdkl5VdwoeWhcRGPN60NEWe32_Og4-mvjpjEZRZ4wdwfjij-uYHxUNUxJmLqMYsUD3oXvYP5svEnULUhf1t02lDRgVKxwh2Vi58O4CM1faMAZ4ktcWk4Lo', '10/11/2014  17:08:08', '-70.60086796', '-33.52085537', '');
INSERT INTO `visitas` VALUES ('617', '8', 'APA91bEe-NV3InA4VrCwm4UxxlD7qc-0RNW1r2ej7S2JTHxqu5Nm82GYLvKVvH6rDGO6MOtifNK-geM1mmyAbhKK3fBo4lhLq8TgBOwN_vOuJ5WIm39vmQSAXvrwaSDrbE_cI7ItYeLIlXLE2kJpHU7sIMIAWTX808FiP0Pvxw1YiuNACXeN44I', '10/11/2014  17:16:16', '-70.6009395', '-33.52089603', '');
INSERT INTO `visitas` VALUES ('618', '11', 'APA91bHGfGrIKgDO-ZBf5fTtGFqXqf1M7DsFhguxWW34xsPUTE_2M4GxgbOIjyjVEdtl30X3YDI87JoH9Rm1O_nkXuqjSLs_6REO_NMG8GPg_UQicILGgIzv1Kt4L_CGsTtNV8NS36kHmFnd_gWqYqYqLHgA_spqKw', '10/11/2014  17:30:30', '-70.5747568', '-33.4022034', '');
INSERT INTO `visitas` VALUES ('619', '14', 'APA91bF9k5EprGj1Bcbz2jQjNF47RkRiBaXhIY6p0FgHZanu-OYmbCOuqGHnAD401Kdkl5VdwoeWhcRGPN60NEWe32_Og4-mvjpjEZRZ4wdwfjij-uYHxUNUxJmLqMYsUD3oXvYP5svEnULUhf1t02lDRgVKxwh2Vi58O4CM1faMAZ4ktcWk4Lo', '10/11/2014  17:34:34', '-70.60088248', '-33.52088072', '');
INSERT INTO `visitas` VALUES ('620', '10', 'APA91bFn1cYuxoa7HeDytryAQ6fqD5qqXh8D4oacRBVX9YekNXVpy0-izK8vBEjFqDR9DtbaKHpSg9C8No2kR3EpQTW5H6oE7PpDbiZ0ROLOm9akmmNp0pkx1piM_4JI5e6zWtmzYLKBk_bC4ndFeTS8bQewV_lNTOHFH2y1l9J-daWQcdyTgbU', '10/11/2014  17:34:34', '-70.58854201298212', '-33.515813407755935', '');
INSERT INTO `visitas` VALUES ('621', '15', 'APA91bHGfGrIKgDO-ZBf5fTtGFqXqf1M7DsFhguxWW34xsPUTE_2M4GxgbOIjyjVEdtl30X3YDI87JoH9Rm1O_nkXuqjSLs_6REO_NMG8GPg_UQicILGgIzv1Kt4L_CGsTtNV8NS36kHmFnd_gWqYqYqLHgA_spqKw', '10/11/2014  17:35:35', '-70.576852', '-33.4006727', '');
INSERT INTO `visitas` VALUES ('622', '18', 'APA91bHGfGrIKgDO-ZBf5fTtGFqXqf1M7DsFhguxWW34xsPUTE_2M4GxgbOIjyjVEdtl30X3YDI87JoH9Rm1O_nkXuqjSLs_6REO_NMG8GPg_UQicILGgIzv1Kt4L_CGsTtNV8NS36kHmFnd_gWqYqYqLHgA_spqKw', '10/11/2014  17:53:53', '-70.576852', '-33.4006727', '');
INSERT INTO `visitas` VALUES ('623', '9', 'APA91bEe-NV3InA4VrCwm4UxxlD7qc-0RNW1r2ej7S2JTHxqu5Nm82GYLvKVvH6rDGO6MOtifNK-geM1mmyAbhKK3fBo4lhLq8TgBOwN_vOuJ5WIm39vmQSAXvrwaSDrbE_cI7ItYeLIlXLE2kJpHU7sIMIAWTX808FiP0Pvxw1YiuNACXeN44I', '10/11/2014  18:02:02', '-70.60113745', '-33.52006797', '');
INSERT INTO `visitas` VALUES ('624', '22', 'APA91bHGfGrIKgDO-ZBf5fTtGFqXqf1M7DsFhguxWW34xsPUTE_2M4GxgbOIjyjVEdtl30X3YDI87JoH9Rm1O_nkXuqjSLs_6REO_NMG8GPg_UQicILGgIzv1Kt4L_CGsTtNV8NS36kHmFnd_gWqYqYqLHgA_spqKw', '10/11/2014  19:01:01', '-70.5689723', '-33.4109092', '');
INSERT INTO `visitas` VALUES ('625', '24', 'APA91bG3LNei5S0UGT5htHCJ7ifsWi9m5iWXg12Pgq1cLJdNJWZxZAmNaYQJZA4I34OCVFrxewqUmWxB_7xfw4GZkzbsaxG96NNdaZekkdla7IJuiizrtv-JtglP-WkQpQqU8rvcDJ5Ttwwi9CrMgFQSY6LzXLdXOg', '10/11/2014  19:02:02', '-70.5887032', '-33.5158852', '');
INSERT INTO `visitas` VALUES ('626', '25', 'APA91bHGfGrIKgDO-ZBf5fTtGFqXqf1M7DsFhguxWW34xsPUTE_2M4GxgbOIjyjVEdtl30X3YDI87JoH9Rm1O_nkXuqjSLs_6REO_NMG8GPg_UQicILGgIzv1Kt4L_CGsTtNV8NS36kHmFnd_gWqYqYqLHgA_spqKw', '10/11/2014  19:04:04', '-70.5625994', '-33.4059169', '');
INSERT INTO `visitas` VALUES ('627', '27', 'APA91bG3LNei5S0UGT5htHCJ7ifsWi9m5iWXg12Pgq1cLJdNJWZxZAmNaYQJZA4I34OCVFrxewqUmWxB_7xfw4GZkzbsaxG96NNdaZekkdla7IJuiizrtv-JtglP-WkQpQqU8rvcDJ5Ttwwi9CrMgFQSY6LzXLdXOg', '10/11/2014  19:19:19', '-70.588579', '-33.515925', '');
INSERT INTO `visitas` VALUES ('628', '28', 'APA91bHGfGrIKgDO-ZBf5fTtGFqXqf1M7DsFhguxWW34xsPUTE_2M4GxgbOIjyjVEdtl30X3YDI87JoH9Rm1O_nkXuqjSLs_6REO_NMG8GPg_UQicILGgIzv1Kt4L_CGsTtNV8NS36kHmFnd_gWqYqYqLHgA_spqKw', '10/11/2014  19:58:58', '-70.6249227', '-33.4351244', '');
INSERT INTO `visitas` VALUES ('629', '30', 'APA91bG3LNei5S0UGT5htHCJ7ifsWi9m5iWXg12Pgq1cLJdNJWZxZAmNaYQJZA4I34OCVFrxewqUmWxB_7xfw4GZkzbsaxG96NNdaZekkdla7IJuiizrtv-JtglP-WkQpQqU8rvcDJ5Ttwwi9CrMgFQSY6LzXLdXOg', '10/11/2014  19:58:58', '-70.5885774', '-33.515926', '');
INSERT INTO `visitas` VALUES ('630', '31', 'APA91bFeyLlG7WqRHJrZ1CCn7VpaBuWHKcEYtdMsXsAWVGgVDmnp7m02jujVDUAHhNjLncqmqhE9NTGsKUkdGO-a1SnaYRoDJdfF81vUQ2j8RsSuvo6AxFZ_YEjMnziE6AjJrGTUmw5MDVwwWT-50BmOZU6R8Nb3JQ', '10/11/2014  22:51:51', '-70.55244595', '-33.51791575', '');
INSERT INTO `visitas` VALUES ('631', '39', 'APA91bFtbabUi40cN4Yn69vusP8nIBwT9c7AjJiOdC5ewe48MFHGdyssLZEQm5mMLPCFSrOxTe_-bTcXh2rZ-8J5EbMUwpdWnVkBxFrG9keAKWbIvsQiCJ3f9Ht1MMhXxGAP0HqftcwpXzehBCJr1nvogUjBHDwFm1i2z6-0WAJip2C2m95ECqI', '11/11/2014  11:19:19', '-70.6456706', '-33.38251254', '');
INSERT INTO `visitas` VALUES ('633', '61', 'APA91bHiie6rqM9DVWLJ7bEC_qLlOEp3IAHbadCKkChruErtiJTaD-ipoyv5z58sdKhE9zapzWHcxy5ARzS8cAqwt81r19-gGl8tFbjeB7uXCAT7lpGN3iGLAViL6veGjlsk24v8R1Dwbq1F708RlVJ2PJAYN8Kacg', '19/11/2014  10:27:27', '-70.5754878', '-33.4005417', '');
INSERT INTO `visitas` VALUES ('634', '63', 'APA91bHiie6rqM9DVWLJ7bEC_qLlOEp3IAHbadCKkChruErtiJTaD-ipoyv5z58sdKhE9zapzWHcxy5ARzS8cAqwt81r19-gGl8tFbjeB7uXCAT7lpGN3iGLAViL6veGjlsk24v8R1Dwbq1F708RlVJ2PJAYN8Kacg', '19/11/2014  10:39:39', '-70.5754792', '-33.4005489', '');
INSERT INTO `visitas` VALUES ('635', '65', 'APA91bHiie6rqM9DVWLJ7bEC_qLlOEp3IAHbadCKkChruErtiJTaD-ipoyv5z58sdKhE9zapzWHcxy5ARzS8cAqwt81r19-gGl8tFbjeB7uXCAT7lpGN3iGLAViL6veGjlsk24v8R1Dwbq1F708RlVJ2PJAYN8Kacg', '19/11/2014  10:39:39', '-70.5753802', '-33.4005821', '');
INSERT INTO `visitas` VALUES ('636', '67', 'APA91bHiie6rqM9DVWLJ7bEC_qLlOEp3IAHbadCKkChruErtiJTaD-ipoyv5z58sdKhE9zapzWHcxy5ARzS8cAqwt81r19-gGl8tFbjeB7uXCAT7lpGN3iGLAViL6veGjlsk24v8R1Dwbq1F708RlVJ2PJAYN8Kacg', '19/11/2014  11:10:10', '-70.5751679', '-33.4005736', '');
INSERT INTO `visitas` VALUES ('637', '68', 'APA91bHiie6rqM9DVWLJ7bEC_qLlOEp3IAHbadCKkChruErtiJTaD-ipoyv5z58sdKhE9zapzWHcxy5ARzS8cAqwt81r19-gGl8tFbjeB7uXCAT7lpGN3iGLAViL6veGjlsk24v8R1Dwbq1F708RlVJ2PJAYN8Kacg', '19/11/2014  11:31:31', '-70.5753131', '-33.400597', '');
INSERT INTO `visitas` VALUES ('638', '71', 'APA91bHiie6rqM9DVWLJ7bEC_qLlOEp3IAHbadCKkChruErtiJTaD-ipoyv5z58sdKhE9zapzWHcxy5ARzS8cAqwt81r19-gGl8tFbjeB7uXCAT7lpGN3iGLAViL6veGjlsk24v8R1Dwbq1F708RlVJ2PJAYN8Kacg', '27/11/2014  16:57:57', '-70.5754658', '-33.4005983', '');
INSERT INTO `visitas` VALUES ('639', '87', 'APA91bG3YcJYWEQLkAisJn-z2xGuQhd9xC8m6vdHoN3dmaeJNx5I6aIO-YJjEgOBDxwuBHe3I8a58vc7Byi_ZsNLxqHceq0xFy5n4Xu9VEZT5gdbGzZHJBPjNOOAeKqlGkyxxdveHgm48cO8Lgdbuacq9esE4j3LBA', '02/12/2014  17:31:31', '-70.5764602', '-33.4021166', '351524055726487');
INSERT INTO `visitas` VALUES ('640', '88', 'APA91bGaA922Gyr3DMMoGWG-taQhkzc0EkEbcG0c7Ah9gEQintF9qKIKsT-E20IVIi5my7NdA6ZjK8uujoXlBg5Chjh9tx66_mCv_N9HvsObMX4phRYZnwsC76_4yLCvi9MbyT84Og8Nkw6RBqGyjY9Vmr2SK8DfVg', '02/12/2014  17:43:43', '-70.5754658', '-33.4005983', '');
INSERT INTO `visitas` VALUES ('641', '84', 'APA91bF_eJJlKKUOkIbFU3aIHngrPdYmIGbTpIKVsyd7lX2MFnlE6XeI9Cp6yTwF-l1ARxKpb7BStvH_ovic_xDIeFsWbTNf5rKHN9m20utjEZ3yjiEwwl9WrNhnzT3PsD2P8Ds5lofbP-rgBgXti2bNabEJjH64gA', '02/12/2014  19:18:18', '-77.0344524085431', '-12.075231475070735', '');
INSERT INTO `visitas` VALUES ('642', '101', 'APA91bF_eJJlKKUOkIbFU3aIHngrPdYmIGbTpIKVsyd7lX2MFnlE6XeI9Cp6yTwF-l1ARxKpb7BStvH_ovic_xDIeFsWbTNf5rKHN9m20utjEZ3yjiEwwl9WrNhnzT3PsD2P8Ds5lofbP-rgBgXti2bNabEJjH64gA', '02/12/2014  19:51:51', '-77.03432817429623', '-12.075077648841095', '');
INSERT INTO `visitas` VALUES ('643', '101', 'APA91bGYuGqAhijs9-0MKnbscyjsiK3foePLyNEvk-a0xfiF6q43UCzyHaqj2TwoN6CAWoYwh7b172K-M6zElBuRpiwDKfTvvdZCZxIe4HUTz_WDVQ5zEUR8rxpaAgWRZdbAkxwIl2J3WtxoZIObHcrMwp0ty5Gi3Q', '02/12/2014  20:27:27', '-77.03468574497595', '-12.07523099258741', '');
INSERT INTO `visitas` VALUES ('644', '105', 'APA91bG3YcJYWEQLkAisJn-z2xGuQhd9xC8m6vdHoN3dmaeJNx5I6aIO-YJjEgOBDxwuBHe3I8a58vc7Byi_ZsNLxqHceq0xFy5n4Xu9VEZT5gdbGzZHJBPjNOOAeKqlGkyxxdveHgm48cO8Lgdbuacq9esE4j3LBA', '04/12/2014  16:44:44', '-70.5754537', '-33.4004709', '351524055726487');
INSERT INTO `visitas` VALUES ('645', '105', 'APA91bGaA922Gyr3DMMoGWG-taQhkzc0EkEbcG0c7Ah9gEQintF9qKIKsT-E20IVIi5my7NdA6ZjK8uujoXlBg5Chjh9tx66_mCv_N9HvsObMX4phRYZnwsC76_4yLCvi9MbyT84Og8Nkw6RBqGyjY9Vmr2SK8DfVg', '04/12/2014  16:47:47', '-70.5754658', '-33.4005983', '356878051272119');
INSERT INTO `visitas` VALUES ('646', '110', 'APA91bGaA922Gyr3DMMoGWG-taQhkzc0EkEbcG0c7Ah9gEQintF9qKIKsT-E20IVIi5my7NdA6ZjK8uujoXlBg5Chjh9tx66_mCv_N9HvsObMX4phRYZnwsC76_4yLCvi9MbyT84Og8Nkw6RBqGyjY9Vmr2SK8DfVg', '04/12/2014  16:53:53', '-70.5754658', '-33.4005983', '');
INSERT INTO `visitas` VALUES ('647', '112', 'APA91bG3YcJYWEQLkAisJn-z2xGuQhd9xC8m6vdHoN3dmaeJNx5I6aIO-YJjEgOBDxwuBHe3I8a58vc7Byi_ZsNLxqHceq0xFy5n4Xu9VEZT5gdbGzZHJBPjNOOAeKqlGkyxxdveHgm48cO8Lgdbuacq9esE4j3LBA', '04/12/2014  16:57:57', '-70.5766251', '-33.4007384', '');
INSERT INTO `visitas` VALUES ('648', '117', 'APA91bFr98N7QUKWAzy160TPDYqmnab__rToqROjbu118BuMucTgvByqVcr3jp8CWj9A1sHL3We8cF5hvM-IMUsOpcEoJrCVxDLTMpBiDmqwhYyL5uHRbo0ngdSSnpHub4v8WrxvCsAO_7oXvxmnwuufOsG4YbdBTg', '04/12/2014  16:59:59', '-77.03429275', '-12.07527596', '');
INSERT INTO `visitas` VALUES ('649', '115', 'APA91bG3YcJYWEQLkAisJn-z2xGuQhd9xC8m6vdHoN3dmaeJNx5I6aIO-YJjEgOBDxwuBHe3I8a58vc7Byi_ZsNLxqHceq0xFy5n4Xu9VEZT5gdbGzZHJBPjNOOAeKqlGkyxxdveHgm48cO8Lgdbuacq9esE4j3LBA', '04/12/2014  17:00:00', '-70.5768789', '-33.4006007', '');
INSERT INTO `visitas` VALUES ('650', '118', 'APA91bG3YcJYWEQLkAisJn-z2xGuQhd9xC8m6vdHoN3dmaeJNx5I6aIO-YJjEgOBDxwuBHe3I8a58vc7Byi_ZsNLxqHceq0xFy5n4Xu9VEZT5gdbGzZHJBPjNOOAeKqlGkyxxdveHgm48cO8Lgdbuacq9esE4j3LBA', '04/12/2014  17:02:02', '-70.5768789', '-33.4006007', '');
INSERT INTO `visitas` VALUES ('651', '119', 'APA91bEM41AmsjFzYOoBoBbjC0Kx0OSvfdL1xURg_JxdgABwVRZVYGUcJ6mBe219eeKS0zr9qpc-1RRM_JBvvN-Gp5QHF9tkwAhXvvCeCm6glxPIcWa7eRpK-4MmN_3K02XxGppR1co8LuAkfadwrjxiGzMkcOh8xQ', '04/12/2014  17:02:02', '-70.5754658', '-33.4005983', '');
INSERT INTO `visitas` VALUES ('652', '120', 'APA91bGYuGqAhijs9-0MKnbscyjsiK3foePLyNEvk-a0xfiF6q43UCzyHaqj2TwoN6CAWoYwh7b172K-M6zElBuRpiwDKfTvvdZCZxIe4HUTz_WDVQ5zEUR8rxpaAgWRZdbAkxwIl2J3WtxoZIObHcrMwp0ty5Gi3Q', '04/12/2014  17:03:03', '-77.03428951215193', '-12.075098076110052', '');
INSERT INTO `visitas` VALUES ('653', '125', 'APA91bEM41AmsjFzYOoBoBbjC0Kx0OSvfdL1xURg_JxdgABwVRZVYGUcJ6mBe219eeKS0zr9qpc-1RRM_JBvvN-Gp5QHF9tkwAhXvvCeCm6glxPIcWa7eRpK-4MmN_3K02XxGppR1co8LuAkfadwrjxiGzMkcOh8xQ', '04/12/2014  17:14:14', '-70.5754658', '-33.4005983', '');
INSERT INTO `visitas` VALUES ('654', '126', 'APA91bG3YcJYWEQLkAisJn-z2xGuQhd9xC8m6vdHoN3dmaeJNx5I6aIO-YJjEgOBDxwuBHe3I8a58vc7Byi_ZsNLxqHceq0xFy5n4Xu9VEZT5gdbGzZHJBPjNOOAeKqlGkyxxdveHgm48cO8Lgdbuacq9esE4j3LBA', '04/12/2014  17:14:14', '-70.5757742', '-33.4003227', '');
INSERT INTO `visitas` VALUES ('655', '127', 'APA91bG3YcJYWEQLkAisJn-z2xGuQhd9xC8m6vdHoN3dmaeJNx5I6aIO-YJjEgOBDxwuBHe3I8a58vc7Byi_ZsNLxqHceq0xFy5n4Xu9VEZT5gdbGzZHJBPjNOOAeKqlGkyxxdveHgm48cO8Lgdbuacq9esE4j3LBA', '04/12/2014  17:29:29', '-70.5766251', '-33.4007384', '');
INSERT INTO `visitas` VALUES ('656', '129', 'APA91bGYuGqAhijs9-0MKnbscyjsiK3foePLyNEvk-a0xfiF6q43UCzyHaqj2TwoN6CAWoYwh7b172K-M6zElBuRpiwDKfTvvdZCZxIe4HUTz_WDVQ5zEUR8rxpaAgWRZdbAkxwIl2J3WtxoZIObHcrMwp0ty5Gi3Q', '04/12/2014  17:29:29', '-77.03428166433889', '-12.07509726244245', '');
INSERT INTO `visitas` VALUES ('657', '130', 'APA91bFr98N7QUKWAzy160TPDYqmnab__rToqROjbu118BuMucTgvByqVcr3jp8CWj9A1sHL3We8cF5hvM-IMUsOpcEoJrCVxDLTMpBiDmqwhYyL5uHRbo0ngdSSnpHub4v8WrxvCsAO_7oXvxmnwuufOsG4YbdBTg', '04/12/2014  17:30:30', '-77.03429275', '-12.07527596', '');
INSERT INTO `visitas` VALUES ('658', '131', 'APA91bEM41AmsjFzYOoBoBbjC0Kx0OSvfdL1xURg_JxdgABwVRZVYGUcJ6mBe219eeKS0zr9qpc-1RRM_JBvvN-Gp5QHF9tkwAhXvvCeCm6glxPIcWa7eRpK-4MmN_3K02XxGppR1co8LuAkfadwrjxiGzMkcOh8xQ', '04/12/2014  17:30:30', '-70.5754658', '-33.4005983', '');
INSERT INTO `visitas` VALUES ('659', '132', 'APA91bG3YcJYWEQLkAisJn-z2xGuQhd9xC8m6vdHoN3dmaeJNx5I6aIO-YJjEgOBDxwuBHe3I8a58vc7Byi_ZsNLxqHceq0xFy5n4Xu9VEZT5gdbGzZHJBPjNOOAeKqlGkyxxdveHgm48cO8Lgdbuacq9esE4j3LBA', '04/12/2014  17:30:30', '-70.5782044', '-33.4015079', '');
INSERT INTO `visitas` VALUES ('660', '147', 'APA91bFr98N7QUKWAzy160TPDYqmnab__rToqROjbu118BuMucTgvByqVcr3jp8CWj9A1sHL3We8cF5hvM-IMUsOpcEoJrCVxDLTMpBiDmqwhYyL5uHRbo0ngdSSnpHub4v8WrxvCsAO_7oXvxmnwuufOsG4YbdBTg', '04/12/2014  17:46:46', '-77.03429275', '-12.07527596', '359288050703709');
INSERT INTO `visitas` VALUES ('661', '152', 'APA91bEM41AmsjFzYOoBoBbjC0Kx0OSvfdL1xURg_JxdgABwVRZVYGUcJ6mBe219eeKS0zr9qpc-1RRM_JBvvN-Gp5QHF9tkwAhXvvCeCm6glxPIcWa7eRpK-4MmN_3K02XxGppR1co8LuAkfadwrjxiGzMkcOh8xQ', '05/12/2014  18:52:52', '-70.5754658', '-33.4005983', '');
INSERT INTO `visitas` VALUES ('662', '156', 'APA91bHwkNqEFMweIz-yskiWDPFCFcBR0o0uWZEV-v8jXLZ8eN4E0etKhtng1cTPstUNprhxPixu_fCGQa07xzevlOpS_WzTAiX16TfPpemAekRMmib8fvSW5beyTF8laGVIuA_NMU7R_EUbipf8E5eu_NlFxxqAJw', '05/12/2014  18:57:57', '-70.5742708', '-33.4001945', '');
INSERT INTO `visitas` VALUES ('663', '158', 'APA91bEM41AmsjFzYOoBoBbjC0Kx0OSvfdL1xURg_JxdgABwVRZVYGUcJ6mBe219eeKS0zr9qpc-1RRM_JBvvN-Gp5QHF9tkwAhXvvCeCm6glxPIcWa7eRpK-4MmN_3K02XxGppR1co8LuAkfadwrjxiGzMkcOh8xQ', '18/12/2014  13:28:28', '-70.576019', '-33.4004347', '');
INSERT INTO `visitas` VALUES ('664', '157', 'APA91bFr98N7QUKWAzy160TPDYqmnab__rToqROjbu118BuMucTgvByqVcr3jp8CWj9A1sHL3We8cF5hvM-IMUsOpcEoJrCVxDLTMpBiDmqwhYyL5uHRbo0ngdSSnpHub4v8WrxvCsAO_7oXvxmnwuufOsG4YbdBTg', '18/12/2014  15:49:49', '-77.03421232', '-12.07523338', '');
INSERT INTO `visitas` VALUES ('665', '161', 'APA91bEM41AmsjFzYOoBoBbjC0Kx0OSvfdL1xURg_JxdgABwVRZVYGUcJ6mBe219eeKS0zr9qpc-1RRM_JBvvN-Gp5QHF9tkwAhXvvCeCm6glxPIcWa7eRpK-4MmN_3K02XxGppR1co8LuAkfadwrjxiGzMkcOh8xQ', '22/12/2014  12:39:39', '-70.5760832', '-33.4004464', '');
INSERT INTO `visitas` VALUES ('666', '169', 'APA91bEM41AmsjFzYOoBoBbjC0Kx0OSvfdL1xURg_JxdgABwVRZVYGUcJ6mBe219eeKS0zr9qpc-1RRM_JBvvN-Gp5QHF9tkwAhXvvCeCm6glxPIcWa7eRpK-4MmN_3K02XxGppR1co8LuAkfadwrjxiGzMkcOh8xQ', '22/12/2014  12:40:40', '-70.5765079', '-33.4018298', '');
INSERT INTO `visitas` VALUES ('667', '144', 'APA91bEeZurpOPEWBLO_-K40Q97wpo2WQT4-UMGh2e4svQ5JI9-Fzp-5yAkHnbJoW5v-DxELLFlDFFI5R4au5YeB580GEtofAS9LG1zbpQafB6mDE3ashwGzg99N9bJZrVvis-O6uCMAJq2lrYTu2sZ-5gOZ5_VWZA', '22/12/2014  12:44:44', '-77.0342652', '-12.0752541', '');
INSERT INTO `visitas` VALUES ('668', '173', 'APA91bEM41AmsjFzYOoBoBbjC0Kx0OSvfdL1xURg_JxdgABwVRZVYGUcJ6mBe219eeKS0zr9qpc-1RRM_JBvvN-Gp5QHF9tkwAhXvvCeCm6glxPIcWa7eRpK-4MmN_3K02XxGppR1co8LuAkfadwrjxiGzMkcOh8xQ', '22/12/2014  13:07:07', '-70.5760832', '-33.4004464', '');
INSERT INTO `visitas` VALUES ('669', '188', 'APA91bEM41AmsjFzYOoBoBbjC0Kx0OSvfdL1xURg_JxdgABwVRZVYGUcJ6mBe219eeKS0zr9qpc-1RRM_JBvvN-Gp5QHF9tkwAhXvvCeCm6glxPIcWa7eRpK-4MmN_3K02XxGppR1co8LuAkfadwrjxiGzMkcOh8xQ', '22/12/2014  13:10:10', '-70.5758366', '-33.402395', '');
INSERT INTO `visitas` VALUES ('670', '206', 'APA91bHGY9FWlrauxAGi67tZEKwwuc3njkaFPBU-9ZU4c7vheZ5r9ONbpel-eAicUYCoT4v4cS3EHmrRP0Glb1chkttyrOuUwtyBM9yOzgKDKZ0ltGM8885eroOooRwO8Uc2B7WxDQd_k0cg9-KlffTBLQc0AK8Qug', '23/12/2014  16:22:22', '-70.576976', '-33.4007306', '');
INSERT INTO `visitas` VALUES ('671', '218', 'APA91bHGY9FWlrauxAGi67tZEKwwuc3njkaFPBU-9ZU4c7vheZ5r9ONbpel-eAicUYCoT4v4cS3EHmrRP0Glb1chkttyrOuUwtyBM9yOzgKDKZ0ltGM8885eroOooRwO8Uc2B7WxDQd_k0cg9-KlffTBLQc0AK8Qug', '02/01/2015  10:36:36', '-70.5753027', '-33.4009827', '');
INSERT INTO `visitas` VALUES ('672', '221', 'APA91bHGY9FWlrauxAGi67tZEKwwuc3njkaFPBU-9ZU4c7vheZ5r9ONbpel-eAicUYCoT4v4cS3EHmrRP0Glb1chkttyrOuUwtyBM9yOzgKDKZ0ltGM8885eroOooRwO8Uc2B7WxDQd_k0cg9-KlffTBLQc0AK8Qug', '02/01/2015  12:16:16', '-70.5754208', '-33.4005853', '');
INSERT INTO `visitas` VALUES ('673', '223', 'APA91bHGY9FWlrauxAGi67tZEKwwuc3njkaFPBU-9ZU4c7vheZ5r9ONbpel-eAicUYCoT4v4cS3EHmrRP0Glb1chkttyrOuUwtyBM9yOzgKDKZ0ltGM8885eroOooRwO8Uc2B7WxDQd_k0cg9-KlffTBLQc0AK8Qug', '02/01/2015  12:38:38', '-70.5757682', '-33.4005482', '');
INSERT INTO `visitas` VALUES ('674', '231', 'APA91bHGY9FWlrauxAGi67tZEKwwuc3njkaFPBU-9ZU4c7vheZ5r9ONbpel-eAicUYCoT4v4cS3EHmrRP0Glb1chkttyrOuUwtyBM9yOzgKDKZ0ltGM8885eroOooRwO8Uc2B7WxDQd_k0cg9-KlffTBLQc0AK8Qug', '02/01/2015  12:47:47', '-70.5760801', '-33.4004051', '');
INSERT INTO `visitas` VALUES ('675', '69', '', '02/01/2015  15:43:43', ' ', '', '353922051773149');
INSERT INTO `visitas` VALUES ('676', '231', 'APA91bHwkNqEFMweIz-yskiWDPFCFcBR0o0uWZEV-v8jXLZ8eN4E0etKhtng1cTPstUNprhxPixu_fCGQa07xzevlOpS_WzTAiX16TfPpemAekRMmib8fvSW5beyTF8laGVIuA_NMU7R_EUbipf8E5eu_NlFxxqAJw', '02/01/2015  16:53:53', '-70.5756138', '-33.4004782', '351524055726487');
INSERT INTO `visitas` VALUES ('677', '230', 'APA91bHwkNqEFMweIz-yskiWDPFCFcBR0o0uWZEV-v8jXLZ8eN4E0etKhtng1cTPstUNprhxPixu_fCGQa07xzevlOpS_WzTAiX16TfPpemAekRMmib8fvSW5beyTF8laGVIuA_NMU7R_EUbipf8E5eu_NlFxxqAJw', '02/01/2015  16:53:53', '-70.5756138', '-33.4004782', '');
INSERT INTO `visitas` VALUES ('678', '231', '', '02/01/2015  18:32:32', '-70.5760315', '-33.4029033', '');
INSERT INTO `visitas` VALUES ('679', '93', 'APA91bHC7piXiZyqAonJLFtTDIQHgFehko5aUfCQ8LbmqgbkrAVwESxq_fQnjDgMU_8A9Po-fAgIwEuce6_Ec3FcgBAfXtW5Cb30SOXrKRmoKcZXQ57iJzTePv5YKlEV8Jr4x1oY8D7Im4PH19VapdVl2d8beMa7iQ', '05/01/2015  13:13:13', '-70.575657', '-33.4005131', '');
INSERT INTO `visitas` VALUES ('680', '230', '', '05/01/2015  13:46:46', '-70.576169', '-33.4004614', '');
INSERT INTO `visitas` VALUES ('681', '230', 'APA91bEZWRc4zJFl4JnyDU7NMOwEoF5EVRRKHdttdfozG_MwFwkEbhtI_7bDClqMSBOzqkHEWhUCJv0ocioJE2C303epeLEVD0me-x4QwFIuW-O0Py6Ae6xdrbNCH0dGxJYbx-a-YpN1qPx0vfjKbtI8ZSonQ4OpTg', '05/01/2015  13:46:46', '-70.5756226', '-33.4005526', '');
INSERT INTO `visitas` VALUES ('682', '231', 'APA91bFfIiaBOdaaKHbnLTSlNBZTNLjDj1RnilAcsATvJeTpApRLvbLpg1uYZzF9U8UTse2LAdgTtphcaxJ2CrXl0xQDIh6kA_YLCS8bXYQHB7dIuwkHVS8fnZEY1xUmReNxMEPuVGyPKXTgWHSIrJCCW2e5LCaSdQ', '05/01/2015  13:47:47', '-70.5710701', '-33.4029352', '');
INSERT INTO `visitas` VALUES ('683', '232', 'APA91bFfIiaBOdaaKHbnLTSlNBZTNLjDj1RnilAcsATvJeTpApRLvbLpg1uYZzF9U8UTse2LAdgTtphcaxJ2CrXl0xQDIh6kA_YLCS8bXYQHB7dIuwkHVS8fnZEY1xUmReNxMEPuVGyPKXTgWHSIrJCCW2e5LCaSdQ', '05/01/2015  17:37:37', '-70.5725044', '-33.4018839', '');
INSERT INTO `visitas` VALUES ('684', '237', 'APA91bEeZurpOPEWBLO_-K40Q97wpo2WQT4-UMGh2e4svQ5JI9-Fzp-5yAkHnbJoW5v-DxELLFlDFFI5R4au5YeB580GEtofAS9LG1zbpQafB6mDE3ashwGzg99N9bJZrVvis-O6uCMAJq2lrYTu2sZ-5gOZ5_VWZA', '05/01/2015  17:37:37', '-77.0342642', '-12.0752857', '');
INSERT INTO `visitas` VALUES ('685', '235', 'APA91bFfIiaBOdaaKHbnLTSlNBZTNLjDj1RnilAcsATvJeTpApRLvbLpg1uYZzF9U8UTse2LAdgTtphcaxJ2CrXl0xQDIh6kA_YLCS8bXYQHB7dIuwkHVS8fnZEY1xUmReNxMEPuVGyPKXTgWHSIrJCCW2e5LCaSdQ', '05/01/2015  17:38:38', '-70.5761535', '-33.4004616', '');
INSERT INTO `visitas` VALUES ('686', '248', 'APA91bHC7piXiZyqAonJLFtTDIQHgFehko5aUfCQ8LbmqgbkrAVwESxq_fQnjDgMU_8A9Po-fAgIwEuce6_Ec3FcgBAfXtW5Cb30SOXrKRmoKcZXQ57iJzTePv5YKlEV8Jr4x1oY8D7Im4PH19VapdVl2d8beMa7iQ', '05/01/2015  19:02:02', '-70.5761299', '-33.4004209', '');
INSERT INTO `visitas` VALUES ('687', '248', '', '05/01/2015  19:03:03', '-70.5633574', '-33.4060556', '');
INSERT INTO `visitas` VALUES ('688', '249', '', '05/01/2015  20:27:27', '-77.0342464', '-12.0751138', '');
INSERT INTO `visitas` VALUES ('689', '251', 'APA91bGuEa6ohaKGPJGukrsNYlrEDxT8DOoHk7CdDOeP3QoGT_mr_hJ_9JJ0Y6i7D-JSMRNA-jDvp4tRU-J6XF3cymxZq0O4Cd2lCNGshX0RMFKIApod7XHDJWPJxZRE7KHxSwBm54Xo9PttbUR-K0aD4l_ECeR6iQ', '06/01/2015  07:50:50', '-70.6610037', '-33.5360383', '');
INSERT INTO `visitas` VALUES ('690', '256', 'APA91bG2c9S52FzLTA3dZn3LeomuZ7NF8JhNevg0laNJAoBkmYmwSqSbkFnKYDOwGoH2pbOnJDP_1N8BYdkm8MViDml4o9QLIBPR7X4-YC8g4s-Jlrxo3kLIrKq6bDTIeGTeZpRzPRdARimXxGbNQOb2nNBBBQ2tdQ', '07/01/2015  14:08:08', '-70.8127677', '-33.4398155', '');
INSERT INTO `visitas` VALUES ('691', '265', 'APA91bG2c9S52FzLTA3dZn3LeomuZ7NF8JhNevg0laNJAoBkmYmwSqSbkFnKYDOwGoH2pbOnJDP_1N8BYdkm8MViDml4o9QLIBPR7X4-YC8g4s-Jlrxo3kLIrKq6bDTIeGTeZpRzPRdARimXxGbNQOb2nNBBBQ2tdQ', '07/01/2015  16:03:03', '-71.5531086', '-33.1547701', '');
INSERT INTO `visitas` VALUES ('692', '266', 'APA91bHQF75d3-fSi-sbBv3LfI8ZlNTOT0QhQA8PxkBpeybEfM_WxRzD8Q8TyQcrMKLxGVQwlVWSjoBtvmxGofSMe2pIK1lD4RdaGgcUR1gVM0xCihTDIt7dH-uebSt7n5BcNmGhht3w_OR7DNeQKI1qXtkl7P4N3A', '09/01/2015  12:04:04', '-70.5709844', '-33.6040135', '');
INSERT INTO `visitas` VALUES ('693', '267', 'APA91bGuEa6ohaKGPJGukrsNYlrEDxT8DOoHk7CdDOeP3QoGT_mr_hJ_9JJ0Y6i7D-JSMRNA-jDvp4tRU-J6XF3cymxZq0O4Cd2lCNGshX0RMFKIApod7XHDJWPJxZRE7KHxSwBm54Xo9PttbUR-K0aD4l_ECeR6iQ', '13/01/2015  16:31:31', '-70.6747761', '-33.5332797', '');
INSERT INTO `visitas` VALUES ('694', '269', 'APA91bHQF75d3-fSi-sbBv3LfI8ZlNTOT0QhQA8PxkBpeybEfM_WxRzD8Q8TyQcrMKLxGVQwlVWSjoBtvmxGofSMe2pIK1lD4RdaGgcUR1gVM0xCihTDIt7dH-uebSt7n5BcNmGhht3w_OR7DNeQKI1qXtkl7P4N3A', '15/01/2015  18:26:26', '-70.5850931', '-33.5625342', '');
INSERT INTO `visitas` VALUES ('695', '271', 'APA91bGTd8Kpd5eOOBsnvC7vC_7mzGXuuutYZUEEnCLYwq5hLcuvmldOUkicB4A0EHKC7M8u_6c0xWfug6C5ATbwT3qCtZWGfXdiFwnf1aZl4ntfMM8S9Cf9ZHkJ0zNYmDjwWW3myPDdLfoyw6xF7txcjVFePYt0ow', '15/01/2015  19:27:27', '-77.0345199', '-12.0751365', '');
INSERT INTO `visitas` VALUES ('696', '271', 'APA91bEFQtmvVl-aGcM11Bxabu0n4lZMWI2vjZXIZ0TYu0ojGeWzMwpD2CPx-QygBSiH5Zx-yaWx0b7QUgwlOOntdTEtyYAkp0dRs2z6IuJIGK3RuAV4OCpUT8JTaWQWjlLyVxcl6YLmIUyw4AX6zqDfeR-3TSzspw', '21/01/2015  14:03:03', '-77.03422667870844', '-12.074905535120413', '');
INSERT INTO `visitas` VALUES ('697', '290', 'APA91bFClzA2LAZruEE_5dzosp1L4rffP6IzKokSpE4aW_KgA2_jg_-5cko-IDme41roiUuVuhA4OmQxdbcWY8yNh_5ebI-X2iovUEcjdpUcidD75emmbmbWDv8uhnRMQt9_3k_YZuOMoMch6EEW8se5K537QBp-Dw', '21/01/2015  16:02:02', '-70.5754979', '-33.400652', '');
INSERT INTO `visitas` VALUES ('698', '270', 'APA91bGuEa6ohaKGPJGukrsNYlrEDxT8DOoHk7CdDOeP3QoGT_mr_hJ_9JJ0Y6i7D-JSMRNA-jDvp4tRU-J6XF3cymxZq0O4Cd2lCNGshX0RMFKIApod7XHDJWPJxZRE7KHxSwBm54Xo9PttbUR-K0aD4l_ECeR6iQ', '21/01/2015  16:03:03', '-70.5787078', '-33.4015432', '');
INSERT INTO `visitas` VALUES ('699', '291', 'APA91bGagPv3l9NruAzZ9LolzuvNAvd9BKrwiEvu9R-2PNNzVNNkfP_F-DtcEpBZxB2E1wf8Iwu_JTsO5Cm0cgQSejbpjKsRgEmYkgwiC1nf07_kuRbw8X7-y-kczbJzFdAPv_HxGzS0XVrgn1K1ZTWQ3hKvHNEXfQ', '22/01/2015  11:56:56', '-70.5077822', '-33.3321069', '');
INSERT INTO `visitas` VALUES ('700', '271', 'APA91bFGMz6f4tRUeVPQ-Bwq-JNmo_cKw1h7rMwpRnCdm1uPSijz8Yb00V4lFt3BTblH91oO53CNLkjjZxwzSkyA_unaA4tSyIArj6EtmKJA_jpK840KkAlRJUiiDhMH03W_xgY7pUfwals6bBj_ijX9JhH-SSrrCQ', '22/01/2015  14:30:30', '-77.0342908', '-12.0752482', '');
INSERT INTO `visitas` VALUES ('701', '271', 'APA91bEalEaPJMWDDGtPZmWxq887mTyPRVKLbqk2giDZuzegeKAlZ84hK9tpyapNFHwpcytZyMUxMp9B4rA50lkRnqRkwrynfi6wF3dsvd1CJR2jeGDZXSc3-5onjiE9BsNmrL9ZX25qBm74AbyGvAL_-8LpDcQcgQ', '26/01/2015  16:00:00', '-77.067253', '-12.0728391', '');
INSERT INTO `visitas` VALUES ('702', '326', 'APA91bF3kxcHqYpqDREOzrNNI9Lb4Bv6WbrT0fPyAXmAxO-apjPqLfb2BF1e3yg9RI6PcbgW5dVBX1ZPZifF9qWWr62INJwp5hPtkIJL34ayvN20d5FDLjs5_MD5oTm27TiZQ45QaCZFbGVR45gmAW3MjZaptnY1qP85jtzoLEespXkU07BSLVQ', '05/02/2015  12:35:35', '-77.03429218', '-12.07513193', '359288050703709');
INSERT INTO `visitas` VALUES ('703', '324', 'APA91bF3kxcHqYpqDREOzrNNI9Lb4Bv6WbrT0fPyAXmAxO-apjPqLfb2BF1e3yg9RI6PcbgW5dVBX1ZPZifF9qWWr62INJwp5hPtkIJL34ayvN20d5FDLjs5_MD5oTm27TiZQ45QaCZFbGVR45gmAW3MjZaptnY1qP85jtzoLEespXkU07BSLVQ', '05/02/2015  12:36:36', '-77.03429234', '-12.07513736', '');
INSERT INTO `visitas` VALUES ('704', '331', '', '05/02/2015  13:22:22', ' ', ' ', '');
INSERT INTO `visitas` VALUES ('705', '344', 'APA91bHlk3nNfArthWTynqGafa86n1AMlRPTOApPNPoz7-o4vq4O5PRFVgmdwDGiXwBerurBjrHGLCCgHKnH2z2ErA9m9ooLcbX2mP2l9YUVAuUUXQA1nuQKGMCmnrEyOFSdP8vxoaN0LGRESDGa6HoZaImAuJXPaZ1dn9yETxR70LodqT8FdAY', '05/02/2015  14:50:50', '-77.0344305', '-12.0751819', '');
INSERT INTO `visitas` VALUES ('706', '371', 'APA91bHlk3nNfArthWTynqGafa86n1AMlRPTOApPNPoz7-o4vq4O5PRFVgmdwDGiXwBerurBjrHGLCCgHKnH2z2ErA9m9ooLcbX2mP2l9YUVAuUUXQA1nuQKGMCmnrEyOFSdP8vxoaN0LGRESDGa6HoZaImAuJXPaZ1dn9yETxR70LodqT8FdAY', '06/02/2015  17:39:39', '-77.06765681752373', '-12.073085810147905', '');
INSERT INTO `visitas` VALUES ('707', '69', 'APA91bEfryv_CWsH7DpWYkKkmOhHOV_1mXwHvvh7spzl-YGAJo4EBGbrsSyVG9VPvUMNegGGy8m1jagrazFuB299tbZpy5PNxy44DX8NdrXp2VGzzuXPYbjZlqrbqOzf-QiDOk4Zhk7IdLSC5BulYGEK0R16an1dmJmfdzQdftkFT0zcxlUnDec', '13/02/2015  12:55:55', '-75.68910372', '-14.25181478', '');
INSERT INTO `visitas` VALUES ('708', '375', 'APA91bHlk3nNfArthWTynqGafa86n1AMlRPTOApPNPoz7-o4vq4O5PRFVgmdwDGiXwBerurBjrHGLCCgHKnH2z2ErA9m9ooLcbX2mP2l9YUVAuUUXQA1nuQKGMCmnrEyOFSdP8vxoaN0LGRESDGa6HoZaImAuJXPaZ1dn9yETxR70LodqT8FdAY', '13/02/2015  16:15:15', '-77.0672942', '-12.0729127', '');
INSERT INTO `visitas` VALUES ('709', '69', 'APA91bEQiZrYvFVeUrm4b_UluYCnZSGIeStmyWR7eQ0IA8aLvZN8kU2rnn7oR8qOaagkR_tXHf9Pf2WcXGsrI_dKB7BvDFV7FuLa89IfH5k3_1lI0YXu5DMi5nQ0UtnBRpYenimrCgH5gu2JuEV8jnF0h2LBc3ovQV0pVFUSgD4zFXFsFj36d2k', '14/02/2015  22:13:13', '-76.9203006', '-12.1965764', '');
INSERT INTO `visitas` VALUES ('710', '69', 'APA91bH4EGV7ESimFhp4YupKq1b7cKxCM5dVfcuDxk47Bayybiua_ePI0-AL56wALemGkYp8AgtXCck_uEosLGN5t8A94cqnlhtnqLS-_IV-nQ6Gq5-6iP27O-tCNsXDf18zKKF3QqCmfp1XQLVoXXCn8CJDpr8pCOd1iy3LU8hsARonQCfqMNo', '20/02/2015  02:57:57', '-72.6902711288191', '-12.870604451352019', '');
